resource,group,map_path,entry_id,bin_index,payload_offset,payload_size,codec,decoded_size,body_size,declared_to_body_ratio,inf_record_count,inf_dimensions,expected_packed_4bpp_size,decoded_matches_inf_packed_4bpp,known_decoded_target,payload_file,body_file
loc.bmp,mech_bmp_names,research/extract/maps/LOC.BMP.map.json,LOC_0001_BIN_000016,0,30,3003,2,14668,2998,4.8926,1,152x193,14668,yes,inf_packed_4bpp,research/extract/btech_bin_samples/LOC_BMP_00_codec2.payload.bin,research/extract/btech_bin_samples/LOC_BMP_00_codec2.body.bin
jen.bmp,mech_bmp_names,research/extract/maps/JEN.BMP.map.json,JEN_0001_BIN_000016,0,30,2757,2,14668,2752,5.3299,1,152x193,14668,yes,inf_packed_4bpp,research/extract/btech_bin_samples/JEN_BMP_00_codec2.payload.bin,research/extract/btech_bin_samples/JEN_BMP_00_codec2.body.bin
pho.bmp,mech_bmp_names,research/extract/maps/PHO.BMP.map.json,PHO_0001_BIN_000016,0,30,3547,2,14668,3542,4.1412,1,152x193,14668,yes,inf_packed_4bpp,research/extract/btech_bin_samples/PHO_BMP_00_codec2.payload.bin,research/extract/btech_bin_samples/PHO_BMP_00_codec2.body.bin
sha.bmp,mech_bmp_names,research/extract/maps/SHA.BMP.map.json,SHA_0001_BIN_000016,0,30,3834,2,14668,3829,3.8308,1,152x193,14668,yes,inf_packed_4bpp,research/extract/btech_bin_samples/SHA_BMP_00_codec2.payload.bin,research/extract/btech_bin_samples/SHA_BMP_00_codec2.body.bin
rif.bmp,mech_bmp_names,research/extract/maps/RIF.BMP.map.json,RIF_0001_BIN_000016,0,30,4263,2,14668,4258,3.4448,1,152x193,14668,yes,inf_packed_4bpp,research/extract/btech_bin_samples/RIF_BMP_00_codec2.payload.bin,research/extract/btech_bin_samples/RIF_BMP_00_codec2.body.bin
war.bmp,mech_bmp_names,research/extract/maps/WAR.BMP.map.json,WAR_0001_BIN_000016,0,30,3654,2,14668,3649,4.0197,1,152x193,14668,yes,inf_packed_4bpp,research/extract/btech_bin_samples/WAR_BMP_00_codec2.payload.bin,research/extract/btech_bin_samples/WAR_BMP_00_codec2.body.bin
mar.bmp,mech_bmp_names,research/extract/maps/MAR.BMP.map.json,MAR_0001_BIN_000016,0,30,3294,2,14668,3289,4.4597,1,152x193,14668,yes,inf_packed_4bpp,research/extract/btech_bin_samples/MAR_BMP_00_codec2.payload.bin,research/extract/btech_bin_samples/MAR_BMP_00_codec2.body.bin
bat.bmp,mech_bmp_names,research/extract/maps/BAT.BMP.map.json,BAT_0001_BIN_000016,0,30,4122,2,14668,4117,3.5628,1,152x193,14668,yes,inf_packed_4bpp,research/extract/btech_bin_samples/BAT_BMP_00_codec2.payload.bin,research/extract/btech_bin_samples/BAT_BMP_00_codec2.body.bin
prompt.bmp,combat_asset_names,research/extract/maps/PROMPT.BMP.map.json,PROMPT_0001_BIN_000016,0,30,264,2,1512,259,5.8378,1,112x27,1512,yes,inf_packed_4bpp,research/extract/btech_bin_samples/PROMPT_BMP_00_codec2.payload.bin,research/extract/btech_bin_samples/PROMPT_BMP_00_codec2.body.bin
point.bmp,combat_asset_names,research/extract/maps/POINT.BMP.map.json,POINT_0001_BIN_00001E,0,38,240,1,376,235,1.6000,3,16x10; 24x16; 16x13,376,yes,inf_packed_4bpp,research/extract/btech_bin_samples/POINT_BMP_00_codec1.payload.bin,research/extract/btech_bin_samples/POINT_BMP_00_codec1.body.bin
sm_mechs.bmp,combat_asset_names,research/extract/maps/SM_MECHS.BMP.map.json,SM_MECHS_0001_BIN_000036,0,62,3010,2,12348,3005,4.1092,9,56x49; 56x49; 56x49; 56x49; 56x49; 56x49; 56x49; 56x49; 56x49,12348,yes,inf_packed_4bpp,research/extract/btech_bin_samples/SM_MECHS_BMP_00_codec2.payload.bin,research/extract/btech_bin_samples/SM_MECHS_BMP_00_codec2.body.bin
struts.bmp,combat_asset_names,research/extract/maps/STRUTS.BMP.map.json,STRUTS_0001_BIN_000042,0,74,1061,2,3404,1056,3.2235,12,24x15; 24x15; 40x30; 40x30; 80x9; 16x14; 16x14; 16x14; 16x14; 32x27; 32x28; 104x3,3404,yes,inf_packed_4bpp,research/extract/btech_bin_samples/STRUTS_BMP_00_codec2.payload.bin,research/extract/btech_bin_samples/STRUTS_BMP_00_codec2.body.bin
cockpit.bmp,combat_asset_names,research/extract/maps/COCKPIT.BMP.map.json,COCKPIT_0001_BIN_000042,0,74,693,2,2232,688,3.2442,12,8x7; 8x7; 8x3; 8x3; 16x9; 16x9; 48x11; 48x15; 40x19; 48x11; 48x15; 40x19,2232,yes,inf_packed_4bpp,research/extract/btech_bin_samples/COCKPIT_BMP_00_codec2.payload.bin,research/extract/btech_bin_samples/COCKPIT_BMP_00_codec2.body.bin
hud_cyan.bmp,combat_asset_names,research/extract/maps/HUD_CYAN.BMP.map.json,HUD_CYAN_0001_BIN_000042,0,74,178,2,480,173,2.7746,12,16x5; 16x5; 16x5; 16x5; 16x5; 16x5; 16x5; 16x5; 16x5; 16x5; 16x5; 16x5,480,yes,inf_packed_4bpp,research/extract/btech_bin_samples/HUD_CYAN_BMP_00_codec2.payload.bin,research/extract/btech_bin_samples/HUD_CYAN_BMP_00_codec2.body.bin
hud_nums.bmp,combat_asset_names,research/extract/maps/HUD_NUMS.BMP.map.json,HUD_NUMS_0001_BIN_000042,0,74,178,2,480,173,2.7746,12,16x5; 16x5; 16x5; 16x5; 16x5; 16x5; 16x5; 16x5; 16x5; 16x5; 16x5; 16x5,480,yes,inf_packed_4bpp,research/extract/btech_bin_samples/HUD_NUMS_BMP_00_codec2.payload.bin,research/extract/btech_bin_samples/HUD_NUMS_BMP_00_codec2.body.bin
light.scr,scr_names,research/extract/maps/LIGHT.SCR.map.json,LIGHT_0000_BIN_000008,0,16,4687,2,32000,4682,6.8347,,,,,packed_4bpp_320x200,research/extract/btech_bin_samples/LIGHT_SCR_00_codec2.payload.bin,research/extract/btech_bin_samples/LIGHT_SCR_00_codec2.body.bin
medium.scr,scr_names,research/extract/maps/MEDIUM.SCR.map.json,MEDIUM_0000_BIN_000008,0,16,4143,2,32000,4138,7.7332,,,,,packed_4bpp_320x200,research/extract/btech_bin_samples/MEDIUM_SCR_00_codec2.payload.bin,research/extract/btech_bin_samples/MEDIUM_SCR_00_codec2.body.bin
heavy.scr,scr_names,research/extract/maps/HEAVY.SCR.map.json,HEAVY_0000_BIN_000008,0,16,3459,2,32000,3454,9.2646,,,,,packed_4bpp_320x200,research/extract/btech_bin_samples/HEAVY_SCR_00_codec2.payload.bin,research/extract/btech_bin_samples/HEAVY_SCR_00_codec2.body.bin
status.scr,status_scr_name,research/extract/maps/STATUS.SCR.map.json,STATUS_0000_BIN_000008,0,16,1577,2,32000,1572,20.3562,,,,,packed_4bpp_320x200,research/extract/btech_bin_samples/STATUS_SCR_00_codec2.payload.bin,research/extract/btech_bin_samples/STATUS_SCR_00_codec2.body.bin
