source_file,size,entry_count,entry_kinds,map_path
Original/6X6.FNT,580,0,,research/extract/maps/6X6.FNT.map.json
Original/6X6B.FNT,588,1,tagged_chunk=1,research/extract/maps/6X6B.FNT.map.json
Original/8X8B.FNT,780,1,tagged_chunk=1,research/extract/maps/8X8B.FNT.map.json
Original/ARCTIC.PAL,314,3,tagged_chunk=3,research/extract/maps/ARCTIC.PAL.map.json
Original/BAT.BMP,4152,3,tagged_chunk=3,research/extract/maps/BAT.BMP.map.json
Original/BMAPCK.TBL,34973,7,possible_offset_table=7,research/extract/maps/BMAPCK.TBL.map.json
Original/BTECH.EXE,174267,29,resource_name_string=29,research/extract/maps/BTECH.EXE.map.json
Original/BTECHSND.SND,795,3,tagged_chunk=3,research/extract/maps/BTECHSND.SND.map.json
Original/COCKPIT.BMP,767,3,tagged_chunk=3,research/extract/maps/COCKPIT.BMP.map.json
Original/DESERT.PAL,314,3,tagged_chunk=3,research/extract/maps/DESERT.PAL.map.json
Original/DIGITS.BMP,456,3,tagged_chunk=3,research/extract/maps/DIGITS.BMP.map.json
Original/DMGPAL.PAL,314,3,tagged_chunk=3,research/extract/maps/DMGPAL.PAL.map.json
Original/DOTS.BMP,127,3,tagged_chunk=3,research/extract/maps/DOTS.BMP.map.json
Original/FOX88.FNT,772,0,,research/extract/maps/FOX88.FNT.map.json
Original/HAMPCK.TBL,29960,8,possible_fixed_records=7; possible_offset_table=1,research/extract/maps/HAMPCK.TBL.map.json
Original/HEAVY.SCR,3475,2,tagged_chunk=2,research/extract/maps/HEAVY.SCR.map.json
Original/HUD_CYAN.BMP,252,3,tagged_chunk=3,research/extract/maps/HUD_CYAN.BMP.map.json
Original/HUD_NUMS.BMP,252,3,tagged_chunk=3,research/extract/maps/HUD_NUMS.BMP.map.json
Original/JEN.BMP,2787,3,tagged_chunk=3,research/extract/maps/JEN.BMP.map.json
Original/JENPCK.TBL,22866,2,possible_fixed_records=2,research/extract/maps/JENPCK.TBL.map.json
Original/LIGHT.SCR,4703,2,tagged_chunk=2,research/extract/maps/LIGHT.SCR.map.json
Original/LOC.BMP,3033,3,tagged_chunk=3,research/extract/maps/LOC.BMP.map.json
Original/LOCPCK.TBL,26627,2,possible_offset_table=2,research/extract/maps/LOCPCK.TBL.map.json
Original/MAP.SCR,3443,2,tagged_chunk=2,research/extract/maps/MAP.SCR.map.json
Original/MAR.BMP,3324,3,tagged_chunk=3,research/extract/maps/MAR.BMP.map.json
Original/MARPCK.TBL,39022,3,possible_offset_table=3,research/extract/maps/MARPCK.TBL.map.json
Original/MEDIUM.SCR,4159,2,tagged_chunk=2,research/extract/maps/MEDIUM.SCR.map.json
Original/MW.EXE,4096,2,resource_name_string=2,research/extract/maps/MW.EXE.map.json
Original/MW_1PICS.BIN,26662,5,possible_offset_table=5,research/extract/maps/MW_1PICS.BIN.map.json
Original/MW_2PICS.BIN,21348,26,possible_fixed_records=4; possible_offset_table=22,research/extract/maps/MW_2PICS.BIN.map.json
Original/MW_APICS.BIN,5013,1,possible_fixed_records=1,research/extract/maps/MW_APICS.BIN.map.json
Original/MW_CPICS.BIN,30097,4,possible_offset_table=4,research/extract/maps/MW_CPICS.BIN.map.json
Original/MW_CPICS.EXE,3566,37,resource_name_string=37,research/extract/maps/MW_CPICS.EXE.map.json
Original/MW_EGA.EXE,5599,5,resource_name_string=5,research/extract/maps/MW_EGA.EXE.map.json
Original/MW_FPICS.BIN,13644,7,possible_fixed_records=4; possible_offset_table=3,research/extract/maps/MW_FPICS.BIN.map.json
Original/MW_GPICS.BIN,18846,8,possible_fixed_records=2; possible_offset_table=6,research/extract/maps/MW_GPICS.BIN.map.json
Original/MW_MAIN.EXE,137871,18,resource_name_string=18,research/extract/maps/MW_MAIN.EXE.map.json
Original/MW_PICS.BIN,328171,57,possible_offset_table=57,research/extract/maps/MW_PICS.BIN.map.json
Original/MW_TANDY.EXE,5009,5,resource_name_string=5,research/extract/maps/MW_TANDY.EXE.map.json
Original/MW_TPICS.BIN,32593,6,possible_offset_table=6,research/extract/maps/MW_TPICS.BIN.map.json
Original/OTHPCK.TBL,2182,0,,research/extract/maps/OTHPCK.TBL.map.json
Original/PHAPCK.TBL,24673,1,possible_offset_table=1,research/extract/maps/PHAPCK.TBL.map.json
Original/PHO.BMP,3577,3,tagged_chunk=3,research/extract/maps/PHO.BMP.map.json
Original/POINT.BMP,278,3,tagged_chunk=3,research/extract/maps/POINT.BMP.map.json
Original/PROMPT.BMP,294,3,tagged_chunk=3,research/extract/maps/PROMPT.BMP.map.json
Original/RIF.BMP,4293,3,tagged_chunk=3,research/extract/maps/RIF.BMP.map.json
Original/RIFPCK.TBL,32775,4,possible_fixed_records=1; possible_offset_table=3,research/extract/maps/RIFPCK.TBL.map.json
Original/SHA.BMP,3864,3,tagged_chunk=3,research/extract/maps/SHA.BMP.map.json
Original/SHAPCK.TBL,40544,12,possible_fixed_records=7; possible_offset_table=5,research/extract/maps/SHAPCK.TBL.map.json
Original/SM_MECHS.BMP,3072,3,tagged_chunk=3,research/extract/maps/SM_MECHS.BMP.map.json
Original/SNARIO.DAT,3648,29,possible_fixed_records=10; possible_offset_table=19,research/extract/maps/SNARIO.DAT.map.json
Original/STATUS.SCR,1593,2,tagged_chunk=2,research/extract/maps/STATUS.SCR.map.json
Original/STRUTS.BMP,1135,3,tagged_chunk=3,research/extract/maps/STRUTS.BMP.map.json
Original/TERPCK.GI,15036,7,possible_fixed_records=7,research/extract/maps/TERPCK.GI.map.json
Original/TERPCK.TBL,8293,0,,research/extract/maps/TERPCK.TBL.map.json
Original/TILE0.GRD,4089,1,possible_fixed_records=1,research/extract/maps/TILE0.GRD.map.json
Original/TILE0.WLD,42,4,possible_fixed_records=4,research/extract/maps/TILE0.WLD.map.json
Original/TILE0B.GRD,4089,1,possible_fixed_records=1,research/extract/maps/TILE0B.GRD.map.json
Original/TILE0B.WLD,14,1,possible_fixed_records=1,research/extract/maps/TILE0B.WLD.map.json
Original/TILE1.GRD,4089,1,possible_fixed_records=1,research/extract/maps/TILE1.GRD.map.json
Original/TILE1.WLD,56,5,possible_fixed_records=5,research/extract/maps/TILE1.WLD.map.json
Original/TILE10.GRD,4089,1,possible_fixed_records=1,research/extract/maps/TILE10.GRD.map.json
Original/TILE10.WLD,56,5,possible_fixed_records=5,research/extract/maps/TILE10.WLD.map.json
Original/TILE10B.GRD,4089,1,possible_fixed_records=1,research/extract/maps/TILE10B.GRD.map.json
Original/TILE10B.WLD,28,3,possible_fixed_records=3,research/extract/maps/TILE10B.WLD.map.json
Original/TILE11.GRD,4089,1,possible_fixed_records=1,research/extract/maps/TILE11.GRD.map.json
Original/TILE11.WLD,70,3,possible_fixed_records=3,research/extract/maps/TILE11.WLD.map.json
Original/TILE11B.GRD,4089,1,possible_fixed_records=1,research/extract/maps/TILE11B.GRD.map.json
Original/TILE11B.WLD,42,4,possible_fixed_records=4,research/extract/maps/TILE11B.WLD.map.json
Original/TILE12.GRD,4089,1,possible_fixed_records=1,research/extract/maps/TILE12.GRD.map.json
Original/TILE12.WLD,42,4,possible_fixed_records=4,research/extract/maps/TILE12.WLD.map.json
Original/TILE12B.GRD,4089,1,possible_fixed_records=1,research/extract/maps/TILE12B.GRD.map.json
Original/TILE12B.WLD,28,3,possible_fixed_records=3,research/extract/maps/TILE12B.WLD.map.json
Original/TILE13.GRD,4089,1,possible_fixed_records=1,research/extract/maps/TILE13.GRD.map.json
Original/TILE13.WLD,70,3,possible_fixed_records=3,research/extract/maps/TILE13.WLD.map.json
Original/TILE13B.GRD,4089,1,possible_fixed_records=1,research/extract/maps/TILE13B.GRD.map.json
Original/TILE13B.WLD,42,4,possible_fixed_records=4,research/extract/maps/TILE13B.WLD.map.json
Original/TILE14.GRD,4089,1,possible_fixed_records=1,research/extract/maps/TILE14.GRD.map.json
Original/TILE14.WLD,42,4,possible_fixed_records=4,research/extract/maps/TILE14.WLD.map.json
Original/TILE14B.GRD,4089,1,possible_fixed_records=1,research/extract/maps/TILE14B.GRD.map.json
Original/TILE14B.WLD,28,3,possible_fixed_records=3,research/extract/maps/TILE14B.WLD.map.json
Original/TILE15.GRD,4089,1,possible_fixed_records=1,research/extract/maps/TILE15.GRD.map.json
Original/TILE15.WLD,42,4,possible_fixed_records=4,research/extract/maps/TILE15.WLD.map.json
Original/TILE15B.GRD,4089,1,possible_fixed_records=1,research/extract/maps/TILE15B.GRD.map.json
Original/TILE15B.WLD,14,1,possible_fixed_records=1,research/extract/maps/TILE15B.WLD.map.json
Original/TILE1B.GRD,4089,1,possible_fixed_records=1,research/extract/maps/TILE1B.GRD.map.json
Original/TILE1B.WLD,28,3,possible_fixed_records=3,research/extract/maps/TILE1B.WLD.map.json
Original/TILE2.GRD,4089,1,possible_fixed_records=1,research/extract/maps/TILE2.GRD.map.json
Original/TILE2.WLD,42,4,possible_fixed_records=4,research/extract/maps/TILE2.WLD.map.json
Original/TILE2B.GRD,4089,1,possible_fixed_records=1,research/extract/maps/TILE2B.GRD.map.json
Original/TILE2B.WLD,14,1,possible_fixed_records=1,research/extract/maps/TILE2B.WLD.map.json
Original/TILE3.GRD,4089,1,possible_fixed_records=1,research/extract/maps/TILE3.GRD.map.json
Original/TILE3.WLD,42,4,possible_fixed_records=4,research/extract/maps/TILE3.WLD.map.json
Original/TILE3B.GRD,4089,1,possible_fixed_records=1,research/extract/maps/TILE3B.GRD.map.json
Original/TILE3B.WLD,14,1,possible_fixed_records=1,research/extract/maps/TILE3B.WLD.map.json
Original/TILE4.GRD,4089,1,possible_fixed_records=1,research/extract/maps/TILE4.GRD.map.json
Original/TILE4.WLD,56,5,possible_fixed_records=5,research/extract/maps/TILE4.WLD.map.json
Original/TILE4B.GRD,4089,1,possible_fixed_records=1,research/extract/maps/TILE4B.GRD.map.json
Original/TILE4B.WLD,14,1,possible_fixed_records=1,research/extract/maps/TILE4B.WLD.map.json
Original/TILE5.GRD,4089,1,possible_fixed_records=1,research/extract/maps/TILE5.GRD.map.json
Original/TILE5.WLD,42,4,possible_fixed_records=4,research/extract/maps/TILE5.WLD.map.json
Original/TILE5B.GRD,4089,1,possible_fixed_records=1,research/extract/maps/TILE5B.GRD.map.json
Original/TILE5B.WLD,14,1,possible_fixed_records=1,research/extract/maps/TILE5B.WLD.map.json
Original/TILE6.GRD,4089,1,possible_fixed_records=1,research/extract/maps/TILE6.GRD.map.json
Original/TILE6.WLD,56,5,possible_fixed_records=5,research/extract/maps/TILE6.WLD.map.json
Original/TILE6B.GRD,4089,1,possible_fixed_records=1,research/extract/maps/TILE6B.GRD.map.json
Original/TILE6B.WLD,14,1,possible_fixed_records=1,research/extract/maps/TILE6B.WLD.map.json
Original/TILE7.GRD,4089,1,possible_fixed_records=1,research/extract/maps/TILE7.GRD.map.json
Original/TILE7.WLD,56,5,possible_fixed_records=5,research/extract/maps/TILE7.WLD.map.json
Original/TILE7B.GRD,4089,1,possible_fixed_records=1,research/extract/maps/TILE7B.GRD.map.json
Original/TILE7B.WLD,28,3,possible_fixed_records=3,research/extract/maps/TILE7B.WLD.map.json
Original/TILE8.GRD,4089,1,possible_fixed_records=1,research/extract/maps/TILE8.GRD.map.json
Original/TILE8.WLD,56,5,possible_fixed_records=5,research/extract/maps/TILE8.WLD.map.json
Original/TILE8B.GRD,4089,1,possible_fixed_records=1,research/extract/maps/TILE8B.GRD.map.json
Original/TILE8B.WLD,28,3,possible_fixed_records=3,research/extract/maps/TILE8B.WLD.map.json
Original/TILE9.GRD,4089,1,possible_fixed_records=1,research/extract/maps/TILE9.GRD.map.json
Original/TILE9.WLD,56,5,possible_fixed_records=5,research/extract/maps/TILE9.WLD.map.json
Original/TILE9B.GRD,4089,1,possible_fixed_records=1,research/extract/maps/TILE9B.GRD.map.json
Original/TILE9B.WLD,28,3,possible_fixed_records=3,research/extract/maps/TILE9B.WLD.map.json
Original/TROPIC.PAL,314,3,tagged_chunk=3,research/extract/maps/TROPIC.PAL.map.json
Original/WAR.BMP,3684,3,tagged_chunk=3,research/extract/maps/WAR.BMP.map.json
