source_file,entry_index,offset_hex,offset_dec,declared_size,end_offset_hex,status,role,width,height,row_stride_bytes,trailing_size,trailing_hex,sha256,map_json
Original/MW_1PICS.BIN,0,0x0000012C,300,48,0x0000015C,active,palette_rgb_16_dac6,,,,,,9b37f840db54aa616a350db4d08999badd7049aa764768c24eced8eaef51d204,research/extract/decoded_pics_bin/MW_1PICS.BIN.map.json
Original/MW_1PICS.BIN,1,0x0000015C,348,32009,0x00007E65,active,image_4bpp_packed,320,200,160,5,AC05A41E83,d57cefafbe3e821b4518679043fad344beaf271d37e12dec46c8ab0d6958aea6,research/extract/decoded_pics_bin/MW_1PICS.BIN.map.json
Original/MW_1PICS.BIN,2,0x00007E65,32357,32009,0x0000FB6E,active,image_4bpp_packed,320,200,160,5,AC05A41E83,950e1a4f9aee76f50b083f1b59438883ad46dea20ca36c0d9371dc87180592b7,research/extract/decoded_pics_bin/MW_1PICS.BIN.map.json
Original/MW_1PICS.BIN,3,0x00000000,0,0,,empty,,,,,,,,research/extract/decoded_pics_bin/MW_1PICS.BIN.map.json
Original/MW_1PICS.BIN,4,0x00000000,0,0,,empty,,,,,,,,research/extract/decoded_pics_bin/MW_1PICS.BIN.map.json
Original/MW_1PICS.BIN,5,0x00000000,0,0,,empty,,,,,,,,research/extract/decoded_pics_bin/MW_1PICS.BIN.map.json
Original/MW_1PICS.BIN,6,0x00000000,0,0,,empty,,,,,,,,research/extract/decoded_pics_bin/MW_1PICS.BIN.map.json
Original/MW_1PICS.BIN,7,0x00000000,0,0,,empty,,,,,,,,research/extract/decoded_pics_bin/MW_1PICS.BIN.map.json
Original/MW_1PICS.BIN,8,0x00000000,0,0,,empty,,,,,,,,research/extract/decoded_pics_bin/MW_1PICS.BIN.map.json
Original/MW_1PICS.BIN,9,0x00000000,0,0,,empty,,,,,,,,research/extract/decoded_pics_bin/MW_1PICS.BIN.map.json
Original/MW_1PICS.BIN,10,0x00000000,0,0,,empty,,,,,,,,research/extract/decoded_pics_bin/MW_1PICS.BIN.map.json
Original/MW_1PICS.BIN,11,0x00000000,0,0,,empty,,,,,,,,research/extract/decoded_pics_bin/MW_1PICS.BIN.map.json
Original/MW_1PICS.BIN,12,0x00000000,0,0,,empty,,,,,,,,research/extract/decoded_pics_bin/MW_1PICS.BIN.map.json
Original/MW_1PICS.BIN,13,0x00000000,0,0,,empty,,,,,,,,research/extract/decoded_pics_bin/MW_1PICS.BIN.map.json
Original/MW_1PICS.BIN,14,0x00000000,0,0,,empty,,,,,,,,research/extract/decoded_pics_bin/MW_1PICS.BIN.map.json
Original/MW_1PICS.BIN,15,0x00000000,0,0,,empty,,,,,,,,research/extract/decoded_pics_bin/MW_1PICS.BIN.map.json
Original/MW_1PICS.BIN,16,0x00000000,0,0,,empty,,,,,,,,research/extract/decoded_pics_bin/MW_1PICS.BIN.map.json
Original/MW_1PICS.BIN,17,0x00000000,0,0,,empty,,,,,,,,research/extract/decoded_pics_bin/MW_1PICS.BIN.map.json
Original/MW_1PICS.BIN,18,0x00000000,0,0,,empty,,,,,,,,research/extract/decoded_pics_bin/MW_1PICS.BIN.map.json
Original/MW_1PICS.BIN,19,0x00000000,0,0,,empty,,,,,,,,research/extract/decoded_pics_bin/MW_1PICS.BIN.map.json
Original/MW_1PICS.BIN,20,0x00000000,0,0,,empty,,,,,,,,research/extract/decoded_pics_bin/MW_1PICS.BIN.map.json
Original/MW_1PICS.BIN,21,0x00000000,0,0,,empty,,,,,,,,research/extract/decoded_pics_bin/MW_1PICS.BIN.map.json
Original/MW_1PICS.BIN,22,0x00000000,0,0,,empty,,,,,,,,research/extract/decoded_pics_bin/MW_1PICS.BIN.map.json
Original/MW_1PICS.BIN,23,0x00000000,0,0,,empty,,,,,,,,research/extract/decoded_pics_bin/MW_1PICS.BIN.map.json
Original/MW_1PICS.BIN,24,0x00000000,0,0,,empty,,,,,,,,research/extract/decoded_pics_bin/MW_1PICS.BIN.map.json
Original/MW_1PICS.BIN,25,0x00000000,0,0,,empty,,,,,,,,research/extract/decoded_pics_bin/MW_1PICS.BIN.map.json
Original/MW_1PICS.BIN,26,0x00000000,0,0,,empty,,,,,,,,research/extract/decoded_pics_bin/MW_1PICS.BIN.map.json
Original/MW_1PICS.BIN,27,0x00000000,0,0,,empty,,,,,,,,research/extract/decoded_pics_bin/MW_1PICS.BIN.map.json
Original/MW_1PICS.BIN,28,0x00000000,0,0,,empty,,,,,,,,research/extract/decoded_pics_bin/MW_1PICS.BIN.map.json
Original/MW_1PICS.BIN,29,0x00000000,0,0,,empty,,,,,,,,research/extract/decoded_pics_bin/MW_1PICS.BIN.map.json
Original/MW_1PICS.BIN,30,0x00000000,0,0,,empty,,,,,,,,research/extract/decoded_pics_bin/MW_1PICS.BIN.map.json
Original/MW_1PICS.BIN,31,0x00000000,0,0,,empty,,,,,,,,research/extract/decoded_pics_bin/MW_1PICS.BIN.map.json
Original/MW_1PICS.BIN,32,0x00000000,0,0,,empty,,,,,,,,research/extract/decoded_pics_bin/MW_1PICS.BIN.map.json
Original/MW_1PICS.BIN,33,0x00000000,0,0,,empty,,,,,,,,research/extract/decoded_pics_bin/MW_1PICS.BIN.map.json
Original/MW_1PICS.BIN,34,0x00000000,0,0,,empty,,,,,,,,research/extract/decoded_pics_bin/MW_1PICS.BIN.map.json
Original/MW_1PICS.BIN,35,0x00000000,0,0,,empty,,,,,,,,research/extract/decoded_pics_bin/MW_1PICS.BIN.map.json
Original/MW_1PICS.BIN,36,0x00000000,0,0,,empty,,,,,,,,research/extract/decoded_pics_bin/MW_1PICS.BIN.map.json
Original/MW_1PICS.BIN,37,0x00000000,0,0,,empty,,,,,,,,research/extract/decoded_pics_bin/MW_1PICS.BIN.map.json
Original/MW_1PICS.BIN,38,0x00000000,0,0,,empty,,,,,,,,research/extract/decoded_pics_bin/MW_1PICS.BIN.map.json
Original/MW_1PICS.BIN,39,0x00000000,0,0,,empty,,,,,,,,research/extract/decoded_pics_bin/MW_1PICS.BIN.map.json
Original/MW_1PICS.BIN,40,0x00000000,0,0,,empty,,,,,,,,research/extract/decoded_pics_bin/MW_1PICS.BIN.map.json
Original/MW_1PICS.BIN,41,0x00000000,0,0,,empty,,,,,,,,research/extract/decoded_pics_bin/MW_1PICS.BIN.map.json
Original/MW_1PICS.BIN,42,0x00000000,0,0,,empty,,,,,,,,research/extract/decoded_pics_bin/MW_1PICS.BIN.map.json
Original/MW_1PICS.BIN,43,0x00000000,0,0,,empty,,,,,,,,research/extract/decoded_pics_bin/MW_1PICS.BIN.map.json
Original/MW_1PICS.BIN,44,0x00000000,0,0,,empty,,,,,,,,research/extract/decoded_pics_bin/MW_1PICS.BIN.map.json
Original/MW_1PICS.BIN,45,0x00000000,0,0,,empty,,,,,,,,research/extract/decoded_pics_bin/MW_1PICS.BIN.map.json
Original/MW_1PICS.BIN,46,0x00000000,0,0,,empty,,,,,,,,research/extract/decoded_pics_bin/MW_1PICS.BIN.map.json
Original/MW_1PICS.BIN,47,0x00000000,0,0,,empty,,,,,,,,research/extract/decoded_pics_bin/MW_1PICS.BIN.map.json
Original/MW_1PICS.BIN,48,0x00000000,0,0,,empty,,,,,,,,research/extract/decoded_pics_bin/MW_1PICS.BIN.map.json
Original/MW_1PICS.BIN,49,0x00000000,0,0,,empty,,,,,,,,research/extract/decoded_pics_bin/MW_1PICS.BIN.map.json
Original/MW_2PICS.BIN,0,0x00000078,120,48,0x000000A8,active,palette_rgb_16_dac6,,,,,,9b37f840db54aa616a350db4d08999badd7049aa764768c24eced8eaef51d204,research/extract/decoded_pics_bin/MW_2PICS.BIN.map.json
Original/MW_2PICS.BIN,1,0x000000A8,168,5983,0x00001807,active,image_4bpp_packed,206,58,103,5,75CBEB178B,84fe0cc8f56849114c2f6235354a52af327f832687c9788d7fa4dc0074dda389,research/extract/decoded_pics_bin/MW_2PICS.BIN.map.json
Original/MW_2PICS.BIN,2,0x00001807,6151,5983,0x00002F66,active,image_4bpp_packed,206,58,103,5,75CBEB178B,dfa720a6037573417a44a617d478440e9cde462fd25a9c7e9aad0c0320ff8c21,research/extract/decoded_pics_bin/MW_2PICS.BIN.map.json
Original/MW_2PICS.BIN,3,0x00002F66,12134,5983,0x000046C5,active,image_4bpp_packed,206,58,103,5,75CBEB178B,9b6d595e8d86cc8cc3fbda690bd73b35300b5eb93e001b38bc58b41234945da7,research/extract/decoded_pics_bin/MW_2PICS.BIN.map.json
Original/MW_2PICS.BIN,4,0x000046C5,18117,5983,0x00005E24,active,image_4bpp_packed,206,58,103,5,75CBEB178B,45acb43d2f57ef3435431a83f026276c733902ea17b7933461fe5e8a869df714,research/extract/decoded_pics_bin/MW_2PICS.BIN.map.json
Original/MW_2PICS.BIN,5,0x00005E24,24100,5983,0x00007583,active,image_4bpp_packed,206,58,103,5,75CBEB178B,15c69f9152b1228b8cef2b5fea326da27454d0f812d831c919d67b1746c07aed,research/extract/decoded_pics_bin/MW_2PICS.BIN.map.json
Original/MW_2PICS.BIN,6,0x00007583,30083,5983,0x00008CE2,active,image_4bpp_packed,206,58,103,5,75CBEB178B,5507134602d440921917da9c0a1d1eebc943da2c871dc13366be03eb962ee2c1,research/extract/decoded_pics_bin/MW_2PICS.BIN.map.json
Original/MW_2PICS.BIN,7,0x00000000,0,0,,empty,,,,,,,,research/extract/decoded_pics_bin/MW_2PICS.BIN.map.json
Original/MW_2PICS.BIN,8,0x00000000,0,0,,empty,,,,,,,,research/extract/decoded_pics_bin/MW_2PICS.BIN.map.json
Original/MW_2PICS.BIN,9,0x00000000,0,0,,empty,,,,,,,,research/extract/decoded_pics_bin/MW_2PICS.BIN.map.json
Original/MW_2PICS.BIN,10,0x00000000,0,0,,empty,,,,,,,,research/extract/decoded_pics_bin/MW_2PICS.BIN.map.json
Original/MW_2PICS.BIN,11,0x00000000,0,0,,empty,,,,,,,,research/extract/decoded_pics_bin/MW_2PICS.BIN.map.json
Original/MW_2PICS.BIN,12,0x00000000,0,0,,empty,,,,,,,,research/extract/decoded_pics_bin/MW_2PICS.BIN.map.json
Original/MW_2PICS.BIN,13,0x00000000,0,0,,empty,,,,,,,,research/extract/decoded_pics_bin/MW_2PICS.BIN.map.json
Original/MW_2PICS.BIN,14,0x00000000,0,0,,empty,,,,,,,,research/extract/decoded_pics_bin/MW_2PICS.BIN.map.json
Original/MW_2PICS.BIN,15,0x00000000,0,0,,empty,,,,,,,,research/extract/decoded_pics_bin/MW_2PICS.BIN.map.json
Original/MW_2PICS.BIN,16,0x00000000,0,0,,empty,,,,,,,,research/extract/decoded_pics_bin/MW_2PICS.BIN.map.json
Original/MW_2PICS.BIN,17,0x00000000,0,0,,empty,,,,,,,,research/extract/decoded_pics_bin/MW_2PICS.BIN.map.json
Original/MW_2PICS.BIN,18,0x00000000,0,0,,empty,,,,,,,,research/extract/decoded_pics_bin/MW_2PICS.BIN.map.json
Original/MW_2PICS.BIN,19,0x00000000,0,0,,empty,,,,,,,,research/extract/decoded_pics_bin/MW_2PICS.BIN.map.json
Original/MW_APICS.BIN,0,0x0000012C,300,48,0x0000015C,active,palette_rgb_16_dac6,,,,,,9b37f840db54aa616a350db4d08999badd7049aa764768c24eced8eaef51d204,research/extract/decoded_pics_bin/MW_APICS.BIN.map.json
Original/MW_APICS.BIN,1,0x0000015C,348,13880,0x00003794,active,image_4bpp_packed,286,97,143,5,00222C0000,5eab49a0d664462c87b93d8d2d2f46eb96c64ebff140322395aaa3ff0d5f1e2d,research/extract/decoded_pics_bin/MW_APICS.BIN.map.json
Original/MW_APICS.BIN,2,0x00000000,0,0,,empty,,,,,,,,research/extract/decoded_pics_bin/MW_APICS.BIN.map.json
Original/MW_APICS.BIN,3,0x00000000,0,0,,empty,,,,,,,,research/extract/decoded_pics_bin/MW_APICS.BIN.map.json
Original/MW_APICS.BIN,4,0x00000000,0,0,,empty,,,,,,,,research/extract/decoded_pics_bin/MW_APICS.BIN.map.json
Original/MW_APICS.BIN,5,0x00000000,0,0,,empty,,,,,,,,research/extract/decoded_pics_bin/MW_APICS.BIN.map.json
Original/MW_APICS.BIN,6,0x00000000,0,0,,empty,,,,,,,,research/extract/decoded_pics_bin/MW_APICS.BIN.map.json
Original/MW_APICS.BIN,7,0x00000000,0,0,,empty,,,,,,,,research/extract/decoded_pics_bin/MW_APICS.BIN.map.json
Original/MW_APICS.BIN,8,0x00000000,0,0,,empty,,,,,,,,research/extract/decoded_pics_bin/MW_APICS.BIN.map.json
Original/MW_APICS.BIN,9,0x00000000,0,0,,empty,,,,,,,,research/extract/decoded_pics_bin/MW_APICS.BIN.map.json
Original/MW_APICS.BIN,10,0x00000000,0,0,,empty,,,,,,,,research/extract/decoded_pics_bin/MW_APICS.BIN.map.json
Original/MW_APICS.BIN,11,0x00000000,0,0,,empty,,,,,,,,research/extract/decoded_pics_bin/MW_APICS.BIN.map.json
Original/MW_APICS.BIN,12,0x00000000,0,0,,empty,,,,,,,,research/extract/decoded_pics_bin/MW_APICS.BIN.map.json
Original/MW_APICS.BIN,13,0x00000000,0,0,,empty,,,,,,,,research/extract/decoded_pics_bin/MW_APICS.BIN.map.json
Original/MW_APICS.BIN,14,0x00000000,0,0,,empty,,,,,,,,research/extract/decoded_pics_bin/MW_APICS.BIN.map.json
Original/MW_APICS.BIN,15,0x00000000,0,0,,empty,,,,,,,,research/extract/decoded_pics_bin/MW_APICS.BIN.map.json
Original/MW_APICS.BIN,16,0x00000000,0,0,,empty,,,,,,,,research/extract/decoded_pics_bin/MW_APICS.BIN.map.json
Original/MW_APICS.BIN,17,0x00000000,0,0,,empty,,,,,,,,research/extract/decoded_pics_bin/MW_APICS.BIN.map.json
Original/MW_APICS.BIN,18,0x00000000,0,0,,empty,,,,,,,,research/extract/decoded_pics_bin/MW_APICS.BIN.map.json
Original/MW_APICS.BIN,19,0x00000000,0,0,,empty,,,,,,,,research/extract/decoded_pics_bin/MW_APICS.BIN.map.json
Original/MW_APICS.BIN,20,0x00000000,0,0,,empty,,,,,,,,research/extract/decoded_pics_bin/MW_APICS.BIN.map.json
Original/MW_APICS.BIN,21,0x00000000,0,0,,empty,,,,,,,,research/extract/decoded_pics_bin/MW_APICS.BIN.map.json
Original/MW_APICS.BIN,22,0x00000000,0,0,,empty,,,,,,,,research/extract/decoded_pics_bin/MW_APICS.BIN.map.json
Original/MW_APICS.BIN,23,0x00000000,0,0,,empty,,,,,,,,research/extract/decoded_pics_bin/MW_APICS.BIN.map.json
Original/MW_APICS.BIN,24,0x00000000,0,0,,empty,,,,,,,,research/extract/decoded_pics_bin/MW_APICS.BIN.map.json
Original/MW_APICS.BIN,25,0x00000000,0,0,,empty,,,,,,,,research/extract/decoded_pics_bin/MW_APICS.BIN.map.json
Original/MW_APICS.BIN,26,0x00000000,0,0,,empty,,,,,,,,research/extract/decoded_pics_bin/MW_APICS.BIN.map.json
Original/MW_APICS.BIN,27,0x00000000,0,0,,empty,,,,,,,,research/extract/decoded_pics_bin/MW_APICS.BIN.map.json
Original/MW_APICS.BIN,28,0x00000000,0,0,,empty,,,,,,,,research/extract/decoded_pics_bin/MW_APICS.BIN.map.json
Original/MW_APICS.BIN,29,0x00000000,0,0,,empty,,,,,,,,research/extract/decoded_pics_bin/MW_APICS.BIN.map.json
Original/MW_APICS.BIN,30,0x00000000,0,0,,empty,,,,,,,,research/extract/decoded_pics_bin/MW_APICS.BIN.map.json
Original/MW_APICS.BIN,31,0x00000000,0,0,,empty,,,,,,,,research/extract/decoded_pics_bin/MW_APICS.BIN.map.json
Original/MW_APICS.BIN,32,0x00000000,0,0,,empty,,,,,,,,research/extract/decoded_pics_bin/MW_APICS.BIN.map.json
Original/MW_APICS.BIN,33,0x00000000,0,0,,empty,,,,,,,,research/extract/decoded_pics_bin/MW_APICS.BIN.map.json
Original/MW_APICS.BIN,34,0x00000000,0,0,,empty,,,,,,,,research/extract/decoded_pics_bin/MW_APICS.BIN.map.json
Original/MW_APICS.BIN,35,0x00000000,0,0,,empty,,,,,,,,research/extract/decoded_pics_bin/MW_APICS.BIN.map.json
Original/MW_APICS.BIN,36,0x00000000,0,0,,empty,,,,,,,,research/extract/decoded_pics_bin/MW_APICS.BIN.map.json
Original/MW_APICS.BIN,37,0x00000000,0,0,,empty,,,,,,,,research/extract/decoded_pics_bin/MW_APICS.BIN.map.json
Original/MW_APICS.BIN,38,0x00000000,0,0,,empty,,,,,,,,research/extract/decoded_pics_bin/MW_APICS.BIN.map.json
Original/MW_APICS.BIN,39,0x00000000,0,0,,empty,,,,,,,,research/extract/decoded_pics_bin/MW_APICS.BIN.map.json
Original/MW_APICS.BIN,40,0x00000000,0,0,,empty,,,,,,,,research/extract/decoded_pics_bin/MW_APICS.BIN.map.json
Original/MW_APICS.BIN,41,0x00000000,0,0,,empty,,,,,,,,research/extract/decoded_pics_bin/MW_APICS.BIN.map.json
Original/MW_APICS.BIN,42,0x00000000,0,0,,empty,,,,,,,,research/extract/decoded_pics_bin/MW_APICS.BIN.map.json
Original/MW_APICS.BIN,43,0x00000000,0,0,,empty,,,,,,,,research/extract/decoded_pics_bin/MW_APICS.BIN.map.json
Original/MW_APICS.BIN,44,0x00000000,0,0,,empty,,,,,,,,research/extract/decoded_pics_bin/MW_APICS.BIN.map.json
Original/MW_APICS.BIN,45,0x00000000,0,0,,empty,,,,,,,,research/extract/decoded_pics_bin/MW_APICS.BIN.map.json
Original/MW_APICS.BIN,46,0x00000000,0,0,,empty,,,,,,,,research/extract/decoded_pics_bin/MW_APICS.BIN.map.json
Original/MW_APICS.BIN,47,0x00000000,0,0,,empty,,,,,,,,research/extract/decoded_pics_bin/MW_APICS.BIN.map.json
Original/MW_APICS.BIN,48,0x00000000,0,0,,empty,,,,,,,,research/extract/decoded_pics_bin/MW_APICS.BIN.map.json
Original/MW_APICS.BIN,49,0x00000000,0,0,,empty,,,,,,,,research/extract/decoded_pics_bin/MW_APICS.BIN.map.json
Original/MW_CPICS.BIN,0,0x0000012C,300,48,0x0000015C,active,palette_rgb_16_dac6,,,,,,9b37f840db54aa616a350db4d08999badd7049aa764768c24eced8eaef51d204,research/extract/decoded_pics_bin/MW_CPICS.BIN.map.json
Original/MW_CPICS.BIN,1,0x0000015C,348,2321,0x00000A6D,active,image_4bpp_packed,68,68,34,5,46FA8B46FA,fc1b035fd04cf1f90e3bcc31ecbda49d1440dda4adbe749e02d85b5b196b9700,research/extract/decoded_pics_bin/MW_CPICS.BIN.map.json
Original/MW_CPICS.BIN,2,0x00000A6D,2669,2321,0x0000137E,active,image_4bpp_packed,68,68,34,5,46FA8B46FA,df0e95ded004b357532761f9c818881224c32471b1ba2c502d95225db8caccaa,research/extract/decoded_pics_bin/MW_CPICS.BIN.map.json
Original/MW_CPICS.BIN,3,0x0000137E,4990,2321,0x00001C8F,active,image_4bpp_packed,68,68,34,5,46FA8B46FA,bbd96b377d264a07d3f1e306282a52392d01818dc2a8543aff4955aa1c4496be,research/extract/decoded_pics_bin/MW_CPICS.BIN.map.json
Original/MW_CPICS.BIN,4,0x00001C8F,7311,2321,0x000025A0,active,image_4bpp_packed,68,68,34,5,46FA8B46FA,38381d44b6702851fbcccc78f0348a054faeda7ca1dd8a3d9696ffff4e682ca1,research/extract/decoded_pics_bin/MW_CPICS.BIN.map.json
Original/MW_CPICS.BIN,5,0x000025A0,9632,2321,0x00002EB1,active,image_4bpp_packed,68,68,34,5,46FA8B46FA,0b62282e6f329c013ea2a37eb05ea039a1d63b54f669a87f9b1916b657a6dfd1,research/extract/decoded_pics_bin/MW_CPICS.BIN.map.json
Original/MW_CPICS.BIN,6,0x00002EB1,11953,2321,0x000037C2,active,image_4bpp_packed,68,68,34,5,46FA8B46FA,6fb7e1b42ddfae2612e38d2addd44d6c57f36eb45d314ee3bda58f0e7a56a8f5,research/extract/decoded_pics_bin/MW_CPICS.BIN.map.json
Original/MW_CPICS.BIN,7,0x000037C2,14274,2321,0x000040D3,active,image_4bpp_packed,68,68,34,5,46FA8B46FA,0a8b4cb3545cedb5addbd57f3a9178f27eca6eee96b1002c3186385be75a7a85,research/extract/decoded_pics_bin/MW_CPICS.BIN.map.json
Original/MW_CPICS.BIN,8,0x000040D3,16595,2321,0x000049E4,active,image_4bpp_packed,68,68,34,5,46FA8B46FA,9b7cc698a0e1976ba25bf075c5148c7c3a6dd20257474a176dae12b75153e25c,research/extract/decoded_pics_bin/MW_CPICS.BIN.map.json
Original/MW_CPICS.BIN,9,0x000049E4,18916,2321,0x000052F5,active,image_4bpp_packed,68,68,34,5,46FA8B46FA,84fbe96f5280996a31c2f15003dafb825f918ed41cff6e66e8854780efdf9086,research/extract/decoded_pics_bin/MW_CPICS.BIN.map.json
Original/MW_CPICS.BIN,10,0x000052F5,21237,2321,0x00005C06,active,image_4bpp_packed,68,68,34,5,46FA8B46FA,492000fe01ee0a9bd8cc552a756c1569bb488d982951208747d0868e201cc007,research/extract/decoded_pics_bin/MW_CPICS.BIN.map.json
Original/MW_CPICS.BIN,11,0x00005C06,23558,2321,0x00006517,active,image_4bpp_packed,68,68,34,5,46FA8B46FA,a9b44ef05d59ef50f39fab838419f905242d9f778c1565411ea58c280b027ac0,research/extract/decoded_pics_bin/MW_CPICS.BIN.map.json
Original/MW_CPICS.BIN,12,0x00006517,25879,2321,0x00006E28,active,image_4bpp_packed,68,68,34,5,46FA8B46FA,f59d6772276531f6f473467116c9dc7e91663328c7cedc63558010f532004d3d,research/extract/decoded_pics_bin/MW_CPICS.BIN.map.json
Original/MW_CPICS.BIN,13,0x00006E28,28200,2321,0x00007739,active,image_4bpp_packed,68,68,34,5,46FA8B46FA,15a3359799969167b154dbc0c2357a85c4943f054121539d064a3f2e63ce88b6,research/extract/decoded_pics_bin/MW_CPICS.BIN.map.json
Original/MW_CPICS.BIN,14,0x00007739,30521,2321,0x0000804A,active,image_4bpp_packed,68,68,34,5,46FA8B46FA,5e9575b73432c926735d73aef598c0db18024035bb1b5de203a23177e16e0468,research/extract/decoded_pics_bin/MW_CPICS.BIN.map.json
Original/MW_CPICS.BIN,15,0x0000804A,32842,2321,0x0000895B,active,image_4bpp_packed,68,68,34,5,46FA8B46FA,6bb68ceff08d66645ea563eaec9ea968455922f23dbe92dcce309da423273097,research/extract/decoded_pics_bin/MW_CPICS.BIN.map.json
Original/MW_CPICS.BIN,16,0x0000895B,35163,2321,0x0000926C,active,image_4bpp_packed,68,68,34,5,46FA8B46FA,b5c39d4efbd5683a7127becee199b6f2920fff28e493ea856d94df603d933fe7,research/extract/decoded_pics_bin/MW_CPICS.BIN.map.json
Original/MW_CPICS.BIN,17,0x0000926C,37484,2355,0x00009B9F,active,image_4bpp_packed,68,69,34,5,140AE8A4F6,076534aa87760106a610599fd0f8c270da93bee8f973a1186fe7e92ea481a367,research/extract/decoded_pics_bin/MW_CPICS.BIN.map.json
Original/MW_CPICS.BIN,18,0x00009B9F,39839,2321,0x0000A4B0,active,image_4bpp_packed,68,68,34,5,2222222222,4a594b9ca65f8fd62f3eee7d4540c292eb496f50bd71917ab352ac49b9471593,research/extract/decoded_pics_bin/MW_CPICS.BIN.map.json
Original/MW_CPICS.BIN,19,0x0000A4B0,42160,2321,0x0000ADC1,active,image_4bpp_packed,68,68,34,5,2222222222,d5ac5dfeb920898427cacc5b7c324c7c23c6ebddd2e7fe10cca628947b4d1aba,research/extract/decoded_pics_bin/MW_CPICS.BIN.map.json
Original/MW_CPICS.BIN,20,0x0000ADC1,44481,2321,0x0000B6D2,active,image_4bpp_packed,68,68,34,5,2222222222,e76e2bc7476f01c6a39558d673994ac6473a545cfe56228e32f8629511c50d0b,research/extract/decoded_pics_bin/MW_CPICS.BIN.map.json
Original/MW_CPICS.BIN,21,0x0000B6D2,46802,2321,0x0000BFE3,active,image_4bpp_packed,68,68,34,5,2222222222,6ca1ce66415f461f49c1fd308e95ac9154e8741322d57264eb6a94a4b487a553,research/extract/decoded_pics_bin/MW_CPICS.BIN.map.json
Original/MW_CPICS.BIN,22,0x0000BFE3,49123,2321,0x0000C8F4,active,image_4bpp_packed,68,68,34,5,2222222222,e12c7634781cd6e9200eea802a539f86c8abcf6019479082d1d012cfed0b163e,research/extract/decoded_pics_bin/MW_CPICS.BIN.map.json
Original/MW_CPICS.BIN,23,0x0000C8F4,51444,184,0x0000C9AC,active,image_4bpp_packed,49,7,25,5,9999999111,9e259c5e957e6241d185aa03a84a75e29bca656fe1d2df1209075e3e8a879ea3,research/extract/decoded_pics_bin/MW_CPICS.BIN.map.json
Original/MW_CPICS.BIN,24,0x0000C9AC,51628,184,0x0000CA64,active,image_4bpp_packed,49,7,25,5,9999999111,d2b335f9c3fb2edcff72f5e4d92020ad10cf08a4e70552fb1769e65884c8081d,research/extract/decoded_pics_bin/MW_CPICS.BIN.map.json
Original/MW_CPICS.BIN,25,0x0000CA64,51812,184,0x0000CB1C,active,image_4bpp_packed,49,7,25,5,9999999111,e5a529004cd5ac7396aad87d5509619bc1eac9874006fb3b90de9c001a71a2c1,research/extract/decoded_pics_bin/MW_CPICS.BIN.map.json
Original/MW_CPICS.BIN,26,0x0000CB1C,51996,1505,0x0000D0FD,active,image_4bpp_packed,44,68,22,5,2999999999,eb07b23be635892ad952704f5341d065febed5b24800e2036ba197d9da4b2115,research/extract/decoded_pics_bin/MW_CPICS.BIN.map.json
Original/MW_CPICS.BIN,27,0x00000000,0,0,,empty,,,,,,,,research/extract/decoded_pics_bin/MW_CPICS.BIN.map.json
Original/MW_CPICS.BIN,28,0x00000000,0,0,,empty,,,,,,,,research/extract/decoded_pics_bin/MW_CPICS.BIN.map.json
Original/MW_CPICS.BIN,29,0x00000000,0,0,,empty,,,,,,,,research/extract/decoded_pics_bin/MW_CPICS.BIN.map.json
Original/MW_CPICS.BIN,30,0x00000000,0,0,,empty,,,,,,,,research/extract/decoded_pics_bin/MW_CPICS.BIN.map.json
Original/MW_CPICS.BIN,31,0x00000000,0,0,,empty,,,,,,,,research/extract/decoded_pics_bin/MW_CPICS.BIN.map.json
Original/MW_CPICS.BIN,32,0x00000000,0,0,,empty,,,,,,,,research/extract/decoded_pics_bin/MW_CPICS.BIN.map.json
Original/MW_CPICS.BIN,33,0x00000000,0,0,,empty,,,,,,,,research/extract/decoded_pics_bin/MW_CPICS.BIN.map.json
Original/MW_CPICS.BIN,34,0x00000000,0,0,,empty,,,,,,,,research/extract/decoded_pics_bin/MW_CPICS.BIN.map.json
Original/MW_CPICS.BIN,35,0x00000000,0,0,,empty,,,,,,,,research/extract/decoded_pics_bin/MW_CPICS.BIN.map.json
Original/MW_CPICS.BIN,36,0x00000000,0,0,,empty,,,,,,,,research/extract/decoded_pics_bin/MW_CPICS.BIN.map.json
Original/MW_CPICS.BIN,37,0x00000000,0,0,,empty,,,,,,,,research/extract/decoded_pics_bin/MW_CPICS.BIN.map.json
Original/MW_CPICS.BIN,38,0x00000000,0,0,,empty,,,,,,,,research/extract/decoded_pics_bin/MW_CPICS.BIN.map.json
Original/MW_CPICS.BIN,39,0x00000000,0,0,,empty,,,,,,,,research/extract/decoded_pics_bin/MW_CPICS.BIN.map.json
Original/MW_CPICS.BIN,40,0x00000000,0,0,,empty,,,,,,,,research/extract/decoded_pics_bin/MW_CPICS.BIN.map.json
Original/MW_CPICS.BIN,41,0x00000000,0,0,,empty,,,,,,,,research/extract/decoded_pics_bin/MW_CPICS.BIN.map.json
Original/MW_CPICS.BIN,42,0x00000000,0,0,,empty,,,,,,,,research/extract/decoded_pics_bin/MW_CPICS.BIN.map.json
Original/MW_CPICS.BIN,43,0x00000000,0,0,,empty,,,,,,,,research/extract/decoded_pics_bin/MW_CPICS.BIN.map.json
Original/MW_CPICS.BIN,44,0x00000000,0,0,,empty,,,,,,,,research/extract/decoded_pics_bin/MW_CPICS.BIN.map.json
Original/MW_CPICS.BIN,45,0x00000000,0,0,,empty,,,,,,,,research/extract/decoded_pics_bin/MW_CPICS.BIN.map.json
Original/MW_CPICS.BIN,46,0x00000000,0,0,,empty,,,,,,,,research/extract/decoded_pics_bin/MW_CPICS.BIN.map.json
Original/MW_CPICS.BIN,47,0x00000000,0,0,,empty,,,,,,,,research/extract/decoded_pics_bin/MW_CPICS.BIN.map.json
Original/MW_CPICS.BIN,48,0x00000000,0,0,,empty,,,,,,,,research/extract/decoded_pics_bin/MW_CPICS.BIN.map.json
Original/MW_CPICS.BIN,49,0x00000000,0,0,,empty,,,,,,,,research/extract/decoded_pics_bin/MW_CPICS.BIN.map.json
Original/MW_FPICS.BIN,0,0x0000012C,300,48,0x0000015C,active,palette_rgb_16_dac6,,,,,,9b37f840db54aa616a350db4d08999badd7049aa764768c24eced8eaef51d204,research/extract/decoded_pics_bin/MW_FPICS.BIN.map.json
Original/MW_FPICS.BIN,1,0x0000015C,348,1269,0x00000651,active,image_4bpp_packed,72,35,36,5,EC021983C4,85a9c3be309ca1a9482cee31656898e332345dcd2f1a50e67c20a1404aaf225d,research/extract/decoded_pics_bin/MW_FPICS.BIN.map.json
Original/MW_FPICS.BIN,2,0x00000651,1617,2457,0x00000FEA,active,image_4bpp_packed,101,48,51,5,483AFF76FC,d2e29ff4f451587c47575e816f555fbec00d12913df2346d4c7bb5ad4f7100a0,research/extract/decoded_pics_bin/MW_FPICS.BIN.map.json
Original/MW_FPICS.BIN,3,0x00000FEA,4074,4167,0x00002031,active,image_4bpp_packed,131,63,66,5,02E8490481,24eb1eda6b153dd8ff3523b282bdb6b8b5e7f8d265663782f5da8feb8275e94e,research/extract/decoded_pics_bin/MW_FPICS.BIN.map.json
Original/MW_FPICS.BIN,4,0x00002031,8241,5934,0x0000375F,active,image_4bpp_packed,157,75,79,5,2BC099A380,9c291e56bee3742cab1fe4555d27d74c1059ece70be4dc01200d47a3b54ffb67,research/extract/decoded_pics_bin/MW_FPICS.BIN.map.json
Original/MW_FPICS.BIN,5,0x0000375F,14175,10005,0x00005E74,active,image_4bpp_packed,203,98,102,5,436F707972,6d8ce87670ebbbfa585274c59d35055635e2239af7563e7dcdd9835ee84779d2,research/extract/decoded_pics_bin/MW_FPICS.BIN.map.json
Original/MW_FPICS.BIN,6,0x00005E74,24180,7451,0x00007B8F,active,image_4bpp_packed,243,61,122,5,0000000000,1dc5908ac6e3823c04ee5a36e5cf3faeb96cdc59f71fa4614b219948889d7fd7,research/extract/decoded_pics_bin/MW_FPICS.BIN.map.json
Original/MW_FPICS.BIN,7,0x00007B8F,31631,1307,0x000080AA,active,image_4bpp_packed,43,59,22,5,BBB5B11000,4c28b50f4ba9ae094b0b1dd0fc110fe1ff94e9ec854323a9c21743c4c5e9a427,research/extract/decoded_pics_bin/MW_FPICS.BIN.map.json
Original/MW_FPICS.BIN,8,0x000080AA,32938,1307,0x000085C5,active,image_4bpp_packed,43,59,22,5,BBB5B11000,e785b00328ec57bba4c100a706cab2bb44469514594d58743d6321791d48db02,research/extract/decoded_pics_bin/MW_FPICS.BIN.map.json
Original/MW_FPICS.BIN,9,0x000085C5,34245,2729,0x0000906E,active,image_4bpp_packed,320,17,160,5,3333332222,ca15e4a57f32021fc754cebfec534c576a9a0d0221e3dac4f708de00889afc7f,research/extract/decoded_pics_bin/MW_FPICS.BIN.map.json
Original/MW_FPICS.BIN,10,0x00000000,0,0,,empty,,,,,,,,research/extract/decoded_pics_bin/MW_FPICS.BIN.map.json
Original/MW_FPICS.BIN,11,0x00000000,0,0,,empty,,,,,,,,research/extract/decoded_pics_bin/MW_FPICS.BIN.map.json
Original/MW_FPICS.BIN,12,0x00000000,0,0,,empty,,,,,,,,research/extract/decoded_pics_bin/MW_FPICS.BIN.map.json
Original/MW_FPICS.BIN,13,0x00000000,0,0,,empty,,,,,,,,research/extract/decoded_pics_bin/MW_FPICS.BIN.map.json
Original/MW_FPICS.BIN,14,0x00000000,0,0,,empty,,,,,,,,research/extract/decoded_pics_bin/MW_FPICS.BIN.map.json
Original/MW_FPICS.BIN,15,0x00000000,0,0,,empty,,,,,,,,research/extract/decoded_pics_bin/MW_FPICS.BIN.map.json
Original/MW_FPICS.BIN,16,0x00000000,0,0,,empty,,,,,,,,research/extract/decoded_pics_bin/MW_FPICS.BIN.map.json
Original/MW_FPICS.BIN,17,0x00000000,0,0,,empty,,,,,,,,research/extract/decoded_pics_bin/MW_FPICS.BIN.map.json
Original/MW_FPICS.BIN,18,0x00000000,0,0,,empty,,,,,,,,research/extract/decoded_pics_bin/MW_FPICS.BIN.map.json
Original/MW_FPICS.BIN,19,0x00000000,0,0,,empty,,,,,,,,research/extract/decoded_pics_bin/MW_FPICS.BIN.map.json
Original/MW_FPICS.BIN,20,0x00000000,0,0,,empty,,,,,,,,research/extract/decoded_pics_bin/MW_FPICS.BIN.map.json
Original/MW_FPICS.BIN,21,0x00000000,0,0,,empty,,,,,,,,research/extract/decoded_pics_bin/MW_FPICS.BIN.map.json
Original/MW_FPICS.BIN,22,0x00000000,0,0,,empty,,,,,,,,research/extract/decoded_pics_bin/MW_FPICS.BIN.map.json
Original/MW_FPICS.BIN,23,0x00000000,0,0,,empty,,,,,,,,research/extract/decoded_pics_bin/MW_FPICS.BIN.map.json
Original/MW_FPICS.BIN,24,0x00000000,0,0,,empty,,,,,,,,research/extract/decoded_pics_bin/MW_FPICS.BIN.map.json
Original/MW_FPICS.BIN,25,0x00000000,0,0,,empty,,,,,,,,research/extract/decoded_pics_bin/MW_FPICS.BIN.map.json
Original/MW_FPICS.BIN,26,0x00000000,0,0,,empty,,,,,,,,research/extract/decoded_pics_bin/MW_FPICS.BIN.map.json
Original/MW_FPICS.BIN,27,0x00000000,0,0,,empty,,,,,,,,research/extract/decoded_pics_bin/MW_FPICS.BIN.map.json
Original/MW_FPICS.BIN,28,0x00000000,0,0,,empty,,,,,,,,research/extract/decoded_pics_bin/MW_FPICS.BIN.map.json
Original/MW_FPICS.BIN,29,0x00000000,0,0,,empty,,,,,,,,research/extract/decoded_pics_bin/MW_FPICS.BIN.map.json
Original/MW_FPICS.BIN,30,0x00000000,0,0,,empty,,,,,,,,research/extract/decoded_pics_bin/MW_FPICS.BIN.map.json
Original/MW_FPICS.BIN,31,0x00000000,0,0,,empty,,,,,,,,research/extract/decoded_pics_bin/MW_FPICS.BIN.map.json
Original/MW_FPICS.BIN,32,0x00000000,0,0,,empty,,,,,,,,research/extract/decoded_pics_bin/MW_FPICS.BIN.map.json
Original/MW_FPICS.BIN,33,0x00000000,0,0,,empty,,,,,,,,research/extract/decoded_pics_bin/MW_FPICS.BIN.map.json
Original/MW_FPICS.BIN,34,0x00000000,0,0,,empty,,,,,,,,research/extract/decoded_pics_bin/MW_FPICS.BIN.map.json
Original/MW_FPICS.BIN,35,0x00000000,0,0,,empty,,,,,,,,research/extract/decoded_pics_bin/MW_FPICS.BIN.map.json
Original/MW_FPICS.BIN,36,0x00000000,0,0,,empty,,,,,,,,research/extract/decoded_pics_bin/MW_FPICS.BIN.map.json
Original/MW_FPICS.BIN,37,0x00000000,0,0,,empty,,,,,,,,research/extract/decoded_pics_bin/MW_FPICS.BIN.map.json
Original/MW_FPICS.BIN,38,0x00000000,0,0,,empty,,,,,,,,research/extract/decoded_pics_bin/MW_FPICS.BIN.map.json
Original/MW_FPICS.BIN,39,0x00000000,0,0,,empty,,,,,,,,research/extract/decoded_pics_bin/MW_FPICS.BIN.map.json
Original/MW_FPICS.BIN,40,0x00000000,0,0,,empty,,,,,,,,research/extract/decoded_pics_bin/MW_FPICS.BIN.map.json
Original/MW_FPICS.BIN,41,0x00000000,0,0,,empty,,,,,,,,research/extract/decoded_pics_bin/MW_FPICS.BIN.map.json
Original/MW_FPICS.BIN,42,0x00000000,0,0,,empty,,,,,,,,research/extract/decoded_pics_bin/MW_FPICS.BIN.map.json
Original/MW_FPICS.BIN,43,0x00000000,0,0,,empty,,,,,,,,research/extract/decoded_pics_bin/MW_FPICS.BIN.map.json
Original/MW_FPICS.BIN,44,0x00000000,0,0,,empty,,,,,,,,research/extract/decoded_pics_bin/MW_FPICS.BIN.map.json
Original/MW_FPICS.BIN,45,0x00000000,0,0,,empty,,,,,,,,research/extract/decoded_pics_bin/MW_FPICS.BIN.map.json
Original/MW_FPICS.BIN,46,0x00000000,0,0,,empty,,,,,,,,research/extract/decoded_pics_bin/MW_FPICS.BIN.map.json
Original/MW_FPICS.BIN,47,0x00000000,0,0,,empty,,,,,,,,research/extract/decoded_pics_bin/MW_FPICS.BIN.map.json
Original/MW_FPICS.BIN,48,0x00000000,0,0,,empty,,,,,,,,research/extract/decoded_pics_bin/MW_FPICS.BIN.map.json
Original/MW_FPICS.BIN,49,0x00000000,0,0,,empty,,,,,,,,research/extract/decoded_pics_bin/MW_FPICS.BIN.map.json
Original/MW_GPICS.BIN,0,0x0000012C,300,48,0x0000015C,active,palette_rgb_16_dac6,,,,,,9b37f840db54aa616a350db4d08999badd7049aa764768c24eced8eaef51d204,research/extract/decoded_pics_bin/MW_GPICS.BIN.map.json
Original/MW_GPICS.BIN,1,0x0000015C,348,189,0x00000219,active,image_4bpp_packed,18,20,9,5,1C59E9A000,5139ad3a9005226427e70099990b8cbec47ec710f96f7730163cfa2b0a93fb69,research/extract/decoded_pics_bin/MW_GPICS.BIN.map.json
Original/MW_GPICS.BIN,2,0x00000219,537,189,0x000002D6,active,image_4bpp_packed,18,20,9,5,1C59E9A000,2f75927df0a3e71a0e80226cc10dedf64d21b95592e65b907d90807e45299fd2,research/extract/decoded_pics_bin/MW_GPICS.BIN.map.json
Original/MW_GPICS.BIN,3,0x000002D6,726,179,0x00000389,active,image_4bpp_packed,19,17,10,5,0000000222,3f5de003251fa55a7e21f2010c4eaea25c44115db65fc2ccab41e6eac10497a4,research/extract/decoded_pics_bin/MW_GPICS.BIN.map.json
Original/MW_GPICS.BIN,4,0x00000389,905,2564,0x00000D8D,active,image_4bpp_packed,145,35,73,5,EB093B36AA,3f377c93ba49c231490e166ec38b7ddcbfb4b563c240dbd1fe26e802af04ddf8,research/extract/decoded_pics_bin/MW_GPICS.BIN.map.json
Original/MW_GPICS.BIN,5,0x00000D8D,3469,845,0x000010DA,active,image_4bpp_packed,38,44,19,5,4444444444,09b8d1aaad6fd011274aba9c4784875827ee9f929153aba58c46b7e3e947498c,research/extract/decoded_pics_bin/MW_GPICS.BIN.map.json
Original/MW_GPICS.BIN,6,0x000010DA,4314,845,0x00001427,active,image_4bpp_packed,38,44,19,5,4444444444,7bdc42afc38987d42ae731b4d88a828a0196fdccf6c727eb0310b51fb9f734fa,research/extract/decoded_pics_bin/MW_GPICS.BIN.map.json
Original/MW_GPICS.BIN,7,0x00001427,5159,709,0x000016EC,active,image_4bpp_packed,40,35,20,5,EEE3142231,bc9b256cd6b34784045914bb2319c582e1a5fe86e0b2c850c4bea150b8e7ef38,research/extract/decoded_pics_bin/MW_GPICS.BIN.map.json
Original/MW_GPICS.BIN,8,0x000016EC,5868,845,0x00001A39,active,image_4bpp_packed,38,44,19,5,4444444444,cf19fc57b8b1299c40cb78858d1923b6c2d2e0aceaf68eba8884736b99d03d09,research/extract/decoded_pics_bin/MW_GPICS.BIN.map.json
Original/MW_GPICS.BIN,9,0x00001A39,6713,845,0x00001D86,active,image_4bpp_packed,38,44,19,5,4444444444,5fc9b485054e53d88d2e694e3d5e12b997c4c17af7f8df3602714324b74b56f9,research/extract/decoded_pics_bin/MW_GPICS.BIN.map.json
Original/MW_GPICS.BIN,10,0x00001D86,7558,845,0x000020D3,active,image_4bpp_packed,38,44,19,5,4444444444,cc697738e2ca43691a65ac5e9f4ba3ccfd8ffd4953ee5c8e08ecb2947aa06a14,research/extract/decoded_pics_bin/MW_GPICS.BIN.map.json
Original/MW_GPICS.BIN,11,0x000020D3,8403,845,0x00002420,active,image_4bpp_packed,38,44,19,5,4444444444,664f5c78538782301b1acacc63e03dced4e48c825c0a5ee1f9636a49af2c8340,research/extract/decoded_pics_bin/MW_GPICS.BIN.map.json
Original/MW_GPICS.BIN,12,0x00002420,9248,3689,0x00003289,active,image_4bpp_packed,320,23,160,5,C7069A5D00,18523c913c2304626d0c2b58676bd2b411a85d484df5d224a207785501872bf9,research/extract/decoded_pics_bin/MW_GPICS.BIN.map.json
Original/MW_GPICS.BIN,13,0x00003289,12937,24,0x000032A1,active,image_4bpp_packed,5,5,3,5,3333333333,7a0442b214ffd83fbdcf5932353155668fc123fbc8b7990fcc262051d6c5a8c4,research/extract/decoded_pics_bin/MW_GPICS.BIN.map.json
Original/MW_GPICS.BIN,14,0x000032A1,12961,1059,0x000036C4,active,image_4bpp_packed,60,35,30,5,3333333333,38c30873d5a6269617da500d5a066a78c741d95b843622fd900402a348ee99f1,research/extract/decoded_pics_bin/MW_GPICS.BIN.map.json
Original/MW_GPICS.BIN,15,0x000036C4,14020,1059,0x00003AE7,active,image_4bpp_packed,60,35,30,5,3333333333,6b9c7037662169cdcbcca56ae5969317c1c6793f2e71a987ab38e1a525718839,research/extract/decoded_pics_bin/MW_GPICS.BIN.map.json
Original/MW_GPICS.BIN,16,0x00003AE7,15079,499,0x00003CDA,active,image_4bpp_packed,140,7,70,5,0000000000,d4fb0211acd740f0f5d4bbe439a381267dd69bbddd52a0b241f0afdf833c34e6,research/extract/decoded_pics_bin/MW_GPICS.BIN.map.json
Original/MW_GPICS.BIN,17,0x00003CDA,15578,359,0x00003E41,active,image_4bpp_packed,140,5,70,5,3333333333,6a8563992ff0a703ee8173031d691b5bc229d243e4bda7c4506f461378d95e84,research/extract/decoded_pics_bin/MW_GPICS.BIN.map.json
Original/MW_GPICS.BIN,18,0x00003E41,15937,105,0x00003EAA,active,image_4bpp_packed,15,12,8,5,3333333333,809cdef81c19c67b5673f2963eaf5d25f8cdd5ca93bb740e09d2cc21aefbea26,research/extract/decoded_pics_bin/MW_GPICS.BIN.map.json
Original/MW_GPICS.BIN,19,0x00003EAA,16042,105,0x00003F13,active,image_4bpp_packed,15,12,8,5,3333333333,076396fac8207aad768f1ea36bcd6ad25be8387fcda27b058bd3a75aa95f6d5c,research/extract/decoded_pics_bin/MW_GPICS.BIN.map.json
Original/MW_GPICS.BIN,20,0x00003F13,16147,105,0x00003F7C,active,image_4bpp_packed,15,12,8,5,3333333333,bc200a563571b1d71a87a01ce746b6560ae7e1219904d765b7dffeb1b7ca7662,research/extract/decoded_pics_bin/MW_GPICS.BIN.map.json
Original/MW_GPICS.BIN,21,0x00003F7C,16252,105,0x00003FE5,active,image_4bpp_packed,15,12,8,5,3333333333,3600de024776d792e7a05e78c6e67514868dcbb409391811db08fa6da96e83a5,research/extract/decoded_pics_bin/MW_GPICS.BIN.map.json
Original/MW_GPICS.BIN,22,0x00003FE5,16357,137,0x0000406E,active,image_4bpp_packed,64,4,32,5,3333333333,fecb8854b8aa6d129a68d3e7822800c314df2d5d5da9eaced6777fa2be0f53d1,research/extract/decoded_pics_bin/MW_GPICS.BIN.map.json
Original/MW_GPICS.BIN,23,0x0000406E,16494,137,0x000040F7,active,image_4bpp_packed,64,4,32,5,3333333333,623ee622763bac0c638db897427274aa21226809c6f4800611d84b428c695166,research/extract/decoded_pics_bin/MW_GPICS.BIN.map.json
Original/MW_GPICS.BIN,24,0x000040F7,16631,105,0x00004160,active,image_4bpp_packed,6,32,3,5,2222222222,df3a0700d664edea32e3d4c3334d6e5ccc7a078bf5df5dfccfc73fce0f482c64,research/extract/decoded_pics_bin/MW_GPICS.BIN.map.json
Original/MW_GPICS.BIN,25,0x00004160,16736,105,0x000041C9,active,image_4bpp_packed,6,32,3,5,2222222222,0e410fe294d0a984f5283db61c4393c6df6a491ac5b200f6665364371d7043b9,research/extract/decoded_pics_bin/MW_GPICS.BIN.map.json
Original/MW_GPICS.BIN,26,0x000041C9,16841,845,0x00004516,active,image_4bpp_packed,38,44,19,5,1410000033,7bd89e47c88edfc1219e6d9e5c48e546a5c76754024905a9242b5fbdbf7e52ac,research/extract/decoded_pics_bin/MW_GPICS.BIN.map.json
Original/MW_GPICS.BIN,27,0x00004516,17686,845,0x00004863,active,image_4bpp_packed,38,44,19,5,1410000033,47c56870f2143870df363c68961583655c0d959635fcae5fdb4e90e0c79ec516,research/extract/decoded_pics_bin/MW_GPICS.BIN.map.json
Original/MW_GPICS.BIN,28,0x00004863,18531,845,0x00004BB0,active,image_4bpp_packed,38,44,19,5,1410000033,b10231bc3afc811b762d54b14b289d6cc1b83052050ab41f07fdfb14097c55c4,research/extract/decoded_pics_bin/MW_GPICS.BIN.map.json
Original/MW_GPICS.BIN,29,0x00004BB0,19376,845,0x00004EFD,active,image_4bpp_packed,38,44,19,5,1410000033,a198132cb25ddd1b1ef130564f75f10a0f90149f57699f9cee652cee7faf0e82,research/extract/decoded_pics_bin/MW_GPICS.BIN.map.json
Original/MW_GPICS.BIN,30,0x00004EFD,20221,845,0x0000524A,active,image_4bpp_packed,38,44,19,5,1410000033,0ed0f5d78f37071bcc6cda2c6ce5b9b60b5d66229a78350be8f98e2915f7499d,research/extract/decoded_pics_bin/MW_GPICS.BIN.map.json
Original/MW_GPICS.BIN,31,0x0000524A,21066,649,0x000054D3,active,image_4bpp_packed,40,32,20,5,9114441313,52b884f18a578608a0a778e40ba690e8cfe1bfe74b2af9b3621f2542971c495f,research/extract/decoded_pics_bin/MW_GPICS.BIN.map.json
Original/MW_GPICS.BIN,32,0x000054D3,21715,649,0x0000575C,active,image_4bpp_packed,40,32,20,5,9114441313,f862b385e3ce98a9d744812449b7b7081d2a59a3e70643d4ba99285efd59399f,research/extract/decoded_pics_bin/MW_GPICS.BIN.map.json
Original/MW_GPICS.BIN,33,0x0000575C,22364,649,0x000059E5,active,image_4bpp_packed,40,32,20,5,9114441313,bfde612045b17ef49405f0ba05d49303042d93d7549c24cfbe39312f1bdc7dde,research/extract/decoded_pics_bin/MW_GPICS.BIN.map.json
Original/MW_GPICS.BIN,34,0x000059E5,23013,649,0x00005C6E,active,image_4bpp_packed,40,32,20,5,9114441313,d7bd8fb53bd16620c8f376580500d3456181dabf1cab34396221e3c1bb3ab204,research/extract/decoded_pics_bin/MW_GPICS.BIN.map.json
Original/MW_GPICS.BIN,35,0x00005C6E,23662,807,0x00005F95,active,image_4bpp_packed,76,21,38,5,2221111111,d3864e1ed0af0fe387f60fbac612292104e83abf2541f02e3f4491c0c098a721,research/extract/decoded_pics_bin/MW_GPICS.BIN.map.json
Original/MW_GPICS.BIN,36,0x00005F95,24469,105,0x00005FFE,active,image_4bpp_packed,15,12,8,5,3333333333,3731e47c033c8bf1a871843b7411dcdb2b4987dfdf0c980b7a8be39b61866932,research/extract/decoded_pics_bin/MW_GPICS.BIN.map.json
Original/MW_GPICS.BIN,37,0x00005FFE,24574,105,0x00006067,active,image_4bpp_packed,15,12,8,5,3333333333,a88a68e146fa2c607e59b1bfe64a4cbd9ad4bb694a05135aa3e3470254be33f6,research/extract/decoded_pics_bin/MW_GPICS.BIN.map.json
Original/MW_GPICS.BIN,38,0x00006067,24679,105,0x000060D0,active,image_4bpp_packed,15,12,8,5,3333333333,b6be3152a60c4b279c436d861f668072fefbef2fded3831d7acf96fce91049c6,research/extract/decoded_pics_bin/MW_GPICS.BIN.map.json
Original/MW_GPICS.BIN,39,0x000060D0,24784,105,0x00006139,active,image_4bpp_packed,15,12,8,5,3333333333,b3be6581a909c9213281abad741c7c56b7fd1e9f60c6b584ccf154323b9683cb,research/extract/decoded_pics_bin/MW_GPICS.BIN.map.json
Original/MW_GPICS.BIN,40,0x00006139,24889,169,0x000061E2,active,image_4bpp_packed,64,5,32,5,1111111111,a3a05723f8c63c570038024c16c13325ad4ba4d58bc80f39dd1e49f8191e7234,research/extract/decoded_pics_bin/MW_GPICS.BIN.map.json
Original/MW_GPICS.BIN,41,0x000061E2,25058,137,0x0000626B,active,image_4bpp_packed,64,4,32,5,4444444444,6da34f42f69a47739c4b29f09d12213d8a5e25973275e292562b6c4e040541b9,research/extract/decoded_pics_bin/MW_GPICS.BIN.map.json
Original/MW_GPICS.BIN,42,0x0000626B,25195,105,0x000062D4,active,image_4bpp_packed,6,32,3,5,4444444444,a5745e8d6e07ea243892c217fd55ca3db2820917f97d454d02474055541e1f41,research/extract/decoded_pics_bin/MW_GPICS.BIN.map.json
Original/MW_GPICS.BIN,43,0x000062D4,25300,105,0x0000633D,active,image_4bpp_packed,6,32,3,5,4444444444,44172ced0d37c9bf5514920734eb1723f3241484a9645516647365ec9958bc5f,research/extract/decoded_pics_bin/MW_GPICS.BIN.map.json
Original/MW_GPICS.BIN,44,0x0000633D,25405,3689,0x000071A6,active,image_4bpp_packed,320,23,160,5,C7069A5D00,6045fc1138a49faff473c988aeaf77793237d3f6638a0bd5dc81d4d27de62cfc,research/extract/decoded_pics_bin/MW_GPICS.BIN.map.json
Original/MW_GPICS.BIN,45,0x000071A6,29094,2319,0x00007AB5,active,image_4bpp_packed,29,154,15,5,4444444444,c08a476e719f3ca9ad838299f82f6235101be4034d09bcdcbc0f9ef378570bd1,research/extract/decoded_pics_bin/MW_GPICS.BIN.map.json
Original/MW_GPICS.BIN,46,0x00007AB5,31413,2319,0x000083C4,active,image_4bpp_packed,29,154,15,5,4444444444,85354eaf79a6dddff7db77d6678b91ef12ac2435b1df5530652a9917c15f684f,research/extract/decoded_pics_bin/MW_GPICS.BIN.map.json
Original/MW_GPICS.BIN,47,0x00000000,0,0,,empty,,,,,,,,research/extract/decoded_pics_bin/MW_GPICS.BIN.map.json
Original/MW_GPICS.BIN,48,0x00000000,0,0,,empty,,,,,,,,research/extract/decoded_pics_bin/MW_GPICS.BIN.map.json
Original/MW_GPICS.BIN,49,0x00000000,0,0,,empty,,,,,,,,research/extract/decoded_pics_bin/MW_GPICS.BIN.map.json
Original/MW_TPICS.BIN,0,0x0000012C,300,48,0x0000015C,active,palette_rgb_16_dac6,,,,,,9b37f840db54aa616a350db4d08999badd7049aa764768c24eced8eaef51d204,research/extract/decoded_pics_bin/MW_TPICS.BIN.map.json
Original/MW_TPICS.BIN,1,0x0000015C,348,32009,0x00007E65,active,image_4bpp_packed,320,200,160,5,4444444444,6b5ad97762fee1ac6aa100ce840393079cd7c9c113585ddcebfa01bb15f5ccc7,research/extract/decoded_pics_bin/MW_TPICS.BIN.map.json
Original/MW_TPICS.BIN,2,0x00007E65,32357,32009,0x0000FB6E,active,image_4bpp_packed,320,200,160,5,4444444444,fa2896c85e6e60c8080e6e8c887c4af6c89f7db2ea0144bbec7661d2b45042ed,research/extract/decoded_pics_bin/MW_TPICS.BIN.map.json
Original/MW_TPICS.BIN,3,0x00000000,0,0,,empty,,,,,,,,research/extract/decoded_pics_bin/MW_TPICS.BIN.map.json
Original/MW_TPICS.BIN,4,0x00000000,0,0,,empty,,,,,,,,research/extract/decoded_pics_bin/MW_TPICS.BIN.map.json
Original/MW_TPICS.BIN,5,0x00000000,0,0,,empty,,,,,,,,research/extract/decoded_pics_bin/MW_TPICS.BIN.map.json
Original/MW_TPICS.BIN,6,0x00000000,0,0,,empty,,,,,,,,research/extract/decoded_pics_bin/MW_TPICS.BIN.map.json
Original/MW_TPICS.BIN,7,0x00000000,0,0,,empty,,,,,,,,research/extract/decoded_pics_bin/MW_TPICS.BIN.map.json
Original/MW_TPICS.BIN,8,0x00000000,0,0,,empty,,,,,,,,research/extract/decoded_pics_bin/MW_TPICS.BIN.map.json
Original/MW_TPICS.BIN,9,0x00000000,0,0,,empty,,,,,,,,research/extract/decoded_pics_bin/MW_TPICS.BIN.map.json
Original/MW_TPICS.BIN,10,0x00000000,0,0,,empty,,,,,,,,research/extract/decoded_pics_bin/MW_TPICS.BIN.map.json
Original/MW_TPICS.BIN,11,0x00000000,0,0,,empty,,,,,,,,research/extract/decoded_pics_bin/MW_TPICS.BIN.map.json
Original/MW_TPICS.BIN,12,0x00000000,0,0,,empty,,,,,,,,research/extract/decoded_pics_bin/MW_TPICS.BIN.map.json
Original/MW_TPICS.BIN,13,0x00000000,0,0,,empty,,,,,,,,research/extract/decoded_pics_bin/MW_TPICS.BIN.map.json
Original/MW_TPICS.BIN,14,0x00000000,0,0,,empty,,,,,,,,research/extract/decoded_pics_bin/MW_TPICS.BIN.map.json
Original/MW_TPICS.BIN,15,0x00000000,0,0,,empty,,,,,,,,research/extract/decoded_pics_bin/MW_TPICS.BIN.map.json
Original/MW_TPICS.BIN,16,0x00000000,0,0,,empty,,,,,,,,research/extract/decoded_pics_bin/MW_TPICS.BIN.map.json
Original/MW_TPICS.BIN,17,0x00000000,0,0,,empty,,,,,,,,research/extract/decoded_pics_bin/MW_TPICS.BIN.map.json
Original/MW_TPICS.BIN,18,0x00000000,0,0,,empty,,,,,,,,research/extract/decoded_pics_bin/MW_TPICS.BIN.map.json
Original/MW_TPICS.BIN,19,0x00000000,0,0,,empty,,,,,,,,research/extract/decoded_pics_bin/MW_TPICS.BIN.map.json
Original/MW_TPICS.BIN,20,0x00000000,0,0,,empty,,,,,,,,research/extract/decoded_pics_bin/MW_TPICS.BIN.map.json
Original/MW_TPICS.BIN,21,0x00000000,0,0,,empty,,,,,,,,research/extract/decoded_pics_bin/MW_TPICS.BIN.map.json
Original/MW_TPICS.BIN,22,0x00000000,0,0,,empty,,,,,,,,research/extract/decoded_pics_bin/MW_TPICS.BIN.map.json
Original/MW_TPICS.BIN,23,0x00000000,0,0,,empty,,,,,,,,research/extract/decoded_pics_bin/MW_TPICS.BIN.map.json
Original/MW_TPICS.BIN,24,0x00000000,0,0,,empty,,,,,,,,research/extract/decoded_pics_bin/MW_TPICS.BIN.map.json
Original/MW_TPICS.BIN,25,0x00000000,0,0,,empty,,,,,,,,research/extract/decoded_pics_bin/MW_TPICS.BIN.map.json
Original/MW_TPICS.BIN,26,0x00000000,0,0,,empty,,,,,,,,research/extract/decoded_pics_bin/MW_TPICS.BIN.map.json
Original/MW_TPICS.BIN,27,0x00000000,0,0,,empty,,,,,,,,research/extract/decoded_pics_bin/MW_TPICS.BIN.map.json
Original/MW_TPICS.BIN,28,0x00000000,0,0,,empty,,,,,,,,research/extract/decoded_pics_bin/MW_TPICS.BIN.map.json
Original/MW_TPICS.BIN,29,0x00000000,0,0,,empty,,,,,,,,research/extract/decoded_pics_bin/MW_TPICS.BIN.map.json
Original/MW_TPICS.BIN,30,0x00000000,0,0,,empty,,,,,,,,research/extract/decoded_pics_bin/MW_TPICS.BIN.map.json
Original/MW_TPICS.BIN,31,0x00000000,0,0,,empty,,,,,,,,research/extract/decoded_pics_bin/MW_TPICS.BIN.map.json
Original/MW_TPICS.BIN,32,0x00000000,0,0,,empty,,,,,,,,research/extract/decoded_pics_bin/MW_TPICS.BIN.map.json
Original/MW_TPICS.BIN,33,0x00000000,0,0,,empty,,,,,,,,research/extract/decoded_pics_bin/MW_TPICS.BIN.map.json
Original/MW_TPICS.BIN,34,0x00000000,0,0,,empty,,,,,,,,research/extract/decoded_pics_bin/MW_TPICS.BIN.map.json
Original/MW_TPICS.BIN,35,0x00000000,0,0,,empty,,,,,,,,research/extract/decoded_pics_bin/MW_TPICS.BIN.map.json
Original/MW_TPICS.BIN,36,0x00000000,0,0,,empty,,,,,,,,research/extract/decoded_pics_bin/MW_TPICS.BIN.map.json
Original/MW_TPICS.BIN,37,0x00000000,0,0,,empty,,,,,,,,research/extract/decoded_pics_bin/MW_TPICS.BIN.map.json
Original/MW_TPICS.BIN,38,0x00000000,0,0,,empty,,,,,,,,research/extract/decoded_pics_bin/MW_TPICS.BIN.map.json
Original/MW_TPICS.BIN,39,0x00000000,0,0,,empty,,,,,,,,research/extract/decoded_pics_bin/MW_TPICS.BIN.map.json
Original/MW_TPICS.BIN,40,0x00000000,0,0,,empty,,,,,,,,research/extract/decoded_pics_bin/MW_TPICS.BIN.map.json
Original/MW_TPICS.BIN,41,0x00000000,0,0,,empty,,,,,,,,research/extract/decoded_pics_bin/MW_TPICS.BIN.map.json
Original/MW_TPICS.BIN,42,0x00000000,0,0,,empty,,,,,,,,research/extract/decoded_pics_bin/MW_TPICS.BIN.map.json
Original/MW_TPICS.BIN,43,0x00000000,0,0,,empty,,,,,,,,research/extract/decoded_pics_bin/MW_TPICS.BIN.map.json
Original/MW_TPICS.BIN,44,0x00000000,0,0,,empty,,,,,,,,research/extract/decoded_pics_bin/MW_TPICS.BIN.map.json
Original/MW_TPICS.BIN,45,0x00000000,0,0,,empty,,,,,,,,research/extract/decoded_pics_bin/MW_TPICS.BIN.map.json
Original/MW_TPICS.BIN,46,0x00000000,0,0,,empty,,,,,,,,research/extract/decoded_pics_bin/MW_TPICS.BIN.map.json
Original/MW_TPICS.BIN,47,0x00000000,0,0,,empty,,,,,,,,research/extract/decoded_pics_bin/MW_TPICS.BIN.map.json
Original/MW_TPICS.BIN,48,0x00000000,0,0,,empty,,,,,,,,research/extract/decoded_pics_bin/MW_TPICS.BIN.map.json
Original/MW_TPICS.BIN,49,0x00000000,0,0,,empty,,,,,,,,research/extract/decoded_pics_bin/MW_TPICS.BIN.map.json
