source_file,entry_index,offset_hex,offset_dec,size,end_offset_hex,status,role,width,height,row_stride_bytes,trailing_size,trailing_hex,sha256
Original/MW_CPICS.BIN,0,0x0000012C,300,48,0x0000015C,active,palette_rgb_16_dac6,,,,,,9b37f840db54aa616a350db4d08999badd7049aa764768c24eced8eaef51d204
Original/MW_CPICS.BIN,1,0x0000015C,348,2321,0x00000A6D,active,image_4bpp_packed,68,68,34,5,46FA8B46FA,fc1b035fd04cf1f90e3bcc31ecbda49d1440dda4adbe749e02d85b5b196b9700
Original/MW_CPICS.BIN,2,0x00000A6D,2669,2321,0x0000137E,active,image_4bpp_packed,68,68,34,5,46FA8B46FA,df0e95ded004b357532761f9c818881224c32471b1ba2c502d95225db8caccaa
Original/MW_CPICS.BIN,3,0x0000137E,4990,2321,0x00001C8F,active,image_4bpp_packed,68,68,34,5,46FA8B46FA,bbd96b377d264a07d3f1e306282a52392d01818dc2a8543aff4955aa1c4496be
Original/MW_CPICS.BIN,4,0x00001C8F,7311,2321,0x000025A0,active,image_4bpp_packed,68,68,34,5,46FA8B46FA,38381d44b6702851fbcccc78f0348a054faeda7ca1dd8a3d9696ffff4e682ca1
Original/MW_CPICS.BIN,5,0x000025A0,9632,2321,0x00002EB1,active,image_4bpp_packed,68,68,34,5,46FA8B46FA,0b62282e6f329c013ea2a37eb05ea039a1d63b54f669a87f9b1916b657a6dfd1
Original/MW_CPICS.BIN,6,0x00002EB1,11953,2321,0x000037C2,active,image_4bpp_packed,68,68,34,5,46FA8B46FA,6fb7e1b42ddfae2612e38d2addd44d6c57f36eb45d314ee3bda58f0e7a56a8f5
Original/MW_CPICS.BIN,7,0x000037C2,14274,2321,0x000040D3,active,image_4bpp_packed,68,68,34,5,46FA8B46FA,0a8b4cb3545cedb5addbd57f3a9178f27eca6eee96b1002c3186385be75a7a85
Original/MW_CPICS.BIN,8,0x000040D3,16595,2321,0x000049E4,active,image_4bpp_packed,68,68,34,5,46FA8B46FA,9b7cc698a0e1976ba25bf075c5148c7c3a6dd20257474a176dae12b75153e25c
Original/MW_CPICS.BIN,9,0x000049E4,18916,2321,0x000052F5,active,image_4bpp_packed,68,68,34,5,46FA8B46FA,84fbe96f5280996a31c2f15003dafb825f918ed41cff6e66e8854780efdf9086
Original/MW_CPICS.BIN,10,0x000052F5,21237,2321,0x00005C06,active,image_4bpp_packed,68,68,34,5,46FA8B46FA,492000fe01ee0a9bd8cc552a756c1569bb488d982951208747d0868e201cc007
Original/MW_CPICS.BIN,11,0x00005C06,23558,2321,0x00006517,active,image_4bpp_packed,68,68,34,5,46FA8B46FA,a9b44ef05d59ef50f39fab838419f905242d9f778c1565411ea58c280b027ac0
Original/MW_CPICS.BIN,12,0x00006517,25879,2321,0x00006E28,active,image_4bpp_packed,68,68,34,5,46FA8B46FA,f59d6772276531f6f473467116c9dc7e91663328c7cedc63558010f532004d3d
Original/MW_CPICS.BIN,13,0x00006E28,28200,2321,0x00007739,active,image_4bpp_packed,68,68,34,5,46FA8B46FA,15a3359799969167b154dbc0c2357a85c4943f054121539d064a3f2e63ce88b6
Original/MW_CPICS.BIN,14,0x00007739,30521,2321,0x0000804A,active,image_4bpp_packed,68,68,34,5,46FA8B46FA,5e9575b73432c926735d73aef598c0db18024035bb1b5de203a23177e16e0468
Original/MW_CPICS.BIN,15,0x0000804A,32842,2321,0x0000895B,active,image_4bpp_packed,68,68,34,5,46FA8B46FA,6bb68ceff08d66645ea563eaec9ea968455922f23dbe92dcce309da423273097
Original/MW_CPICS.BIN,16,0x0000895B,35163,2321,0x0000926C,active,image_4bpp_packed,68,68,34,5,46FA8B46FA,b5c39d4efbd5683a7127becee199b6f2920fff28e493ea856d94df603d933fe7
Original/MW_CPICS.BIN,17,0x0000926C,37484,2355,0x00009B9F,active,image_4bpp_packed,68,69,34,5,140AE8A4F6,076534aa87760106a610599fd0f8c270da93bee8f973a1186fe7e92ea481a367
Original/MW_CPICS.BIN,18,0x00009B9F,39839,2321,0x0000A4B0,active,image_4bpp_packed,68,68,34,5,2222222222,4a594b9ca65f8fd62f3eee7d4540c292eb496f50bd71917ab352ac49b9471593
Original/MW_CPICS.BIN,19,0x0000A4B0,42160,2321,0x0000ADC1,active,image_4bpp_packed,68,68,34,5,2222222222,d5ac5dfeb920898427cacc5b7c324c7c23c6ebddd2e7fe10cca628947b4d1aba
Original/MW_CPICS.BIN,20,0x0000ADC1,44481,2321,0x0000B6D2,active,image_4bpp_packed,68,68,34,5,2222222222,e76e2bc7476f01c6a39558d673994ac6473a545cfe56228e32f8629511c50d0b
Original/MW_CPICS.BIN,21,0x0000B6D2,46802,2321,0x0000BFE3,active,image_4bpp_packed,68,68,34,5,2222222222,6ca1ce66415f461f49c1fd308e95ac9154e8741322d57264eb6a94a4b487a553
Original/MW_CPICS.BIN,22,0x0000BFE3,49123,2321,0x0000C8F4,active,image_4bpp_packed,68,68,34,5,2222222222,e12c7634781cd6e9200eea802a539f86c8abcf6019479082d1d012cfed0b163e
Original/MW_CPICS.BIN,23,0x0000C8F4,51444,184,0x0000C9AC,active,image_4bpp_packed,49,7,25,5,9999999111,9e259c5e957e6241d185aa03a84a75e29bca656fe1d2df1209075e3e8a879ea3
Original/MW_CPICS.BIN,24,0x0000C9AC,51628,184,0x0000CA64,active,image_4bpp_packed,49,7,25,5,9999999111,d2b335f9c3fb2edcff72f5e4d92020ad10cf08a4e70552fb1769e65884c8081d
Original/MW_CPICS.BIN,25,0x0000CA64,51812,184,0x0000CB1C,active,image_4bpp_packed,49,7,25,5,9999999111,e5a529004cd5ac7396aad87d5509619bc1eac9874006fb3b90de9c001a71a2c1
Original/MW_CPICS.BIN,26,0x0000CB1C,51996,1505,0x0000D0FD,active,image_4bpp_packed,44,68,22,5,2999999999,eb07b23be635892ad952704f5341d065febed5b24800e2036ba197d9da4b2115
Original/MW_CPICS.BIN,27,0x00000000,0,0,,empty,,,,,,,
Original/MW_CPICS.BIN,28,0x00000000,0,0,,empty,,,,,,,
Original/MW_CPICS.BIN,29,0x00000000,0,0,,empty,,,,,,,
Original/MW_CPICS.BIN,30,0x00000000,0,0,,empty,,,,,,,
Original/MW_CPICS.BIN,31,0x00000000,0,0,,empty,,,,,,,
Original/MW_CPICS.BIN,32,0x00000000,0,0,,empty,,,,,,,
Original/MW_CPICS.BIN,33,0x00000000,0,0,,empty,,,,,,,
Original/MW_CPICS.BIN,34,0x00000000,0,0,,empty,,,,,,,
Original/MW_CPICS.BIN,35,0x00000000,0,0,,empty,,,,,,,
Original/MW_CPICS.BIN,36,0x00000000,0,0,,empty,,,,,,,
Original/MW_CPICS.BIN,37,0x00000000,0,0,,empty,,,,,,,
Original/MW_CPICS.BIN,38,0x00000000,0,0,,empty,,,,,,,
Original/MW_CPICS.BIN,39,0x00000000,0,0,,empty,,,,,,,
Original/MW_CPICS.BIN,40,0x00000000,0,0,,empty,,,,,,,
Original/MW_CPICS.BIN,41,0x00000000,0,0,,empty,,,,,,,
Original/MW_CPICS.BIN,42,0x00000000,0,0,,empty,,,,,,,
Original/MW_CPICS.BIN,43,0x00000000,0,0,,empty,,,,,,,
Original/MW_CPICS.BIN,44,0x00000000,0,0,,empty,,,,,,,
Original/MW_CPICS.BIN,45,0x00000000,0,0,,empty,,,,,,,
Original/MW_CPICS.BIN,46,0x00000000,0,0,,empty,,,,,,,
Original/MW_CPICS.BIN,47,0x00000000,0,0,,empty,,,,,,,
Original/MW_CPICS.BIN,48,0x00000000,0,0,,empty,,,,,,,
Original/MW_CPICS.BIN,49,0x00000000,0,0,,empty,,,,,,,
