source_file,id,object_id,part_id,frame_table_id,part_index,choice_index,selected_choice_index,selection_threshold,frame_index,frame_abs_hex,threshold,frame_type,semantic,dx,dy,shape_ref,shape_ref_hex,shape_ref_signed,shape_ref_low_byte,shape_ref_high_byte,byte_pair_key,transform_index,extra_word,extra_byte,record_8_hex
research/extract/decoded_pck/JENPCK_TBL.decoded.bin,pck_object_0004_part_002_choice_000_frame_000,pck_object_0004,pck_object_0004_part_002,pck_object_0004_part_002_choice_000,2,0,0,224,0,0x0007EA,12,2,draw_referenced_shape_2d,27,27,7452,0x1D1C,7452,28,29,1C:1D,,65310,,0C021B1B1C1D1EFF
research/extract/decoded_pck/JENPCK_TBL.decoded.bin,pck_object_0004_part_003_choice_000_frame_002,pck_object_0004,pck_object_0004_part_003,pck_object_0004_part_003_choice_000,3,0,0,224,2,0x000814,66,2,draw_referenced_shape_2d,32,32,6940,0x1B1C,6940,28,27,1C:1B,,65313,,420220201C1B21FF
research/extract/decoded_pck/JENPCK_TBL.decoded.bin,pck_object_0004_part_004_choice_000_frame_000,pck_object_0004,pck_object_0004_part_004,pck_object_0004_part_004_choice_000,4,0,0,224,0,0x00083A,92,2,draw_referenced_shape_2d,35,35,7181,0x1C0D,7181,13,28,0D:1C,,65312,,5C0223230D1C20FF
research/extract/decoded_pck/JENPCK_TBL.decoded.bin,pck_object_0004_part_005_choice_000_frame_000,pck_object_0004,pck_object_0004_part_005,pck_object_0004_part_005_choice_000,5,0,0,224,0,0x000854,118,2,draw_referenced_shape_2d,41,41,2333,0x091D,2333,29,9,1D:09,,65322,,760229291D092AFF
research/extract/decoded_pck/JENPCK_TBL.decoded.bin,pck_object_0004_part_006_choice_000_frame_002,pck_object_0004,pck_object_0004_part_006,pck_object_0004_part_006_choice_000,6,0,0,224,2,0x00087E,172,2,draw_referenced_shape_2d,44,44,11550,0x2D1E,11550,30,45,1E:2D,,65290,,AC022C2C1E2D0AFF
research/extract/decoded_pck/JENPCK_TBL.decoded.bin,pck_object_0038_part_000_choice_000_frame_009,pck_object_0038,pck_object_0038_part_000,pck_object_0038_part_000_choice_000,0,0,0,224,9,0x0029A4,232,3,draw_referenced_shape_transformed,-12,1,0,0x0000,0,0,0,00:00,0,,0,E803F40100000000
research/extract/decoded_pck/JENPCK_TBL.decoded.bin,pck_object_0038_part_004_choice_000_frame_009,pck_object_0038,pck_object_0038_part_004,pck_object_0038_part_004_choice_000,4,0,0,224,9,0x0029A4,232,3,draw_referenced_shape_transformed,-12,1,0,0x0000,0,0,0,00:00,0,,0,E803F40100000000
research/extract/decoded_pck/JENPCK_TBL.decoded.bin,pck_object_0038_part_005_choice_000_frame_009,pck_object_0038,pck_object_0038_part_005,pck_object_0038_part_005_choice_000,5,0,0,224,9,0x0029A4,232,3,draw_referenced_shape_transformed,-12,1,0,0x0000,0,0,0,00:00,0,,0,E803F40100000000
research/extract/decoded_pck/JENPCK_TBL.decoded.bin,pck_object_0038_part_006_choice_000_frame_009,pck_object_0038,pck_object_0038_part_006,pck_object_0038_part_006_choice_000,6,0,0,224,9,0x0029A4,232,3,draw_referenced_shape_transformed,-12,1,0,0x0000,0,0,0,00:00,0,,0,E803F40100000000
research/extract/decoded_pck/JENPCK_TBL.decoded.bin,pck_object_0042_part_000_choice_000_frame_009,pck_object_0042,pck_object_0042_part_000,pck_object_0042_part_000_choice_000,0,0,0,224,9,0x003454,232,3,draw_referenced_shape_transformed,-12,1,0,0x0000,0,0,0,00:00,0,,0,E803F40100000000
research/extract/decoded_pck/JENPCK_TBL.decoded.bin,pck_object_0042_part_004_choice_000_frame_009,pck_object_0042,pck_object_0042_part_004,pck_object_0042_part_004_choice_000,4,0,0,224,9,0x003454,232,3,draw_referenced_shape_transformed,-12,1,0,0x0000,0,0,0,00:00,0,,0,E803F40100000000
research/extract/decoded_pck/JENPCK_TBL.decoded.bin,pck_object_0042_part_005_choice_000_frame_009,pck_object_0042,pck_object_0042_part_005,pck_object_0042_part_005_choice_000,5,0,0,224,9,0x003454,232,3,draw_referenced_shape_transformed,-12,1,0,0x0000,0,0,0,00:00,0,,0,E803F40100000000
research/extract/decoded_pck/JENPCK_TBL.decoded.bin,pck_object_0042_part_006_choice_000_frame_009,pck_object_0042,pck_object_0042_part_006,pck_object_0042_part_006_choice_000,6,0,0,224,9,0x003454,232,3,draw_referenced_shape_transformed,-12,1,0,0x0000,0,0,0,00:00,0,,0,E803F40100000000
research/extract/decoded_pck/JENPCK_TBL.decoded.bin,pck_object_0110_part_003_choice_000_frame_001,pck_object_0110,pck_object_0110_part_003,pck_object_0110_part_003_choice_000,3,0,0,224,1,0x00875B,161,3,draw_referenced_shape_transformed,9,0,1023,0x03FF,1023,255,3,FF:03,18,,249,A1030900FF0312F9
research/extract/decoded_pck/JENPCK_TBL.decoded.bin,pck_object_0110_part_006_choice_000_frame_001,pck_object_0110,pck_object_0110_part_006,pck_object_0110_part_006_choice_000,6,0,0,224,1,0x00875B,161,3,draw_referenced_shape_transformed,9,0,1023,0x03FF,1023,255,3,FF:03,18,,249,A1030900FF0312F9
