source_file,record_id,object_id,part_id,frame_table_id,frame_abs_hex,frame_type,dx,dy,shape_ref_hex,shape_ref_unsigned,shape_ref_signed,shape_ref_low_byte,shape_ref_high_byte,candidate_kind,base_hex,target_hex,target_in_range,target_first_16_hex,score,evidence
OTHPCK_TBL.decoded.bin,pck_object_0012_part_000_choice_000_frame_001,pck_object_0012,pck_object_0012_part_000,pck_object_0012_part_000_choice_000,0x0009EA,2,-62,7,0x0000,0,0,0,0,direct_unsigned,0x000000,0x000000,yes,00000600010010000500510003005400,15,plausible_drawable_extents_at_plus6_plus8;plausible_frame_record_prefix
OTHPCK_TBL.decoded.bin,pck_object_0012_part_000_choice_000_frame_001,pck_object_0012,pck_object_0012_part_000,pck_object_0012_part_000_choice_000,0x0009EA,2,-62,7,0x0000,0,0,0,0,direct_signed,0x000000,0x000000,yes,00000600010010000500510003005400,15,plausible_drawable_extents_at_plus6_plus8;plausible_frame_record_prefix
OTHPCK_TBL.decoded.bin,pck_object_0012_part_000_choice_000_frame_001,pck_object_0012,pck_object_0012_part_000,pck_object_0012_part_000_choice_000,0x0009EA,2,-62,7,0x0000,0,0,0,0,object_plus_unsigned,0x0008E2,0x0008E2,yes,80004600000000000000010010000002,75,exact_object_offset;byte0_high_bit_set;plausible_object_header;plausible_frame_record_prefix
OTHPCK_TBL.decoded.bin,pck_object_0012_part_000_choice_000_frame_001,pck_object_0012,pck_object_0012_part_000,pck_object_0012_part_000_choice_000,0x0009EA,2,-62,7,0x0000,0,0,0,0,object_plus_signed,0x0008E2,0x0008E2,yes,80004600000000000000010010000002,75,exact_object_offset;byte0_high_bit_set;plausible_object_header;plausible_frame_record_prefix
OTHPCK_TBL.decoded.bin,pck_object_0012_part_000_choice_000_frame_001,pck_object_0012,pck_object_0012_part_000,pck_object_0012_part_000_choice_000,0x0009EA,2,-62,7,0x0000,0,0,0,0,block_plus_unsigned,0x0008E0,0x0008E0,yes,08FF8000460000000000000001001000,25,exact_block_offset
OTHPCK_TBL.decoded.bin,pck_object_0012_part_000_choice_000_frame_001,pck_object_0012,pck_object_0012_part_000,pck_object_0012_part_000_choice_000,0x0009EA,2,-62,7,0x0000,0,0,0,0,block_plus_signed,0x0008E0,0x0008E0,yes,08FF8000460000000000000001001000,25,exact_block_offset
OTHPCK_TBL.decoded.bin,pck_object_0012_part_000_choice_000_frame_001,pck_object_0012,pck_object_0012_part_000,pck_object_0012_part_000_choice_000,0x0009EA,2,-62,7,0x0000,0,0,0,0,part_plus_signed,0x0008F0,0x0008F0,yes,00021800010024000000000000000000,40,exact_part_offset;plausible_frame_record_prefix
OTHPCK_TBL.decoded.bin,pck_object_0012_part_000_choice_000_frame_001,pck_object_0012,pck_object_0012_part_000,pck_object_0012_part_000_choice_000,0x0009EA,2,-62,7,0x0000,0,0,0,0,frame_plus_signed,0x0009EA,0x0009EA,yes,0C02C2070000F001770577050C020000,35,exact_frame_record;plausible_frame_record_prefix
OTHPCK_TBL.decoded.bin,pck_object_0012_part_000_choice_000_frame_001,pck_object_0012,pck_object_0012_part_000,pck_object_0012_part_000_choice_000,0x0009EA,2,-62,7,0x0000,0,0,0,0,payload_plus_signed,0x0009EC,0x0009EC,yes,C2070000F001770577050C020000C207,5,byte0_high_bit_set
OTHPCK_TBL.decoded.bin,pck_object_0012_part_000_choice_000_frame_007,pck_object_0012,pck_object_0012_part_000,pck_object_0012_part_000_choice_000,0x000A1A,2,-8,-8,0xFBF5,64501,-1035,245,251,direct_unsigned,0x000000,0x00FBF5,no,,0,outside_decoded_stream
OTHPCK_TBL.decoded.bin,pck_object_0012_part_000_choice_000_frame_007,pck_object_0012,pck_object_0012_part_000,pck_object_0012_part_000_choice_000,0x000A1A,2,-8,-8,0xFBF5,64501,-1035,245,251,direct_signed,0x000000,-0x00040B,no,,0,outside_decoded_stream
OTHPCK_TBL.decoded.bin,pck_object_0012_part_000_choice_000_frame_007,pck_object_0012,pck_object_0012_part_000,pck_object_0012_part_000_choice_000,0x000A1A,2,-8,-8,0xFBF5,64501,-1035,245,251,object_plus_unsigned,0x0008E2,0x0104D7,no,,0,outside_decoded_stream
OTHPCK_TBL.decoded.bin,pck_object_0012_part_000_choice_000_frame_007,pck_object_0012,pck_object_0012_part_000,pck_object_0012_part_000_choice_000,0x000A1A,2,-8,-8,0xFBF5,64501,-1035,245,251,object_plus_signed,0x0008E2,0x0004D7,yes,740808FFE503A074740808FFEA033F40,0,in_range_no_structural_match
OTHPCK_TBL.decoded.bin,pck_object_0012_part_000_choice_000_frame_007,pck_object_0012,pck_object_0012_part_000,pck_object_0012_part_000_choice_000,0x000A1A,2,-8,-8,0xFBF5,64501,-1035,245,251,block_plus_unsigned,0x0008E0,0x0104D5,no,,0,outside_decoded_stream
OTHPCK_TBL.decoded.bin,pck_object_0012_part_000_choice_000_frame_007,pck_object_0012,pck_object_0012_part_000,pck_object_0012_part_000_choice_000,0x000A1A,2,-8,-8,0xFBF5,64501,-1035,245,251,block_plus_signed,0x0008E0,0x0004D5,yes,A074740808FFE503A074740808FFEA03,5,byte0_high_bit_set
OTHPCK_TBL.decoded.bin,pck_object_0012_part_000_choice_000_frame_007,pck_object_0012,pck_object_0012_part_000,pck_object_0012_part_000_choice_000,0x000A1A,2,-8,-8,0xFBF5,64501,-1035,245,251,part_plus_signed,0x0008F0,0x0004E5,yes,3F404142FF43444546FF0100F3030000,0,in_range_no_structural_match
OTHPCK_TBL.decoded.bin,pck_object_0012_part_000_choice_000_frame_007,pck_object_0012,pck_object_0012_part_000,pck_object_0012_part_000_choice_000,0x000A1A,2,-8,-8,0xFBF5,64501,-1035,245,251,frame_plus_signed,0x000A1A,0x00060F,yes,00000300150000042D00010045000004,5,plausible_frame_record_prefix
OTHPCK_TBL.decoded.bin,pck_object_0012_part_000_choice_000_frame_007,pck_object_0012,pck_object_0012_part_000,pck_object_0012_part_000_choice_000,0x000A1A,2,-8,-8,0xFBF5,64501,-1035,245,251,payload_plus_signed,0x000A1C,0x000611,yes,0300150000042D000100450000042D00,15,plausible_drawable_extents_at_plus6_plus8;plausible_frame_record_prefix
OTHPCK_TBL.decoded.bin,pck_object_0012_part_000_choice_000_frame_010,pck_object_0012,pck_object_0012_part_000,pck_object_0012_part_000_choice_000,0x000A32,2,0,0,0x0800,2048,2048,0,8,direct_unsigned,0x000000,0x000800,yes,35001E0000001400AAFF0000E7FFE7FF,5,plausible_frame_record_prefix
OTHPCK_TBL.decoded.bin,pck_object_0012_part_000_choice_000_frame_010,pck_object_0012,pck_object_0012_part_000,pck_object_0012_part_000_choice_000,0x000A32,2,0,0,0x0800,2048,2048,0,8,direct_signed,0x000000,0x000800,yes,35001E0000001400AAFF0000E7FFE7FF,5,plausible_frame_record_prefix
OTHPCK_TBL.decoded.bin,pck_object_0012_part_000_choice_000_frame_010,pck_object_0012,pck_object_0012_part_000,pck_object_0012_part_000_choice_000,0x000A32,2,0,0,0x0800,2048,2048,0,8,object_plus_unsigned,0x0008E2,0x0010E2,no,,0,outside_decoded_stream
OTHPCK_TBL.decoded.bin,pck_object_0012_part_000_choice_000_frame_010,pck_object_0012,pck_object_0012_part_000,pck_object_0012_part_000_choice_000,0x000A32,2,0,0,0x0800,2048,2048,0,8,object_plus_signed,0x0008E2,0x0010E2,no,,0,outside_decoded_stream
OTHPCK_TBL.decoded.bin,pck_object_0012_part_000_choice_000_frame_010,pck_object_0012,pck_object_0012_part_000,pck_object_0012_part_000_choice_000,0x000A32,2,0,0,0x0800,2048,2048,0,8,block_plus_unsigned,0x0008E0,0x0010E0,no,,0,outside_decoded_stream
OTHPCK_TBL.decoded.bin,pck_object_0012_part_000_choice_000_frame_010,pck_object_0012,pck_object_0012_part_000,pck_object_0012_part_000_choice_000,0x000A32,2,0,0,0x0800,2048,2048,0,8,block_plus_signed,0x0008E0,0x0010E0,no,,0,outside_decoded_stream
OTHPCK_TBL.decoded.bin,pck_object_0012_part_000_choice_000_frame_010,pck_object_0012,pck_object_0012_part_000,pck_object_0012_part_000_choice_000,0x000A32,2,0,0,0x0800,2048,2048,0,8,part_plus_signed,0x0008F0,0x0010F0,no,,0,outside_decoded_stream
OTHPCK_TBL.decoded.bin,pck_object_0012_part_000_choice_000_frame_010,pck_object_0012,pck_object_0012_part_000,pck_object_0012_part_000_choice_000,0x000A32,2,0,0,0x0800,2048,2048,0,8,frame_plus_signed,0x000A32,0x001232,no,,0,outside_decoded_stream
OTHPCK_TBL.decoded.bin,pck_object_0012_part_000_choice_000_frame_010,pck_object_0012,pck_object_0012_part_000,pck_object_0012_part_000_choice_000,0x000A32,2,0,0,0x0800,2048,2048,0,8,payload_plus_signed,0x000A34,0x001234,no,,0,outside_decoded_stream
OTHPCK_TBL.decoded.bin,pck_object_0012_part_000_choice_000_frame_012,pck_object_0012,pck_object_0012_part_000,pck_object_0012_part_000_choice_000,0x000A42,2,30,-5,0xFD79,64889,-647,121,253,direct_unsigned,0x000000,0x00FD79,no,,0,outside_decoded_stream
OTHPCK_TBL.decoded.bin,pck_object_0012_part_000_choice_000_frame_012,pck_object_0012,pck_object_0012_part_000,pck_object_0012_part_000_choice_000,0x000A42,2,30,-5,0xFD79,64889,-647,121,253,direct_signed,0x000000,-0x000287,no,,0,outside_decoded_stream
OTHPCK_TBL.decoded.bin,pck_object_0012_part_000_choice_000_frame_012,pck_object_0012,pck_object_0012_part_000,pck_object_0012_part_000_choice_000,0x000A42,2,30,-5,0xFD79,64889,-647,121,253,object_plus_unsigned,0x0008E2,0x01065B,no,,0,outside_decoded_stream
OTHPCK_TBL.decoded.bin,pck_object_0012_part_000_choice_000_frame_012,pck_object_0012,pck_object_0012_part_000,pck_object_0012_part_000_choice_000,0x000A42,2,30,-5,0xFD79,64889,-647,121,253,object_plus_signed,0x0008E2,0x00065B,yes,0800010061000001F000030808008000,5,plausible_frame_record_prefix
OTHPCK_TBL.decoded.bin,pck_object_0012_part_000_choice_000_frame_012,pck_object_0012,pck_object_0012_part_000,pck_object_0012_part_000_choice_000,0x000A42,2,30,-5,0xFD79,64889,-647,121,253,block_plus_unsigned,0x0008E0,0x010659,no,,0,outside_decoded_stream
OTHPCK_TBL.decoded.bin,pck_object_0012_part_000_choice_000_frame_012,pck_object_0012,pck_object_0012_part_000,pck_object_0012_part_000_choice_000,0x000A42,2,30,-5,0xFD79,64889,-647,121,253,block_plus_signed,0x0008E0,0x000659,yes,02080800010061000001F00003080800,0,in_range_no_structural_match
OTHPCK_TBL.decoded.bin,pck_object_0012_part_000_choice_000_frame_012,pck_object_0012,pck_object_0012_part_000,pck_object_0012_part_000_choice_000,0x000A42,2,30,-5,0xFD79,64889,-647,121,253,part_plus_signed,0x0008F0,0x000669,yes,8000FE00000000000000030017000004,75,exact_object_offset;byte0_high_bit_set;plausible_object_header;plausible_frame_record_prefix
OTHPCK_TBL.decoded.bin,pck_object_0012_part_000_choice_000_frame_012,pck_object_0012,pck_object_0012_part_000,pck_object_0012_part_000_choice_000,0x000A42,2,30,-5,0xFD79,64889,-647,121,253,frame_plus_signed,0x000A42,0x0007BB,yes,FF0304FF0506FF0708FF090AFF800077,10,byte0_high_bit_set;plausible_frame_record_prefix
OTHPCK_TBL.decoded.bin,pck_object_0012_part_000_choice_000_frame_012,pck_object_0012,pck_object_0012_part_000,pck_object_0012_part_000_choice_000,0x000A42,2,30,-5,0xFD79,64889,-647,121,253,payload_plus_signed,0x000A44,0x0007BD,yes,04FF0506FF0708FF090AFF8000770000,0,in_range_no_structural_match
