id,source_file,kind,tag,name,offset_hex,header_size,payload_offset_hex,payload_size,end_offset_hex,depth,confidence,evidence,warnings,fields
offs_0000_00000E,Original/MW_PICS.BIN,possible_offset_table,,,0x00000E,0,0x000258,327571,0x00001E,0,medium,monotonic little-endian offsets; offsets fit file; payload starts after table,,"{""entry_count"": 4, ""entry_width"": 4, ""first_value"": 600, ""last_value"": 121182}"
offs_0001_000032,Original/MW_PICS.BIN,possible_offset_table,,,0x000032,0,0x00795D,297102,0x000042,0,medium,monotonic little-endian offsets; offsets fit file; payload starts after table,,"{""entry_count"": 4, ""entry_width"": 4, ""first_value"": 31069, ""last_value"": 108197}"
offs_0002_000042,Original/MW_PICS.BIN,possible_offset_table,,,0x000042,0,0x00C0AD,278846,0x000052,0,medium,monotonic little-endian offsets; offsets fit file; payload starts after table,,"{""entry_count"": 4, ""entry_width"": 4, ""first_value"": 49325, ""last_value"": 195077}"
offs_0003_00005A,Original/MW_PICS.BIN,possible_offset_table,,,0x00005A,0,0x00448C,310623,0x00006A,0,medium,monotonic little-endian offsets; offsets fit file; payload starts after table,,"{""entry_count"": 4, ""entry_width"": 4, ""first_value"": 17548, ""last_value"": 150682}"
offs_0004_00006A,Original/MW_PICS.BIN,possible_offset_table,,,0x00006A,0,0x0051B9,307250,0x00007A,0,medium,monotonic little-endian offsets; offsets fit file; payload starts after table,,"{""entry_count"": 4, ""entry_width"": 4, ""first_value"": 20921, ""last_value"": 154391}"
offs_0005_00006E,Original/MW_PICS.BIN,possible_offset_table,,,0x00006E,0,0x020000,197099,0x00007E,0,medium,monotonic little-endian offsets; offsets fit file; payload starts after table,,"{""entry_count"": 4, ""entry_width"": 4, ""first_value"": 131072, ""last_value"": 155417}"
offs_0006_000072,Original/MW_PICS.BIN,possible_offset_table,,,0x000072,0,0x0256D9,174866,0x000082,0,medium,monotonic little-endian offsets; offsets fit file; payload starts after table,,"{""entry_count"": 4, ""entry_width"": 4, ""first_value"": 153305, ""last_value"": 156483}"
offs_0007_000076,Original/MW_PICS.BIN,possible_offset_table,,,0x000076,0,0x025B17,173780,0x000086,0,medium,monotonic little-endian offsets; offsets fit file; payload starts after table,,"{""entry_count"": 4, ""entry_width"": 4, ""first_value"": 154391, ""last_value"": 157710}"
offs_0008_00007A,Original/MW_PICS.BIN,possible_offset_table,,,0x00007A,0,0x025F19,172754,0x00008A,0,medium,monotonic little-endian offsets; offsets fit file; payload starts after table,,"{""entry_count"": 4, ""entry_width"": 4, ""first_value"": 155417, ""last_value"": 159630}"
offs_0009_00007E,Original/MW_PICS.BIN,possible_offset_table,,,0x00007E,0,0x026343,171688,0x00008E,0,medium,monotonic little-endian offsets; offsets fit file; payload starts after table,,"{""entry_count"": 4, ""entry_width"": 4, ""first_value"": 156483, ""last_value"": 161531}"
offs_0010_000082,Original/MW_PICS.BIN,possible_offset_table,,,0x000082,0,0x02680E,170461,0x000092,0,medium,monotonic little-endian offsets; offsets fit file; payload starts after table,,"{""entry_count"": 4, ""entry_width"": 4, ""first_value"": 157710, ""last_value"": 163380}"
offs_0011_000086,Original/MW_PICS.BIN,possible_offset_table,,,0x000086,0,0x026F8E,168541,0x000096,0,medium,monotonic little-endian offsets; offsets fit file; payload starts after table,,"{""entry_count"": 4, ""entry_width"": 4, ""first_value"": 159630, ""last_value"": 165475}"
offs_0012_00008A,Original/MW_PICS.BIN,possible_offset_table,,,0x00008A,0,0x0276FB,166640,0x00009A,0,medium,monotonic little-endian offsets; offsets fit file; payload starts after table,,"{""entry_count"": 4, ""entry_width"": 4, ""first_value"": 161531, ""last_value"": 167621}"
offs_0013_00008E,Original/MW_PICS.BIN,possible_offset_table,,,0x00008E,0,0x027E34,164791,0x00009E,0,medium,monotonic little-endian offsets; offsets fit file; payload starts after table,,"{""entry_count"": 4, ""entry_width"": 4, ""first_value"": 163380, ""last_value"": 168753}"
offs_0014_000092,Original/MW_PICS.BIN,possible_offset_table,,,0x000092,0,0x028663,162696,0x0000A2,0,medium,monotonic little-endian offsets; offsets fit file; payload starts after table,,"{""entry_count"": 4, ""entry_width"": 4, ""first_value"": 165475, ""last_value"": 169670}"
offs_0015_000096,Original/MW_PICS.BIN,possible_offset_table,,,0x000096,0,0x028EC5,160550,0x0000A6,0,medium,monotonic little-endian offsets; offsets fit file; payload starts after table,,"{""entry_count"": 4, ""entry_width"": 4, ""first_value"": 167621, ""last_value"": 170609}"
offs_0016_00009A,Original/MW_PICS.BIN,possible_offset_table,,,0x00009A,0,0x029331,159418,0x0000AA,0,medium,monotonic little-endian offsets; offsets fit file; payload starts after table,,"{""entry_count"": 4, ""entry_width"": 4, ""first_value"": 168753, ""last_value"": 171522}"
offs_0017_00009E,Original/MW_PICS.BIN,possible_offset_table,,,0x00009E,0,0x0296C6,158501,0x0000AE,0,medium,monotonic little-endian offsets; offsets fit file; payload starts after table,,"{""entry_count"": 4, ""entry_width"": 4, ""first_value"": 169670, ""last_value"": 172489}"
offs_0018_0000A2,Original/MW_PICS.BIN,possible_offset_table,,,0x0000A2,0,0x029A71,157562,0x0000B2,0,medium,monotonic little-endian offsets; offsets fit file; payload starts after table,,"{""entry_count"": 4, ""entry_width"": 4, ""first_value"": 170609, ""last_value"": 173704}"
offs_0019_0000A6,Original/MW_PICS.BIN,possible_offset_table,,,0x0000A6,0,0x029E02,156649,0x0000B6,0,medium,monotonic little-endian offsets; offsets fit file; payload starts after table,,"{""entry_count"": 4, ""entry_width"": 4, ""first_value"": 171522, ""last_value"": 174877}"
offs_0020_0000AA,Original/MW_PICS.BIN,possible_offset_table,,,0x0000AA,0,0x02A1C9,155682,0x0000BA,0,medium,monotonic little-endian offsets; offsets fit file; payload starts after table,,"{""entry_count"": 4, ""entry_width"": 4, ""first_value"": 172489, ""last_value"": 176108}"
offs_0021_0000AE,Original/MW_PICS.BIN,possible_offset_table,,,0x0000AE,0,0x02A688,154467,0x0000BE,0,medium,monotonic little-endian offsets; offsets fit file; payload starts after table,,"{""entry_count"": 4, ""entry_width"": 4, ""first_value"": 173704, ""last_value"": 177441}"
offs_0022_0000B2,Original/MW_PICS.BIN,possible_offset_table,,,0x0000B2,0,0x02AB1D,153294,0x0000C2,0,medium,monotonic little-endian offsets; offsets fit file; payload starts after table,,"{""entry_count"": 4, ""entry_width"": 4, ""first_value"": 174877, ""last_value"": 178772}"
offs_0023_0000B6,Original/MW_PICS.BIN,possible_offset_table,,,0x0000B6,0,0x02AFEC,152063,0x0000C6,0,medium,monotonic little-endian offsets; offsets fit file; payload starts after table,,"{""entry_count"": 4, ""entry_width"": 4, ""first_value"": 176108, ""last_value"": 182478}"
offs_0024_0000BA,Original/MW_PICS.BIN,possible_offset_table,,,0x0000BA,0,0x02B521,150730,0x0000CA,0,medium,monotonic little-endian offsets; offsets fit file; payload starts after table,,"{""entry_count"": 4, ""entry_width"": 4, ""first_value"": 177441, ""last_value"": 186579}"
offs_0025_0000BE,Original/MW_PICS.BIN,possible_offset_table,,,0x0000BE,0,0x02BA54,149399,0x0000CE,0,medium,monotonic little-endian offsets; offsets fit file; payload starts after table,,"{""entry_count"": 4, ""entry_width"": 4, ""first_value"": 178772, ""last_value"": 190623}"
offs_0026_0000C2,Original/MW_PICS.BIN,possible_offset_table,,,0x0000C2,0,0x02C8CE,145693,0x0000D2,0,medium,monotonic little-endian offsets; offsets fit file; payload starts after table,,"{""entry_count"": 4, ""entry_width"": 4, ""first_value"": 182478, ""last_value"": 260063}"
offs_0027_0000D2,Original/MW_PICS.BIN,possible_offset_table,,,0x0000D2,0,0x030736,129717,0x0000E2,0,medium,monotonic little-endian offsets; offsets fit file; payload starts after table,,"{""entry_count"": 4, ""entry_width"": 4, ""first_value"": 198454, ""last_value"": 209652}"
offs_0028_0000D6,Original/MW_PICS.BIN,possible_offset_table,,,0x0000D6,0,0x0315EA,125953,0x0000E6,0,medium,monotonic little-endian offsets; offsets fit file; payload starts after table,,"{""entry_count"": 4, ""entry_width"": 4, ""first_value"": 202218, ""last_value"": 213389}"
offs_0029_0000DA,Original/MW_PICS.BIN,possible_offset_table,,,0x0000DA,0,0x032363,122504,0x0000EA,0,medium,monotonic little-endian offsets; offsets fit file; payload starts after table,,"{""entry_count"": 4, ""entry_width"": 4, ""first_value"": 205667, ""last_value"": 217611}"
offs_0030_0000DE,Original/MW_PICS.BIN,possible_offset_table,,,0x0000DE,0,0x0332F4,118519,0x0000EE,0,medium,monotonic little-endian offsets; offsets fit file; payload starts after table,,"{""entry_count"": 4, ""entry_width"": 4, ""first_value"": 209652, ""last_value"": 222375}"
offs_0031_0000E2,Original/MW_PICS.BIN,possible_offset_table,,,0x0000E2,0,0x03418D,114782,0x0000F2,0,medium,monotonic little-endian offsets; offsets fit file; payload starts after table,,"{""entry_count"": 4, ""entry_width"": 4, ""first_value"": 213389, ""last_value"": 225813}"
offs_0032_0000E6,Original/MW_PICS.BIN,possible_offset_table,,,0x0000E6,0,0x03520B,110560,0x0000F6,0,medium,monotonic little-endian offsets; offsets fit file; payload starts after table,,"{""entry_count"": 4, ""entry_width"": 4, ""first_value"": 217611, ""last_value"": 229600}"
offs_0033_0000EA,Original/MW_PICS.BIN,possible_offset_table,,,0x0000EA,0,0x0364A7,105796,0x0000FA,0,medium,monotonic little-endian offsets; offsets fit file; payload starts after table,,"{""entry_count"": 4, ""entry_width"": 4, ""first_value"": 222375, ""last_value"": 233236}"
offs_0034_0000EE,Original/MW_PICS.BIN,possible_offset_table,,,0x0000EE,0,0x037215,102358,0x0000FE,0,medium,monotonic little-endian offsets; offsets fit file; payload starts after table,,"{""entry_count"": 4, ""entry_width"": 4, ""first_value"": 225813, ""last_value"": 233246}"
offs_0035_0000F2,Original/MW_PICS.BIN,possible_offset_table,,,0x0000F2,0,0x0380E0,98571,0x000102,0,medium,monotonic little-endian offsets; offsets fit file; payload starts after table,,"{""entry_count"": 4, ""entry_width"": 4, ""first_value"": 229600, ""last_value"": 238293}"
offs_0036_0000F6,Original/MW_PICS.BIN,possible_offset_table,,,0x0000F6,0,0x038F14,94935,0x000106,0,medium,monotonic little-endian offsets; offsets fit file; payload starts after table,,"{""entry_count"": 4, ""entry_width"": 4, ""first_value"": 233236, ""last_value"": 242426}"
offs_0037_0000FA,Original/MW_PICS.BIN,possible_offset_table,,,0x0000FA,0,0x038F1E,94925,0x00010A,0,medium,monotonic little-endian offsets; offsets fit file; payload starts after table,,"{""entry_count"": 4, ""entry_width"": 4, ""first_value"": 233246, ""last_value"": 247783}"
offs_0038_0000FE,Original/MW_PICS.BIN,possible_offset_table,,,0x0000FE,0,0x03A2D5,89878,0x00010E,0,medium,monotonic little-endian offsets; offsets fit file; payload starts after table,,"{""entry_count"": 4, ""entry_width"": 4, ""first_value"": 238293, ""last_value"": 252055}"
offs_0039_000102,Original/MW_PICS.BIN,possible_offset_table,,,0x000102,0,0x03B2FA,85745,0x000112,0,medium,monotonic little-endian offsets; offsets fit file; payload starts after table,,"{""entry_count"": 4, ""entry_width"": 4, ""first_value"": 242426, ""last_value"": 257056}"
offs_0040_000106,Original/MW_PICS.BIN,possible_offset_table,,,0x000106,0,0x03C7E7,80388,0x000116,0,medium,monotonic little-endian offsets; offsets fit file; payload starts after table,,"{""entry_count"": 4, ""entry_width"": 4, ""first_value"": 247783, ""last_value"": 326743}"
offs_0041_000116,Original/MW_PICS.BIN,possible_offset_table,,,0x000116,0,0x040D39,62642,0x000126,0,medium,monotonic little-endian offsets; offsets fit file; payload starts after table,,"{""entry_count"": 4, ""entry_width"": 4, ""first_value"": 265529, ""last_value"": 277188}"
offs_0042_00011A,Original/MW_PICS.BIN,possible_offset_table,,,0x00011A,0,0x041BFC,58863,0x00012A,0,medium,monotonic little-endian offsets; offsets fit file; payload starts after table,,"{""entry_count"": 4, ""entry_width"": 4, ""first_value"": 269308, ""last_value"": 282669}"
offs_0043_00011E,Original/MW_PICS.BIN,possible_offset_table,,,0x00011E,0,0x042C64,54663,0x00012E,0,medium,monotonic little-endian offsets; offsets fit file; payload starts after table,,"{""entry_count"": 4, ""entry_width"": 4, ""first_value"": 273508, ""last_value"": 297358}"
offs_0044_000122,Original/MW_PICS.BIN,possible_offset_table,,,0x000122,0,0x043AC4,50983,0x000132,0,medium,monotonic little-endian offsets; offsets fit file; payload starts after table,,"{""entry_count"": 4, ""entry_width"": 4, ""first_value"": 277188, ""last_value"": 297368}"
offs_0045_000126,Original/MW_PICS.BIN,possible_offset_table,,,0x000126,0,0x04502D,45502,0x000136,0,medium,monotonic little-endian offsets; offsets fit file; payload starts after table,,"{""entry_count"": 4, ""entry_width"": 4, ""first_value"": 282669, ""last_value"": 297378}"
offs_0046_00012A,Original/MW_PICS.BIN,possible_offset_table,,,0x00012A,0,0x04898E,30813,0x00013A,0,medium,monotonic little-endian offsets; offsets fit file; payload starts after table,,"{""entry_count"": 4, ""entry_width"": 4, ""first_value"": 297358, ""last_value"": 304827}"
offs_0047_0001CA,Original/MW_PICS.BIN,possible_offset_table,,,0x0001CA,0,0x000402,327145,0x0001D2,0,medium,monotonic little-endian offsets; offsets fit file; payload starts after table,,"{""entry_count"": 4, ""entry_width"": 2, ""first_value"": 1026, ""last_value"": 1920}"
offs_0048_000270,Original/MW_PICS.BIN,possible_offset_table,,,0x000270,0,0x007F98,295507,0x000278,0,medium,monotonic little-endian offsets; offsets fit file; payload starts after table,,"{""entry_count"": 4, ""entry_width"": 2, ""first_value"": 32664, ""last_value"": 59886}"
offs_0049_0002C4,Original/MW_PICS.BIN,possible_offset_table,,,0x0002C4,0,0x002923,317640,0x0002CC,0,medium,monotonic little-endian offsets; offsets fit file; payload starts after table,,"{""entry_count"": 4, ""entry_width"": 2, ""first_value"": 10531, ""last_value"": 58094}"
offs_0050_0002E4,Original/MW_PICS.BIN,possible_offset_table,,,0x0002E4,0,0x0033E3,314888,0x0002EC,0,medium,monotonic little-endian offsets; offsets fit file; payload starts after table,,"{""entry_count"": 4, ""entry_width"": 2, ""first_value"": 13283, ""last_value"": 59886}"
offs_0051_0002FA,Original/MW_PICS.BIN,possible_offset_table,,,0x0002FA,0,0x006769,301698,0x000302,0,medium,monotonic little-endian offsets; offsets fit file; payload starts after table,,"{""entry_count"": 4, ""entry_width"": 2, ""first_value"": 26473, ""last_value"": 38774}"
offs_0052_00033E,Original/MW_PICS.BIN,possible_offset_table,,,0x00033E,0,0x002B77,317044,0x000346,0,medium,monotonic little-endian offsets; offsets fit file; payload starts after table,,"{""entry_count"": 4, ""entry_width"": 2, ""first_value"": 11127, ""last_value"": 59881}"
offs_0053_000340,Original/MW_PICS.BIN,possible_offset_table,,,0x000340,0,0x00E3EE,269821,0x000348,0,medium,monotonic little-endian offsets; offsets fit file; payload starts after table,,"{""entry_count"": 4, ""entry_width"": 2, ""first_value"": 58350, ""last_value"": 61081}"
offs_0054_000354,Original/MW_PICS.BIN,possible_offset_table,,,0x000354,0,0x003929,313538,0x00035C,0,medium,monotonic little-endian offsets; offsets fit file; payload starts after table,,"{""entry_count"": 4, ""entry_width"": 2, ""first_value"": 14633, ""last_value"": 59711}"
offs_0055_0003C0,Original/MW_PICS.BIN,possible_offset_table,,,0x0003C0,0,0x002BB2,316985,0x0003C8,0,medium,monotonic little-endian offsets; offsets fit file; payload starts after table,,"{""entry_count"": 4, ""entry_width"": 2, ""first_value"": 11186, ""last_value"": 60969}"
offs_0056_0003E4,Original/MW_PICS.BIN,possible_offset_table,,,0x0003E4,0,0x002369,319106,0x0003EC,0,medium,monotonic little-endian offsets; offsets fit file; payload starts after table,,"{""entry_count"": 4, ""entry_width"": 2, ""first_value"": 9065, ""last_value"": 63129}"
