source_file,selected_choice_index,selection_threshold,record_id,object_id,part_id,frame_table_id,frame_abs_hex,frame_type,dx,dy,shape_ref_hex,shape_ref_unsigned,shape_ref_signed,shape_ref_low_byte,shape_ref_high_byte,byte_pair_key,transform_index,extra_word,extra_byte,candidate_rank,candidate_kind,base_hex,target_hex,target_in_range,target_first_16_hex,score,evidence
JENPCK_TBL.decoded.bin,0,160,pck_object_0004_part_002_choice_000_frame_000,pck_object_0004,pck_object_0004_part_002,pck_object_0004_part_002_choice_000,0x0007EA,2,27,27,0x1D1C,7452,7452,28,29,1C:1D,,65310,,1,object_plus_signed,0x0005E6,0x002302,yes,91010100B80000000D00C0000A0A8108,40,exact_frame_record;byte0_high_bit_set;plausible_frame_record_prefix
JENPCK_TBL.decoded.bin,0,160,pck_object_0004_part_002_choice_000_frame_000,pck_object_0004,pck_object_0004_part_002,pck_object_0004_part_002_choice_000,0x0007EA,2,27,27,0x1D1C,7452,7452,28,29,1C:1D,,65310,,2,object_plus_unsigned,0x0005E6,0x002302,yes,91010100B80000000D00C0000A0A8108,40,exact_frame_record;byte0_high_bit_set;plausible_frame_record_prefix
JENPCK_TBL.decoded.bin,0,160,pck_object_0004_part_002_choice_000_frame_000,pck_object_0004,pck_object_0004_part_002,pck_object_0004_part_002_choice_000,0x0007EA,2,27,27,0x1D1C,7452,7452,28,29,1C:1D,,65310,,3,part_plus_signed,0x000604,0x002320,yes,81000000000B340181000000000E3A01,35,byte0_high_bit_set;plausible_object_header;plausible_drawable_extents_at_plus6_plus8;plausible_frame_record_prefix
JENPCK_TBL.decoded.bin,0,160,pck_object_0004_part_002_choice_000_frame_000,pck_object_0004,pck_object_0004_part_002,pck_object_0004_part_002_choice_000,0x0007EA,2,27,27,0x1D1C,7452,7452,28,29,1C:1D,,65310,,4,direct_signed,0x000000,0x001D1C,yes,F0FF00F80000000088FFF3FFE5FE88FF,5,byte0_high_bit_set
JENPCK_TBL.decoded.bin,0,160,pck_object_0004_part_002_choice_000_frame_000,pck_object_0004,pck_object_0004_part_002,pck_object_0004_part_002_choice_000,0x0007EA,2,27,27,0x1D1C,7452,7452,28,29,1C:1D,,65310,,5,direct_unsigned,0x000000,0x001D1C,yes,F0FF00F80000000088FFF3FFE5FE88FF,5,byte0_high_bit_set
JENPCK_TBL.decoded.bin,0,160,pck_object_0004_part_003_choice_000_frame_002,pck_object_0004,pck_object_0004_part_003,pck_object_0004_part_003_choice_000,0x000814,2,32,32,0x1B1C,6940,6940,28,27,1C:1B,,65313,,1,object_plus_signed,0x0005E6,0x002102,yes,0100160000181E000100AE00F4016400,45,exact_frame_record;plausible_drawable_extents_at_plus6_plus8;plausible_frame_record_prefix
JENPCK_TBL.decoded.bin,0,160,pck_object_0004_part_003_choice_000_frame_002,pck_object_0004,pck_object_0004_part_003,pck_object_0004_part_003_choice_000,0x000814,2,32,32,0x1B1C,6940,6940,28,27,1C:1B,,65313,,2,object_plus_unsigned,0x0005E6,0x002102,yes,0100160000181E000100AE00F4016400,45,exact_frame_record;plausible_drawable_extents_at_plus6_plus8;plausible_frame_record_prefix
JENPCK_TBL.decoded.bin,0,160,pck_object_0004_part_003_choice_000_frame_002,pck_object_0004,pck_object_0004_part_003,pck_object_0004_part_003_choice_000,0x000814,2,32,32,0x1B1C,6940,6940,28,27,1C:1B,,65313,,3,payload_plus_signed,0x000816,0x002332,yes,01010111400181080808080B46018108,35,exact_frame_record;plausible_frame_record_prefix
JENPCK_TBL.decoded.bin,0,160,pck_object_0004_part_003_choice_000_frame_002,pck_object_0004,pck_object_0004_part_003,pck_object_0004_part_003_choice_000,0x000814,2,32,32,0x1B1C,6940,6940,28,27,1C:1B,,65313,,4,part_plus_signed,0x00060C,0x002128,yes,CBFF75003500CBFF75000000F10711FF,20,byte0_high_bit_set;plausible_object_header
JENPCK_TBL.decoded.bin,0,160,pck_object_0004_part_003_choice_000_frame_002,pck_object_0004,pck_object_0004_part_003,pck_object_0004_part_003_choice_000,0x000814,2,32,32,0x1B1C,6940,6940,28,27,1C:1B,,65313,,5,block_plus_signed,0x0005E0,0x0020FC,yes,0000000000000100160000181E000100,15,plausible_drawable_extents_at_plus6_plus8;plausible_frame_record_prefix
JENPCK_TBL.decoded.bin,0,160,pck_object_0004_part_004_choice_000_frame_000,pck_object_0004,pck_object_0004_part_004,pck_object_0004_part_004_choice_000,0x00083A,2,35,35,0x1C0D,7181,7181,13,28,0D:1C,,65312,,1,block_plus_signed,0x0005E0,0x0021ED,yes,000015500181010101010E5601810808,5,plausible_frame_record_prefix
JENPCK_TBL.decoded.bin,0,160,pck_object_0004_part_004_choice_000_frame_000,pck_object_0004,pck_object_0004_part_004,pck_object_0004_part_004_choice_000,0x00083A,2,35,35,0x1C0D,7181,7181,13,28,0D:1C,,65312,,2,block_plus_unsigned,0x0005E0,0x0021ED,yes,000015500181010101010E5601810808,5,plausible_frame_record_prefix
JENPCK_TBL.decoded.bin,0,160,pck_object_0004_part_004_choice_000_frame_000,pck_object_0004,pck_object_0004_part_004,pck_object_0004_part_004_choice_000,0x00083A,2,35,35,0x1C0D,7181,7181,13,28,0D:1C,,65312,,3,object_plus_signed,0x0005E6,0x0021F3,yes,010101010E56018108080808165C0181,5,plausible_frame_record_prefix
JENPCK_TBL.decoded.bin,0,160,pck_object_0004_part_004_choice_000_frame_000,pck_object_0004,pck_object_0004_part_004,pck_object_0004_part_004_choice_000,0x00083A,2,35,35,0x1C0D,7181,7181,13,28,0D:1C,,65312,,4,object_plus_unsigned,0x0005E6,0x0021F3,yes,010101010E56018108080808165C0181,5,plausible_frame_record_prefix
JENPCK_TBL.decoded.bin,0,160,pck_object_0004_part_004_choice_000_frame_000,pck_object_0004,pck_object_0004_part_004,pck_object_0004_part_004_choice_000,0x00083A,2,35,35,0x1C0D,7181,7181,13,28,0D:1C,,65312,,5,direct_signed,0x000000,0x001C0D,yes,00B2000A0A8108010801011A01810101,0,in_range_no_structural_match
JENPCK_TBL.decoded.bin,0,160,pck_object_0004_part_005_choice_000_frame_000,pck_object_0004,pck_object_0004_part_005,pck_object_0004_part_005_choice_000,0x000854,2,41,41,0x091D,2333,2333,29,9,1D:09,,65322,,1,block_plus_signed,0x0005E0,0x000EFD,yes,0000BA0028000701000000000008A000,35,exact_frame_record;plausible_frame_record_prefix
JENPCK_TBL.decoded.bin,0,160,pck_object_0004_part_005_choice_000_frame_000,pck_object_0004,pck_object_0004_part_005,pck_object_0004_part_005_choice_000,0x000854,2,41,41,0x091D,2333,2333,29,9,1D:09,,65322,,2,block_plus_unsigned,0x0005E0,0x000EFD,yes,0000BA0028000701000000000008A000,35,exact_frame_record;plausible_frame_record_prefix
JENPCK_TBL.decoded.bin,0,160,pck_object_0004_part_005_choice_000_frame_000,pck_object_0004,pck_object_0004_part_005,pck_object_0004_part_005_choice_000,0x000854,2,41,41,0x091D,2333,2333,29,9,1D:09,,65322,,3,frame_plus_signed,0x000854,0x001171,yes,000000000008A0002800070100000008,15,plausible_drawable_extents_at_plus6_plus8;plausible_frame_record_prefix
JENPCK_TBL.decoded.bin,0,160,pck_object_0004_part_005_choice_000_frame_000,pck_object_0004,pck_object_0004_part_005,pck_object_0004_part_005_choice_000,0x000854,2,41,41,0x091D,2333,2333,29,9,1D:09,,65322,,4,part_plus_signed,0x00061C,0x000F39,yes,9E0081000000000AA4000202030405FF,10,byte0_high_bit_set;plausible_frame_record_prefix
JENPCK_TBL.decoded.bin,0,160,pck_object_0004_part_005_choice_000_frame_000,pck_object_0004,pck_object_0004_part_005,pck_object_0004_part_005_choice_000,0x000854,2,41,41,0x091D,2333,2333,29,9,1D:09,,65322,,5,object_plus_signed,0x0005E6,0x000F03,yes,0701000000000008A000280007010000,5,plausible_frame_record_prefix
JENPCK_TBL.decoded.bin,0,160,pck_object_0004_part_006_choice_000_frame_000,pck_object_0004,pck_object_0004_part_006,pck_object_0004_part_006_choice_000,0x00086E,2,-127,7,0x0707,1799,1799,7,7,07:07,,2055,,1,frame_plus_signed,0x00086E,0x000F75,yes,00000058FA58FAA000D8FFFA00BA00D8,35,exact_frame_record;plausible_frame_record_prefix
JENPCK_TBL.decoded.bin,0,160,pck_object_0004_part_006_choice_000_frame_000,pck_object_0004,pck_object_0004_part_006,pck_object_0004_part_006_choice_000,0x00086E,2,-127,7,0x0707,1799,1799,7,7,07:07,,2055,,2,direct_signed,0x000000,0x000707,yes,FAA80588FF000022012AF958029CFF00,5,byte0_high_bit_set
JENPCK_TBL.decoded.bin,0,160,pck_object_0004_part_006_choice_000_frame_000,pck_object_0004,pck_object_0004_part_006,pck_object_0004_part_006_choice_000,0x00086E,2,-127,7,0x0707,1799,1799,7,7,07:07,,2055,,3,direct_unsigned,0x000000,0x000707,yes,FAA80588FF000022012AF958029CFF00,5,byte0_high_bit_set
JENPCK_TBL.decoded.bin,0,160,pck_object_0004_part_006_choice_000_frame_000,pck_object_0004,pck_object_0004_part_006,pck_object_0004_part_006_choice_000,0x00086E,2,-127,7,0x0707,1799,1799,7,7,07:07,,2055,,4,object_plus_signed,0x0005E6,0x000CED,yes,FF80003A0100000000000001001C0000,5,byte0_high_bit_set
JENPCK_TBL.decoded.bin,0,160,pck_object_0004_part_006_choice_000_frame_000,pck_object_0004,pck_object_0004_part_006,pck_object_0004_part_006_choice_000,0x00086E,2,-127,7,0x0707,1799,1799,7,7,07:07,,2055,,5,object_plus_unsigned,0x0005E6,0x000CED,yes,FF80003A0100000000000001001C0000,5,byte0_high_bit_set
JENPCK_TBL.decoded.bin,0,160,pck_object_0038_part_000_choice_000_frame_009,pck_object_0038,pck_object_0038_part_000,pck_object_0038_part_000_choice_000,0x0029A4,3,-12,1,0x0000,0,0,0,0,00:00,0,,0,1,object_plus_signed,0x00295C,0x00295C,yes,80004D0100000000000007001A00002E,105,exact_object_offset;exact_frame_record;byte0_high_bit_set;plausible_object_header;plausible_frame_record_prefix
JENPCK_TBL.decoded.bin,0,160,pck_object_0038_part_000_choice_000_frame_009,pck_object_0038,pck_object_0038_part_000,pck_object_0038_part_000_choice_000,0x0029A4,3,-12,1,0x0000,0,0,0,0,00:00,0,,0,2,object_plus_unsigned,0x00295C,0x00295C,yes,80004D0100000000000007001A00002E,105,exact_object_offset;exact_frame_record;byte0_high_bit_set;plausible_object_header;plausible_frame_record_prefix
JENPCK_TBL.decoded.bin,0,160,pck_object_0038_part_000_choice_000_frame_009,pck_object_0038,pck_object_0038_part_000,pck_object_0038_part_000_choice_000,0x0029A4,3,-12,1,0x0000,0,0,0,0,00:00,0,,0,3,frame_plus_signed,0x0029A4,0x0029A4,yes,E803F4010000000000F888FF5D005E00,40,exact_frame_record;byte0_high_bit_set;plausible_frame_record_prefix
JENPCK_TBL.decoded.bin,0,160,pck_object_0038_part_000_choice_000_frame_009,pck_object_0038,pck_object_0038_part_000,pck_object_0038_part_000_choice_000,0x0029A4,3,-12,1,0x0000,0,0,0,0,00:00,0,,0,4,part_plus_signed,0x00296A,0x00296A,yes,002E520001006601142E52000100D601,35,exact_part_offset
JENPCK_TBL.decoded.bin,0,160,pck_object_0038_part_000_choice_000_frame_009,pck_object_0038,pck_object_0038_part_000,pck_object_0038_part_000_choice_000,0x0029A4,3,-12,1,0x0000,0,0,0,0,00:00,0,,0,5,block_plus_signed,0x002950,0x002950,yes,0A0A090302FF0A0A02050DFF80004D01,25,exact_block_offset
JENPCK_TBL.decoded.bin,0,160,pck_object_0038_part_004_choice_000_frame_009,pck_object_0038,pck_object_0038_part_004,pck_object_0038_part_004_choice_000,0x0029A4,3,-12,1,0x0000,0,0,0,0,00:00,0,,0,1,object_plus_signed,0x00295C,0x00295C,yes,80004D0100000000000007001A00002E,105,exact_object_offset;exact_frame_record;byte0_high_bit_set;plausible_object_header;plausible_frame_record_prefix
JENPCK_TBL.decoded.bin,0,160,pck_object_0038_part_004_choice_000_frame_009,pck_object_0038,pck_object_0038_part_004,pck_object_0038_part_004_choice_000,0x0029A4,3,-12,1,0x0000,0,0,0,0,00:00,0,,0,2,object_plus_unsigned,0x00295C,0x00295C,yes,80004D0100000000000007001A00002E,105,exact_object_offset;exact_frame_record;byte0_high_bit_set;plausible_object_header;plausible_frame_record_prefix
JENPCK_TBL.decoded.bin,0,160,pck_object_0038_part_004_choice_000_frame_009,pck_object_0038,pck_object_0038_part_004,pck_object_0038_part_004_choice_000,0x0029A4,3,-12,1,0x0000,0,0,0,0,00:00,0,,0,3,frame_plus_signed,0x0029A4,0x0029A4,yes,E803F4010000000000F888FF5D005E00,40,exact_frame_record;byte0_high_bit_set;plausible_frame_record_prefix
JENPCK_TBL.decoded.bin,0,160,pck_object_0038_part_004_choice_000_frame_009,pck_object_0038,pck_object_0038_part_004,pck_object_0038_part_004_choice_000,0x0029A4,3,-12,1,0x0000,0,0,0,0,00:00,0,,0,4,part_plus_signed,0x00298A,0x00298A,yes,262E520001004E02282E520001006802,35,exact_part_offset
JENPCK_TBL.decoded.bin,0,160,pck_object_0038_part_004_choice_000_frame_009,pck_object_0038,pck_object_0038_part_004,pck_object_0038_part_004_choice_000,0x0029A4,3,-12,1,0x0000,0,0,0,0,00:00,0,,0,5,block_plus_signed,0x002950,0x002950,yes,0A0A090302FF0A0A02050DFF80004D01,25,exact_block_offset
JENPCK_TBL.decoded.bin,0,160,pck_object_0038_part_005_choice_000_frame_009,pck_object_0038,pck_object_0038_part_005,pck_object_0038_part_005_choice_000,0x0029A4,3,-12,1,0x0000,0,0,0,0,00:00,0,,0,1,object_plus_signed,0x00295C,0x00295C,yes,80004D0100000000000007001A00002E,105,exact_object_offset;exact_frame_record;byte0_high_bit_set;plausible_object_header;plausible_frame_record_prefix
JENPCK_TBL.decoded.bin,0,160,pck_object_0038_part_005_choice_000_frame_009,pck_object_0038,pck_object_0038_part_005,pck_object_0038_part_005_choice_000,0x0029A4,3,-12,1,0x0000,0,0,0,0,00:00,0,,0,2,object_plus_unsigned,0x00295C,0x00295C,yes,80004D0100000000000007001A00002E,105,exact_object_offset;exact_frame_record;byte0_high_bit_set;plausible_object_header;plausible_frame_record_prefix
JENPCK_TBL.decoded.bin,0,160,pck_object_0038_part_005_choice_000_frame_009,pck_object_0038,pck_object_0038_part_005,pck_object_0038_part_005_choice_000,0x0029A4,3,-12,1,0x0000,0,0,0,0,00:00,0,,0,3,frame_plus_signed,0x0029A4,0x0029A4,yes,E803F4010000000000F888FF5D005E00,40,exact_frame_record;byte0_high_bit_set;plausible_frame_record_prefix
JENPCK_TBL.decoded.bin,0,160,pck_object_0038_part_005_choice_000_frame_009,pck_object_0038,pck_object_0038_part_005,pck_object_0038_part_005_choice_000,0x0029A4,3,-12,1,0x0000,0,0,0,0,00:00,0,,0,4,part_plus_signed,0x002992,0x002992,yes,282E5200010068022B2E520001008202,35,exact_part_offset
JENPCK_TBL.decoded.bin,0,160,pck_object_0038_part_005_choice_000_frame_009,pck_object_0038,pck_object_0038_part_005,pck_object_0038_part_005_choice_000,0x0029A4,3,-12,1,0x0000,0,0,0,0,00:00,0,,0,5,block_plus_signed,0x002950,0x002950,yes,0A0A090302FF0A0A02050DFF80004D01,25,exact_block_offset
JENPCK_TBL.decoded.bin,0,160,pck_object_0038_part_006_choice_000_frame_009,pck_object_0038,pck_object_0038_part_006,pck_object_0038_part_006_choice_000,0x0029A4,3,-12,1,0x0000,0,0,0,0,00:00,0,,0,1,object_plus_signed,0x00295C,0x00295C,yes,80004D0100000000000007001A00002E,105,exact_object_offset;exact_frame_record;byte0_high_bit_set;plausible_object_header;plausible_frame_record_prefix
JENPCK_TBL.decoded.bin,0,160,pck_object_0038_part_006_choice_000_frame_009,pck_object_0038,pck_object_0038_part_006,pck_object_0038_part_006_choice_000,0x0029A4,3,-12,1,0x0000,0,0,0,0,00:00,0,,0,2,object_plus_unsigned,0x00295C,0x00295C,yes,80004D0100000000000007001A00002E,105,exact_object_offset;exact_frame_record;byte0_high_bit_set;plausible_object_header;plausible_frame_record_prefix
JENPCK_TBL.decoded.bin,0,160,pck_object_0038_part_006_choice_000_frame_009,pck_object_0038,pck_object_0038_part_006,pck_object_0038_part_006_choice_000,0x0029A4,3,-12,1,0x0000,0,0,0,0,00:00,0,,0,3,frame_plus_signed,0x0029A4,0x0029A4,yes,E803F4010000000000F888FF5D005E00,40,exact_frame_record;byte0_high_bit_set;plausible_frame_record_prefix
JENPCK_TBL.decoded.bin,0,160,pck_object_0038_part_006_choice_000_frame_009,pck_object_0038,pck_object_0038_part_006,pck_object_0038_part_006_choice_000,0x0029A4,3,-12,1,0x0000,0,0,0,0,00:00,0,,0,4,part_plus_signed,0x00299A,0x00299A,yes,2B2E5200010082020000E803F4010000,35,exact_part_offset
JENPCK_TBL.decoded.bin,0,160,pck_object_0038_part_006_choice_000_frame_009,pck_object_0038,pck_object_0038_part_006,pck_object_0038_part_006_choice_000,0x0029A4,3,-12,1,0x0000,0,0,0,0,00:00,0,,0,5,block_plus_signed,0x002950,0x002950,yes,0A0A090302FF0A0A02050DFF80004D01,25,exact_block_offset
JENPCK_TBL.decoded.bin,0,160,pck_object_0042_part_000_choice_000_frame_009,pck_object_0042,pck_object_0042_part_000,pck_object_0042_part_000_choice_000,0x003454,3,-12,1,0x0000,0,0,0,0,00:00,0,,0,1,object_plus_signed,0x00340C,0x00340C,yes,8000560100000000000007001A00002E,105,exact_object_offset;exact_frame_record;byte0_high_bit_set;plausible_object_header;plausible_frame_record_prefix
JENPCK_TBL.decoded.bin,0,160,pck_object_0042_part_000_choice_000_frame_009,pck_object_0042,pck_object_0042_part_000,pck_object_0042_part_000_choice_000,0x003454,3,-12,1,0x0000,0,0,0,0,00:00,0,,0,2,object_plus_unsigned,0x00340C,0x00340C,yes,8000560100000000000007001A00002E,105,exact_object_offset;exact_frame_record;byte0_high_bit_set;plausible_object_header;plausible_frame_record_prefix
JENPCK_TBL.decoded.bin,0,160,pck_object_0042_part_000_choice_000_frame_009,pck_object_0042,pck_object_0042_part_000,pck_object_0042_part_000_choice_000,0x003454,3,-12,1,0x0000,0,0,0,0,00:00,0,,0,3,frame_plus_signed,0x003454,0x003454,yes,E803F4010000000000F888FF5D006800,40,exact_frame_record;byte0_high_bit_set;plausible_frame_record_prefix
JENPCK_TBL.decoded.bin,0,160,pck_object_0042_part_000_choice_000_frame_009,pck_object_0042,pck_object_0042_part_000,pck_object_0042_part_000_choice_000,0x003454,3,-12,1,0x0000,0,0,0,0,00:00,0,,0,4,part_plus_signed,0x00341A,0x00341A,yes,002E520001006601142E52000100D601,35,exact_part_offset
JENPCK_TBL.decoded.bin,0,160,pck_object_0042_part_000_choice_000_frame_009,pck_object_0042,pck_object_0042_part_000,pck_object_0042_part_000_choice_000,0x003454,3,-12,1,0x0000,0,0,0,0,00:00,0,,0,5,block_plus_signed,0x003400,0x003400,yes,29292D1E1DFF0A0A2D292AFF80005601,25,exact_block_offset
JENPCK_TBL.decoded.bin,0,160,pck_object_0042_part_004_choice_000_frame_009,pck_object_0042,pck_object_0042_part_004,pck_object_0042_part_004_choice_000,0x003454,3,-12,1,0x0000,0,0,0,0,00:00,0,,0,1,object_plus_signed,0x00340C,0x00340C,yes,8000560100000000000007001A00002E,105,exact_object_offset;exact_frame_record;byte0_high_bit_set;plausible_object_header;plausible_frame_record_prefix
JENPCK_TBL.decoded.bin,0,160,pck_object_0042_part_004_choice_000_frame_009,pck_object_0042,pck_object_0042_part_004,pck_object_0042_part_004_choice_000,0x003454,3,-12,1,0x0000,0,0,0,0,00:00,0,,0,2,object_plus_unsigned,0x00340C,0x00340C,yes,8000560100000000000007001A00002E,105,exact_object_offset;exact_frame_record;byte0_high_bit_set;plausible_object_header;plausible_frame_record_prefix
JENPCK_TBL.decoded.bin,0,160,pck_object_0042_part_004_choice_000_frame_009,pck_object_0042,pck_object_0042_part_004,pck_object_0042_part_004_choice_000,0x003454,3,-12,1,0x0000,0,0,0,0,00:00,0,,0,3,frame_plus_signed,0x003454,0x003454,yes,E803F4010000000000F888FF5D006800,40,exact_frame_record;byte0_high_bit_set;plausible_frame_record_prefix
JENPCK_TBL.decoded.bin,0,160,pck_object_0042_part_004_choice_000_frame_009,pck_object_0042,pck_object_0042_part_004,pck_object_0042_part_004_choice_000,0x003454,3,-12,1,0x0000,0,0,0,0,00:00,0,,0,4,part_plus_signed,0x00343A,0x00343A,yes,262E520001004E02282E520001006802,35,exact_part_offset
JENPCK_TBL.decoded.bin,0,160,pck_object_0042_part_004_choice_000_frame_009,pck_object_0042,pck_object_0042_part_004,pck_object_0042_part_004_choice_000,0x003454,3,-12,1,0x0000,0,0,0,0,00:00,0,,0,5,block_plus_signed,0x003400,0x003400,yes,29292D1E1DFF0A0A2D292AFF80005601,25,exact_block_offset
JENPCK_TBL.decoded.bin,0,160,pck_object_0042_part_005_choice_000_frame_009,pck_object_0042,pck_object_0042_part_005,pck_object_0042_part_005_choice_000,0x003454,3,-12,1,0x0000,0,0,0,0,00:00,0,,0,1,object_plus_signed,0x00340C,0x00340C,yes,8000560100000000000007001A00002E,105,exact_object_offset;exact_frame_record;byte0_high_bit_set;plausible_object_header;plausible_frame_record_prefix
JENPCK_TBL.decoded.bin,0,160,pck_object_0042_part_005_choice_000_frame_009,pck_object_0042,pck_object_0042_part_005,pck_object_0042_part_005_choice_000,0x003454,3,-12,1,0x0000,0,0,0,0,00:00,0,,0,2,object_plus_unsigned,0x00340C,0x00340C,yes,8000560100000000000007001A00002E,105,exact_object_offset;exact_frame_record;byte0_high_bit_set;plausible_object_header;plausible_frame_record_prefix
JENPCK_TBL.decoded.bin,0,160,pck_object_0042_part_005_choice_000_frame_009,pck_object_0042,pck_object_0042_part_005,pck_object_0042_part_005_choice_000,0x003454,3,-12,1,0x0000,0,0,0,0,00:00,0,,0,3,frame_plus_signed,0x003454,0x003454,yes,E803F4010000000000F888FF5D006800,40,exact_frame_record;byte0_high_bit_set;plausible_frame_record_prefix
JENPCK_TBL.decoded.bin,0,160,pck_object_0042_part_005_choice_000_frame_009,pck_object_0042,pck_object_0042_part_005,pck_object_0042_part_005_choice_000,0x003454,3,-12,1,0x0000,0,0,0,0,00:00,0,,0,4,part_plus_signed,0x003442,0x003442,yes,282E5200010068022B2E520001008202,35,exact_part_offset
JENPCK_TBL.decoded.bin,0,160,pck_object_0042_part_005_choice_000_frame_009,pck_object_0042,pck_object_0042_part_005,pck_object_0042_part_005_choice_000,0x003454,3,-12,1,0x0000,0,0,0,0,00:00,0,,0,5,block_plus_signed,0x003400,0x003400,yes,29292D1E1DFF0A0A2D292AFF80005601,25,exact_block_offset
JENPCK_TBL.decoded.bin,0,160,pck_object_0042_part_006_choice_000_frame_009,pck_object_0042,pck_object_0042_part_006,pck_object_0042_part_006_choice_000,0x003454,3,-12,1,0x0000,0,0,0,0,00:00,0,,0,1,object_plus_signed,0x00340C,0x00340C,yes,8000560100000000000007001A00002E,105,exact_object_offset;exact_frame_record;byte0_high_bit_set;plausible_object_header;plausible_frame_record_prefix
JENPCK_TBL.decoded.bin,0,160,pck_object_0042_part_006_choice_000_frame_009,pck_object_0042,pck_object_0042_part_006,pck_object_0042_part_006_choice_000,0x003454,3,-12,1,0x0000,0,0,0,0,00:00,0,,0,2,object_plus_unsigned,0x00340C,0x00340C,yes,8000560100000000000007001A00002E,105,exact_object_offset;exact_frame_record;byte0_high_bit_set;plausible_object_header;plausible_frame_record_prefix
JENPCK_TBL.decoded.bin,0,160,pck_object_0042_part_006_choice_000_frame_009,pck_object_0042,pck_object_0042_part_006,pck_object_0042_part_006_choice_000,0x003454,3,-12,1,0x0000,0,0,0,0,00:00,0,,0,3,frame_plus_signed,0x003454,0x003454,yes,E803F4010000000000F888FF5D006800,40,exact_frame_record;byte0_high_bit_set;plausible_frame_record_prefix
JENPCK_TBL.decoded.bin,0,160,pck_object_0042_part_006_choice_000_frame_009,pck_object_0042,pck_object_0042_part_006,pck_object_0042_part_006_choice_000,0x003454,3,-12,1,0x0000,0,0,0,0,00:00,0,,0,4,part_plus_signed,0x00344A,0x00344A,yes,2B2E5200010082020000E803F4010000,35,exact_part_offset
JENPCK_TBL.decoded.bin,0,160,pck_object_0042_part_006_choice_000_frame_009,pck_object_0042,pck_object_0042_part_006,pck_object_0042_part_006_choice_000,0x003454,3,-12,1,0x0000,0,0,0,0,00:00,0,,0,5,block_plus_signed,0x003400,0x003400,yes,29292D1E1DFF0A0A2D292AFF80005601,25,exact_block_offset
JENPCK_TBL.decoded.bin,0,160,pck_object_0110_part_003_choice_000_frame_001,pck_object_0110,pck_object_0110_part_003,pck_object_0110_part_003_choice_000,0x00875B,3,9,0,0x03FF,1023,1023,255,3,FF:03,18,,249,1,block_plus_signed,0x008450,0x00884F,yes,6B028000A000BBFF4E007800BBFF4E00,5,plausible_frame_record_prefix
JENPCK_TBL.decoded.bin,0,160,pck_object_0110_part_003_choice_000_frame_001,pck_object_0110,pck_object_0110_part_003,pck_object_0110_part_003_choice_000,0x00875B,3,9,0,0x03FF,1023,1023,255,3,FF:03,18,,249,2,block_plus_unsigned,0x008450,0x00884F,yes,6B028000A000BBFF4E007800BBFF4E00,5,plausible_frame_record_prefix
JENPCK_TBL.decoded.bin,0,160,pck_object_0110_part_003_choice_000_frame_001,pck_object_0110,pck_object_0110_part_003,pck_object_0110_part_003_choice_000,0x00875B,3,9,0,0x03FF,1023,1023,255,3,FF:03,18,,249,3,frame_plus_signed,0x00875B,0x008B5A,yes,000000000ECD01810707070710D30181,5,plausible_frame_record_prefix
JENPCK_TBL.decoded.bin,0,160,pck_object_0110_part_003_choice_000_frame_001,pck_object_0110,pck_object_0110_part_003,pck_object_0110_part_003_choice_000,0x00875B,3,9,0,0x03FF,1023,1023,255,3,FF:03,18,,249,4,payload_plus_signed,0x00875D,0x008B5C,yes,00000ECD01810707070710D301810707,5,plausible_frame_record_prefix
JENPCK_TBL.decoded.bin,0,160,pck_object_0110_part_003_choice_000_frame_001,pck_object_0110,pck_object_0110_part_003,pck_object_0110_part_003_choice_000,0x00875B,3,9,0,0x03FF,1023,1023,255,3,FF:03,18,,249,5,direct_signed,0x000000,0x0003FF,yes,08080E47018100000000144C01810000,0,in_range_no_structural_match
JENPCK_TBL.decoded.bin,0,160,pck_object_0110_part_006_choice_000_frame_001,pck_object_0110,pck_object_0110_part_006,pck_object_0110_part_006_choice_000,0x00875B,3,9,0,0x03FF,1023,1023,255,3,FF:03,18,,249,1,block_plus_signed,0x008450,0x00884F,yes,6B028000A000BBFF4E007800BBFF4E00,5,plausible_frame_record_prefix
JENPCK_TBL.decoded.bin,0,160,pck_object_0110_part_006_choice_000_frame_001,pck_object_0110,pck_object_0110_part_006,pck_object_0110_part_006_choice_000,0x00875B,3,9,0,0x03FF,1023,1023,255,3,FF:03,18,,249,2,block_plus_unsigned,0x008450,0x00884F,yes,6B028000A000BBFF4E007800BBFF4E00,5,plausible_frame_record_prefix
JENPCK_TBL.decoded.bin,0,160,pck_object_0110_part_006_choice_000_frame_001,pck_object_0110,pck_object_0110_part_006,pck_object_0110_part_006_choice_000,0x00875B,3,9,0,0x03FF,1023,1023,255,3,FF:03,18,,249,3,frame_plus_signed,0x00875B,0x008B5A,yes,000000000ECD01810707070710D30181,5,plausible_frame_record_prefix
JENPCK_TBL.decoded.bin,0,160,pck_object_0110_part_006_choice_000_frame_001,pck_object_0110,pck_object_0110_part_006,pck_object_0110_part_006_choice_000,0x00875B,3,9,0,0x03FF,1023,1023,255,3,FF:03,18,,249,4,payload_plus_signed,0x00875D,0x008B5C,yes,00000ECD01810707070710D301810707,5,plausible_frame_record_prefix
JENPCK_TBL.decoded.bin,0,160,pck_object_0110_part_006_choice_000_frame_001,pck_object_0110,pck_object_0110_part_006,pck_object_0110_part_006_choice_000,0x00875B,3,9,0,0x03FF,1023,1023,255,3,FF:03,18,,249,5,direct_signed,0x000000,0x0003FF,yes,08080E47018100000000144C01810000,0,in_range_no_structural_match
