source_file,id,object_id,part_id,frame_table_id,part_index,choice_index,selected_choice_index,selection_threshold,frame_index,frame_abs_hex,threshold,frame_type,semantic,payload_abs_hex,record_8_hex,payload_hex,x_or_word0,y_or_word1,z_or_word2,span_or_radius,transform_index,palette_or_flags,color_or_table_index,extra_byte,dx,dy,shape_ref,extra_word
C:/Users/MadCat/Documents/GitHub/MechwarriorRecomp/research/extract/decoded_pck/PHAPCK_TBL.decoded.bin,pck_object_0001_part_000_choice_000_frame_018,pck_object_0001,pck_object_0001_part_000,pck_object_0001_part_000_choice_000,0,0,0,192,18,0x000C2B,255,128,unknown_frame_type,0x000C2D,FF80001701000000,001701000000,,,,,,,,,,,,
C:/Users/MadCat/Documents/GitHub/MechwarriorRecomp/research/extract/decoded_pck/PHAPCK_TBL.decoded.bin,pck_object_0002_part_000_choice_000_frame_012,pck_object_0002,pck_object_0002_part_000,pck_object_0002_part_000_choice_000,0,0,0,192,12,0x00056E,90,1,transformed_point_or_span_probe,0x000570,5A0102030405FF07,02030405FF07,,,,770,4,5,255,7,,,,
C:/Users/MadCat/Documents/GitHub/MechwarriorRecomp/research/extract/decoded_pck/PHAPCK_TBL.decoded.bin,pck_object_0003_part_000_choice_000_frame_010,pck_object_0003,pck_object_0003_part_000,pck_object_0003_part_000_choice_000,0,0,0,192,10,0x002F00,255,7,unknown_frame_type,0x002F02,FF0708090AFF0C07,08090AFF0C07,,,,,,,,,,,,
C:/Users/MadCat/Documents/GitHub/MechwarriorRecomp/research/extract/decoded_pck/PHAPCK_TBL.decoded.bin,pck_object_0010_part_000_choice_000_frame_000,pck_object_0010,pck_object_0010_part_000,pck_object_0010_part_000_choice_000,0,0,0,192,0,0x000F5C,0,0,vector_triplet_probe,0x000F5E,00000500B400E2FF,0500B400E2FF,5,180,-30,,,,,,,,,
C:/Users/MadCat/Documents/GitHub/MechwarriorRecomp/research/extract/decoded_pck/PHAPCK_TBL.decoded.bin,pck_object_0010_part_001_choice_000_frame_000,pck_object_0010,pck_object_0010_part_001,pck_object_0010_part_001_choice_000,1,0,0,192,0,0x000FA9,0,0,vector_triplet_probe,0x000FAB,000005000101000C,05000101000C,5,257,3072,,,,,,,,,
C:/Users/MadCat/Documents/GitHub/MechwarriorRecomp/research/extract/decoded_pck/PHAPCK_TBL.decoded.bin,pck_object_0011_part_000_choice_000_frame_008,pck_object_0011,pck_object_0011_part_000,pck_object_0011_part_000_choice_000,0,0,0,192,8,0x001032,250,0,vector_triplet_probe,0x001034,FA000000E407B0FE,0000E407B0FE,0,2020,-336,,,,,,,,,
C:/Users/MadCat/Documents/GitHub/MechwarriorRecomp/research/extract/decoded_pck/PHAPCK_TBL.decoded.bin,pck_object_0011_part_001_choice_000_frame_008,pck_object_0011,pck_object_0011_part_001,pck_object_0011_part_001_choice_000,1,0,0,192,8,0x001032,250,0,vector_triplet_probe,0x001034,FA000000E407B0FE,0000E407B0FE,0,2020,-336,,,,,,,,,
C:/Users/MadCat/Documents/GitHub/MechwarriorRecomp/research/extract/decoded_pck/PHAPCK_TBL.decoded.bin,pck_object_0013_part_000_choice_000_frame_000,pck_object_0013,pck_object_0013_part_000,pck_object_0013_part_000_choice_000,0,0,0,192,0,0x001330,226,0,vector_triplet_probe,0x001332,E200810202050506,810202050506,641,1282,1541,,,,,,,,,
C:/Users/MadCat/Documents/GitHub/MechwarriorRecomp/research/extract/decoded_pck/PHAPCK_TBL.decoded.bin,pck_object_0013_part_001_choice_000_frame_004,pck_object_0013,pck_object_0013_part_001,pck_object_0013_part_001_choice_000,1,0,0,192,4,0x00139D,67,1,transformed_point_or_span_probe,0x00139F,430108071011FF13,08071011FF13,,,,1800,16,17,255,19,,,,
C:/Users/MadCat/Documents/GitHub/MechwarriorRecomp/research/extract/decoded_pck/PHAPCK_TBL.decoded.bin,pck_object_0016_part_001_choice_000_frame_008,pck_object_0016,pck_object_0016_part_001,pck_object_0016_part_001_choice_000,1,0,0,192,8,0x00167C,240,0,vector_triplet_probe,0x00167E,F000000005072CFC,000005072CFC,0,1797,-980,,,,,,,,,
C:/Users/MadCat/Documents/GitHub/MechwarriorRecomp/research/extract/decoded_pck/PHAPCK_TBL.decoded.bin,pck_object_0018_part_000_choice_000_frame_000,pck_object_0018,pck_object_0018_part_000,pck_object_0018_part_000_choice_000,0,0,0,192,0,0x001980,226,0,vector_triplet_probe,0x001982,E200810202050506,810202050506,641,1282,1541,,,,,,,,,
C:/Users/MadCat/Documents/GitHub/MechwarriorRecomp/research/extract/decoded_pck/PHAPCK_TBL.decoded.bin,pck_object_0018_part_001_choice_000_frame_004,pck_object_0018,pck_object_0018_part_001,pck_object_0018_part_001_choice_000,1,0,0,192,4,0x0019ED,67,1,transformed_point_or_span_probe,0x0019EF,430110110807FF13,10110807FF13,,,,4368,8,7,255,19,,,,
C:/Users/MadCat/Documents/GitHub/MechwarriorRecomp/research/extract/decoded_pck/PHAPCK_TBL.decoded.bin,pck_object_0019_part_000_choice_000_frame_005,pck_object_0019,pck_object_0019_part_000,pck_object_0019_part_000_choice_000,0,0,0,192,5,0x001A30,216,7,unknown_frame_type,0x001A32,D8078200F6FFDC00,8200F6FFDC00,,,,,,,,,,,,
C:/Users/MadCat/Documents/GitHub/MechwarriorRecomp/research/extract/decoded_pck/PHAPCK_TBL.decoded.bin,pck_object_0021_part_001_choice_000_frame_005,pck_object_0021,pck_object_0021_part_001,pck_object_0021_part_001_choice_000,1,0,0,192,5,0x001CB4,194,7,unknown_frame_type,0x001CB6,C2078200ECFFD200,8200ECFFD200,,,,,,,,,,,,
C:/Users/MadCat/Documents/GitHub/MechwarriorRecomp/research/extract/decoded_pck/PHAPCK_TBL.decoded.bin,pck_object_0024_part_000_choice_000_frame_000,pck_object_0024,pck_object_0024_part_000,pck_object_0024_part_000_choice_000,0,0,0,192,0,0x00212A,0,0,vector_triplet_probe,0x00212C,00000D00B200C000,0D00B200C000,13,178,192,,,,,,,,,
C:/Users/MadCat/Documents/GitHub/MechwarriorRecomp/research/extract/decoded_pck/PHAPCK_TBL.decoded.bin,pck_object_0026_part_000_choice_000_frame_005,pck_object_0026,pck_object_0026_part_000,pck_object_0026_part_000_choice_000,0,0,0,192,5,0x00235A,216,255,unknown_frame_type,0x00235C,D8FFE2FF1400A6FF,E2FF1400A6FF,,,,,,,,,,,,
C:/Users/MadCat/Documents/GitHub/MechwarriorRecomp/research/extract/decoded_pck/PHAPCK_TBL.decoded.bin,pck_object_0032_part_000_choice_000_frame_012,pck_object_0032,pck_object_0032_part_000,pck_object_0032_part_000_choice_000,0,0,0,192,12,0x002C48,84,1,transformed_point_or_span_probe,0x002C4A,540102030405FF07,02030405FF07,,,,770,4,5,255,7,,,,
C:/Users/MadCat/Documents/GitHub/MechwarriorRecomp/research/extract/decoded_pck/PHAPCK_TBL.decoded.bin,pck_object_0034_part_000_choice_000_frame_004,pck_object_0034,pck_object_0034_part_000,pck_object_0034_part_000_choice_000,0,0,0,192,4,0x002E02,194,7,unknown_frame_type,0x002E04,C207280032000A00,280032000A00,,,,,,,,,,,,
C:/Users/MadCat/Documents/GitHub/MechwarriorRecomp/research/extract/decoded_pck/PHAPCK_TBL.decoded.bin,pck_object_0038_part_000_choice_000_frame_009,pck_object_0038,pck_object_0038_part_000,pck_object_0038_part_000_choice_000,0,0,0,192,9,0x0034AA,148,1,transformed_point_or_span_probe,0x0034AC,9401020304FF0607,020304FF0607,,,,770,4,255,6,7,,,,
C:/Users/MadCat/Documents/GitHub/MechwarriorRecomp/research/extract/decoded_pck/PHAPCK_TBL.decoded.bin,pck_object_0038_part_001_choice_000_frame_000,pck_object_0038,pck_object_0038_part_001,pck_object_0038_part_001_choice_000,1,0,0,192,0,0x0034EA,196,1,transformed_point_or_span_probe,0x0034EC,C401810202050518,810202050518,,,,641,2,5,5,24,,,,
C:/Users/MadCat/Documents/GitHub/MechwarriorRecomp/research/extract/decoded_pck/PHAPCK_TBL.decoded.bin,pck_object_0038_part_002_choice_000_frame_003,pck_object_0038,pck_object_0038_part_002,pck_object_0038_part_002_choice_000,2,0,0,192,3,0x003540,15,2,draw_referenced_shape_2d,0x003542,0F02042007FF2223,042007FF2223,,,,,,,,,4,32,65287,8994
C:/Users/MadCat/Documents/GitHub/MechwarriorRecomp/research/extract/decoded_pck/PHAPCK_TBL.decoded.bin,pck_object_0040_part_000_choice_000_frame_009,pck_object_0040,pck_object_0040_part_000,pck_object_0040_part_000_choice_000,0,0,0,192,9,0x0038BA,148,1,transformed_point_or_span_probe,0x0038BC,9401020304FF0607,020304FF0607,,,,770,4,255,6,7,,,,
C:/Users/MadCat/Documents/GitHub/MechwarriorRecomp/research/extract/decoded_pck/PHAPCK_TBL.decoded.bin,pck_object_0040_part_001_choice_000_frame_000,pck_object_0040,pck_object_0040_part_001,pck_object_0040_part_001_choice_000,1,0,0,192,0,0x0038FA,196,1,transformed_point_or_span_probe,0x0038FC,C401810202050518,810202050518,,,,641,2,5,5,24,,,,
C:/Users/MadCat/Documents/GitHub/MechwarriorRecomp/research/extract/decoded_pck/PHAPCK_TBL.decoded.bin,pck_object_0040_part_002_choice_000_frame_003,pck_object_0040,pck_object_0040_part_002,pck_object_0040_part_002_choice_000,2,0,0,192,3,0x003950,15,2,draw_referenced_shape_2d,0x003952,0F02042007FF2223,042007FF2223,,,,,,,,,4,32,65287,8994
C:/Users/MadCat/Documents/GitHub/MechwarriorRecomp/research/extract/decoded_pck/PHAPCK_TBL.decoded.bin,pck_object_0042_part_000_choice_000_frame_000,pck_object_0042,pck_object_0042_part_000,pck_object_0042_part_000_choice_000,0,0,0,192,0,0x003C74,0,0,vector_triplet_probe,0x003C76,00000A001C016201,0A001C016201,10,284,354,,,,,,,,,
C:/Users/MadCat/Documents/GitHub/MechwarriorRecomp/research/extract/decoded_pck/PHAPCK_TBL.decoded.bin,pck_object_0042_part_001_choice_000_frame_000,pck_object_0042,pck_object_0042_part_001,pck_object_0042_part_001_choice_000,1,0,0,192,0,0x003CFC,0,0,vector_triplet_probe,0x003CFE,00000400A401B901,0400A401B901,4,420,441,,,,,,,,,
C:/Users/MadCat/Documents/GitHub/MechwarriorRecomp/research/extract/decoded_pck/PHAPCK_TBL.decoded.bin,pck_object_0042_part_002_choice_000_frame_000,pck_object_0042,pck_object_0042_part_002,pck_object_0042_part_002_choice_000,2,0,0,192,0,0x003D3A,0,0,vector_triplet_probe,0x003D3C,00000400E201F701,0400E201F701,4,482,503,,,,,,,,,
C:/Users/MadCat/Documents/GitHub/MechwarriorRecomp/research/extract/decoded_pck/PHAPCK_TBL.decoded.bin,pck_object_0045_part_000_choice_000_frame_000,pck_object_0045,pck_object_0045_part_000,pck_object_0045_part_000_choice_000,0,0,0,192,0,0x00428C,0,0,vector_triplet_probe,0x00428E,00000A000401B401,0A000401B401,10,260,436,,,,,,,,,
C:/Users/MadCat/Documents/GitHub/MechwarriorRecomp/research/extract/decoded_pck/PHAPCK_TBL.decoded.bin,pck_object_0045_part_001_choice_000_frame_000,pck_object_0045,pck_object_0045_part_001,pck_object_0045_part_001_choice_000,1,0,0,192,0,0x004314,0,0,vector_triplet_probe,0x004316,000004008C010F11,04008C010F11,4,396,4367,,,,,,,,,
C:/Users/MadCat/Documents/GitHub/MechwarriorRecomp/research/extract/decoded_pck/PHAPCK_TBL.decoded.bin,pck_object_0045_part_002_choice_000_frame_000,pck_object_0045,pck_object_0045_part_002,pck_object_0045_part_002_choice_000,2,0,0,192,0,0x004352,0,0,vector_triplet_probe,0x004354,00000400CA01191A,0400CA01191A,4,458,6681,,,,,,,,,
C:/Users/MadCat/Documents/GitHub/MechwarriorRecomp/research/extract/decoded_pck/PHAPCK_TBL.decoded.bin,pck_object_0047_part_000_choice_000_frame_000,pck_object_0047,pck_object_0047_part_000,pck_object_0047_part_000_choice_000,0,0,0,192,0,0x004492,0,0,vector_triplet_probe,0x004494,000005006A000000,05006A000000,5,106,0,,,,,,,,,
C:/Users/MadCat/Documents/GitHub/MechwarriorRecomp/research/extract/decoded_pck/PHAPCK_TBL.decoded.bin,pck_object_0049_part_000_choice_000_frame_003,pck_object_0049,pck_object_0049_part_000,pck_object_0049_part_000_choice_000,0,0,0,192,3,0x004590,200,0,vector_triplet_probe,0x004592,C800D00764FA1905,D00764FA1905,2000,-1436,1305,,,,,,,,,
C:/Users/MadCat/Documents/GitHub/MechwarriorRecomp/research/extract/decoded_pck/PHAPCK_TBL.decoded.bin,pck_object_0051_part_000_choice_000_frame_000,pck_object_0051,pck_object_0051_part_000,pck_object_0051_part_000_choice_000,0,0,0,192,0,0x004722,0,0,vector_triplet_probe,0x004724,000005006A000000,05006A000000,5,106,0,,,,,,,,,
C:/Users/MadCat/Documents/GitHub/MechwarriorRecomp/research/extract/decoded_pck/PHAPCK_TBL.decoded.bin,pck_object_0053_part_000_choice_000_frame_003,pck_object_0053,pck_object_0053_part_000,pck_object_0053_part_000_choice_000,0,0,0,192,3,0x004820,200,0,vector_triplet_probe,0x004822,C800D00764FA1905,D00764FA1905,2000,-1436,1305,,,,,,,,,
C:/Users/MadCat/Documents/GitHub/MechwarriorRecomp/research/extract/decoded_pck/PHAPCK_TBL.decoded.bin,pck_object_0056_part_000_choice_000_frame_000,pck_object_0056,pck_object_0056_part_000,pck_object_0056_part_000_choice_000,0,0,0,192,0,0x004BDC,0,0,vector_triplet_probe,0x004BDE,00000500B400E2FF,0500B400E2FF,5,180,-30,,,,,,,,,
C:/Users/MadCat/Documents/GitHub/MechwarriorRecomp/research/extract/decoded_pck/PHAPCK_TBL.decoded.bin,pck_object_0056_part_001_choice_000_frame_000,pck_object_0056,pck_object_0056_part_001,pck_object_0056_part_001_choice_000,1,0,0,192,0,0x004C29,0,0,vector_triplet_probe,0x004C2B,0000050001010004,050001010004,5,257,1024,,,,,,,,,
C:/Users/MadCat/Documents/GitHub/MechwarriorRecomp/research/extract/decoded_pck/PHAPCK_TBL.decoded.bin,pck_object_0057_part_000_choice_000_frame_007,pck_object_0057,pck_object_0057_part_000,pck_object_0057_part_000_choice_000,0,0,0,192,7,0x004CAA,210,0,vector_triplet_probe,0x004CAC,D20046007EFFDC00,46007EFFDC00,70,-130,220,,,,,,,,,
C:/Users/MadCat/Documents/GitHub/MechwarriorRecomp/research/extract/decoded_pck/PHAPCK_TBL.decoded.bin,pck_object_0057_part_001_choice_000_frame_007,pck_object_0057,pck_object_0057_part_001,pck_object_0057_part_001_choice_000,1,0,0,192,7,0x004CAA,210,0,vector_triplet_probe,0x004CAC,D20046007EFFDC00,46007EFFDC00,70,-130,220,,,,,,,,,
C:/Users/MadCat/Documents/GitHub/MechwarriorRecomp/research/extract/decoded_pck/PHAPCK_TBL.decoded.bin,pck_object_0059_part_000_choice_000_frame_000,pck_object_0059,pck_object_0059_part_000,pck_object_0059_part_000_choice_000,0,0,0,192,0,0x004FB0,226,0,vector_triplet_probe,0x004FB2,E200810202050506,810202050506,641,1282,1541,,,,,,,,,
C:/Users/MadCat/Documents/GitHub/MechwarriorRecomp/research/extract/decoded_pck/PHAPCK_TBL.decoded.bin,pck_object_0059_part_001_choice_000_frame_004,pck_object_0059,pck_object_0059_part_001,pck_object_0059_part_001_choice_000,1,0,0,192,4,0x00501D,67,1,transformed_point_or_span_probe,0x00501F,430108071011FF13,08071011FF13,,,,1800,16,17,255,19,,,,
C:/Users/MadCat/Documents/GitHub/MechwarriorRecomp/research/extract/decoded_pck/PHAPCK_TBL.decoded.bin,pck_object_0062_part_001_choice_000_frame_022,pck_object_0062,pck_object_0062_part_001,pck_object_0062_part_001_choice_000,1,0,0,192,22,0x00536C,192,0,vector_triplet_probe,0x00536E,C000E2FF81030303,E2FF81030303,-30,897,771,,,,,,,,,
C:/Users/MadCat/Documents/GitHub/MechwarriorRecomp/research/extract/decoded_pck/PHAPCK_TBL.decoded.bin,pck_object_0064_part_000_choice_000_frame_000,pck_object_0064,pck_object_0064_part_000,pck_object_0064_part_000_choice_000,0,0,0,192,0,0x0055EC,0,0,vector_triplet_probe,0x0055EE,00000500B400E2FF,0500B400E2FF,5,180,-30,,,,,,,,,
C:/Users/MadCat/Documents/GitHub/MechwarriorRecomp/research/extract/decoded_pck/PHAPCK_TBL.decoded.bin,pck_object_0064_part_001_choice_000_frame_000,pck_object_0064,pck_object_0064_part_001,pck_object_0064_part_001_choice_000,1,0,0,192,0,0x005639,0,0,vector_triplet_probe,0x00563B,0000050001010004,050001010004,5,257,1024,,,,,,,,,
C:/Users/MadCat/Documents/GitHub/MechwarriorRecomp/research/extract/decoded_pck/PHAPCK_TBL.decoded.bin,pck_object_0065_part_000_choice_000_frame_008,pck_object_0065,pck_object_0065_part_000,pck_object_0065_part_000_choice_000,0,0,0,192,8,0x0056C2,200,0,vector_triplet_probe,0x0056C4,C80000003F0601FB,00003F0601FB,0,1599,-1279,,,,,,,,,
C:/Users/MadCat/Documents/GitHub/MechwarriorRecomp/research/extract/decoded_pck/PHAPCK_TBL.decoded.bin,pck_object_0065_part_001_choice_000_frame_008,pck_object_0065,pck_object_0065_part_001,pck_object_0065_part_001_choice_000,1,0,0,192,8,0x0056C2,200,0,vector_triplet_probe,0x0056C4,C80000003F0601FB,00003F0601FB,0,1599,-1279,,,,,,,,,
C:/Users/MadCat/Documents/GitHub/MechwarriorRecomp/research/extract/decoded_pck/PHAPCK_TBL.decoded.bin,pck_object_0068_part_000_choice_000_frame_012,pck_object_0068,pck_object_0068_part_000,pck_object_0068_part_000_choice_000,0,0,0,192,12,0x005B8E,90,1,transformed_point_or_span_probe,0x005B90,5A0102030405FF07,02030405FF07,,,,770,4,5,255,7,,,,
C:/Users/MadCat/Documents/GitHub/MechwarriorRecomp/research/extract/decoded_pck/PHAPCK_TBL.decoded.bin,pck_object_0070_part_000_choice_000_frame_013,pck_object_0070,pck_object_0070_part_000,pck_object_0070_part_000_choice_000,0,0,0,192,13,0x005E46,255,7,unknown_frame_type,0x005E48,FF0708090AFF0C07,08090AFF0C07,,,,,,,,,,,,
C:/Users/MadCat/Documents/GitHub/MechwarriorRecomp/research/extract/decoded_pck/PHAPCK_TBL.decoded.bin,pck_object_0072_part_000_choice_000_frame_014,pck_object_0072,pck_object_0072_part_000,pck_object_0072_part_000_choice_000,0,0,0,192,14,0x0063CB,255,12,unknown_frame_type,0x0063CD,FF0C101312FF0F04,101312FF0F04,,,,,,,,,,,,
C:/Users/MadCat/Documents/GitHub/MechwarriorRecomp/research/extract/decoded_pck/PHAPCK_TBL.decoded.bin,pck_object_0078_part_000_choice_000_frame_000,pck_object_0078,pck_object_0078_part_000,pck_object_0078_part_000_choice_000,0,0,0,192,0,0x0068EC,0,0,vector_triplet_probe,0x0068EE,00000A0004018103,0A0004018103,10,260,897,,,,,,,,,
C:/Users/MadCat/Documents/GitHub/MechwarriorRecomp/research/extract/decoded_pck/PHAPCK_TBL.decoded.bin,pck_object_0078_part_001_choice_000_frame_000,pck_object_0078,pck_object_0078_part_001,pck_object_0078_part_001_choice_000,1,0,0,192,0,0x006974,0,0,vector_triplet_probe,0x006976,000004008C010F11,04008C010F11,4,396,4367,,,,,,,,,
C:/Users/MadCat/Documents/GitHub/MechwarriorRecomp/research/extract/decoded_pck/PHAPCK_TBL.decoded.bin,pck_object_0078_part_002_choice_000_frame_000,pck_object_0078,pck_object_0078_part_002,pck_object_0078_part_002_choice_000,2,0,0,192,0,0x0069B2,0,0,vector_triplet_probe,0x0069B4,00000400CA01191A,0400CA01191A,4,458,6681,,,,,,,,,
C:/Users/MadCat/Documents/GitHub/MechwarriorRecomp/research/extract/decoded_pck/PHAPCK_TBL.decoded.bin,pck_object_0082_part_000_choice_000_frame_000,pck_object_0082,pck_object_0082_part_000,pck_object_0082_part_000_choice_000,0,0,0,192,0,0x0070DC,0,0,vector_triplet_probe,0x0070DE,00000A0004018103,0A0004018103,10,260,897,,,,,,,,,
C:/Users/MadCat/Documents/GitHub/MechwarriorRecomp/research/extract/decoded_pck/PHAPCK_TBL.decoded.bin,pck_object_0082_part_001_choice_000_frame_000,pck_object_0082,pck_object_0082_part_001,pck_object_0082_part_001_choice_000,1,0,0,192,0,0x007164,0,0,vector_triplet_probe,0x007166,000004008C010F11,04008C010F11,4,396,4367,,,,,,,,,
C:/Users/MadCat/Documents/GitHub/MechwarriorRecomp/research/extract/decoded_pck/PHAPCK_TBL.decoded.bin,pck_object_0082_part_002_choice_000_frame_000,pck_object_0082,pck_object_0082_part_002,pck_object_0082_part_002_choice_000,2,0,0,192,0,0x0071A2,0,0,vector_triplet_probe,0x0071A4,00000400CA01191A,0400CA01191A,4,458,6681,,,,,,,,,
C:/Users/MadCat/Documents/GitHub/MechwarriorRecomp/research/extract/decoded_pck/PHAPCK_TBL.decoded.bin,pck_object_0084_part_000_choice_000_frame_003,pck_object_0084,pck_object_0084_part_000,pck_object_0084_part_000_choice_000,0,0,0,192,3,0x0073F0,200,0,vector_triplet_probe,0x0073F2,C800D00766FA7605,D00766FA7605,2000,-1434,1398,,,,,,,,,
C:/Users/MadCat/Documents/GitHub/MechwarriorRecomp/research/extract/decoded_pck/PHAPCK_TBL.decoded.bin,pck_object_0086_part_000_choice_000_frame_000,pck_object_0086,pck_object_0086_part_000,pck_object_0086_part_000_choice_000,0,0,0,192,0,0x007582,0,0,vector_triplet_probe,0x007584,000005006A000000,05006A000000,5,106,0,,,,,,,,,
C:/Users/MadCat/Documents/GitHub/MechwarriorRecomp/research/extract/decoded_pck/PHAPCK_TBL.decoded.bin,pck_object_0088_part_000_choice_000_frame_003,pck_object_0088,pck_object_0088_part_000,pck_object_0088_part_000_choice_000,0,0,0,192,3,0x007680,200,0,vector_triplet_probe,0x007682,C800D00775FAB505,D00775FAB505,2000,-1419,1461,,,,,,,,,
C:/Users/MadCat/Documents/GitHub/MechwarriorRecomp/research/extract/decoded_pck/PHAPCK_TBL.decoded.bin,pck_object_0090_part_000_choice_000_frame_000,pck_object_0090,pck_object_0090_part_000,pck_object_0090_part_000_choice_000,0,0,0,192,0,0x00785C,0,0,vector_triplet_probe,0x00785E,00000500B4003B01,0500B4003B01,5,180,315,,,,,,,,,
C:/Users/MadCat/Documents/GitHub/MechwarriorRecomp/research/extract/decoded_pck/PHAPCK_TBL.decoded.bin,pck_object_0090_part_001_choice_000_frame_000,pck_object_0090,pck_object_0090_part_001,pck_object_0090_part_001_choice_000,1,0,0,192,0,0x0078A9,0,0,vector_triplet_probe,0x0078AB,0000050001010010,050001010010,5,257,4096,,,,,,,,,
C:/Users/MadCat/Documents/GitHub/MechwarriorRecomp/research/extract/decoded_pck/PHAPCK_TBL.decoded.bin,pck_object_0091_part_000_choice_000_frame_005,pck_object_0091,pck_object_0091_part_000,pck_object_0091_part_000_choice_000,0,0,0,192,5,0x00791A,216,7,unknown_frame_type,0x00791C,D80756FFA6FFB400,56FFA6FFB400,,,,,,,,,,,,
C:/Users/MadCat/Documents/GitHub/MechwarriorRecomp/research/extract/decoded_pck/PHAPCK_TBL.decoded.bin,pck_object_0091_part_001_choice_000_frame_005,pck_object_0091,pck_object_0091_part_001,pck_object_0091_part_001_choice_000,1,0,0,192,5,0x00791A,216,7,unknown_frame_type,0x00791C,D80756FFA6FFB400,56FFA6FFB400,,,,,,,,,,,,
C:/Users/MadCat/Documents/GitHub/MechwarriorRecomp/research/extract/decoded_pck/PHAPCK_TBL.decoded.bin,pck_object_0093_part_000_choice_000_frame_000,pck_object_0093,pck_object_0093_part_000,pck_object_0093_part_000_choice_000,0,0,0,192,0,0x007C30,226,0,vector_triplet_probe,0x007C32,E200810707050506,810707050506,1921,1287,1541,,,,,,,,,
C:/Users/MadCat/Documents/GitHub/MechwarriorRecomp/research/extract/decoded_pck/PHAPCK_TBL.decoded.bin,pck_object_0093_part_001_choice_000_frame_004,pck_object_0093,pck_object_0093_part_001,pck_object_0093_part_001_choice_000,1,0,0,192,4,0x007C9D,67,1,transformed_point_or_span_probe,0x007C9F,430108071011FF13,08071011FF13,,,,1800,16,17,255,19,,,,
C:/Users/MadCat/Documents/GitHub/MechwarriorRecomp/research/extract/decoded_pck/PHAPCK_TBL.decoded.bin,pck_object_0095_part_000_choice_000_frame_007,pck_object_0095,pck_object_0095_part_000,pck_object_0095_part_000_choice_000,0,0,0,192,7,0x007F26,7,11,unknown_frame_type,0x007F28,070B1510FF101513,1510FF101513,,,,,,,,,,,,
C:/Users/MadCat/Documents/GitHub/MechwarriorRecomp/research/extract/decoded_pck/PHAPCK_TBL.decoded.bin,pck_object_0096_part_000_choice_000_frame_000,pck_object_0096,pck_object_0096_part_000,pck_object_0096_part_000_choice_000,0,0,0,192,0,0x007FDC,0,0,vector_triplet_probe,0x007FDE,00000500B4000705,0500B4000705,5,180,1287,,,,,,,,,
C:/Users/MadCat/Documents/GitHub/MechwarriorRecomp/research/extract/decoded_pck/PHAPCK_TBL.decoded.bin,pck_object_0096_part_001_choice_000_frame_000,pck_object_0096,pck_object_0096_part_001,pck_object_0096_part_001_choice_000,1,0,0,192,0,0x008029,0,0,vector_triplet_probe,0x00802B,0000050001010000,050001010000,5,257,0,,,,,,,,,
C:/Users/MadCat/Documents/GitHub/MechwarriorRecomp/research/extract/decoded_pck/PHAPCK_TBL.decoded.bin,pck_object_0097_part_000_choice_000_frame_028,pck_object_0097,pck_object_0097_part_000,pck_object_0097_part_000_choice_000,0,0,0,192,28,0x008152,255,4,unknown_frame_type,0x008154,FF04030708FF0205,030708FF0205,,,,,,,,,,,,
C:/Users/MadCat/Documents/GitHub/MechwarriorRecomp/research/extract/decoded_pck/PHAPCK_TBL.decoded.bin,pck_object_0097_part_001_choice_000_frame_028,pck_object_0097,pck_object_0097_part_001,pck_object_0097_part_001_choice_000,1,0,0,192,28,0x008152,255,4,unknown_frame_type,0x008154,FF04030708FF0205,030708FF0205,,,,,,,,,,,,
C:/Users/MadCat/Documents/GitHub/MechwarriorRecomp/research/extract/decoded_pck/PHAPCK_TBL.decoded.bin,pck_object_0099_part_000_choice_000_frame_000,pck_object_0099,pck_object_0099_part_000,pck_object_0099_part_000_choice_000,0,0,0,192,0,0x0083AA,220,0,vector_triplet_probe,0x0083AC,DC00810707050506,810707050506,1921,1287,1541,,,,,,,,,
C:/Users/MadCat/Documents/GitHub/MechwarriorRecomp/research/extract/decoded_pck/PHAPCK_TBL.decoded.bin,pck_object_0099_part_001_choice_000_frame_004,pck_object_0099,pck_object_0099_part_001,pck_object_0099_part_001_choice_000,1,0,0,192,4,0x008417,61,1,transformed_point_or_span_probe,0x008419,3D010F100807FF12,0F100807FF12,,,,4111,8,7,255,18,,,,
C:/Users/MadCat/Documents/GitHub/MechwarriorRecomp/research/extract/decoded_pck/PHAPCK_TBL.decoded.bin,pck_object_0100_part_000_choice_000_frame_004,pck_object_0100,pck_object_0100_part_000,pck_object_0100_part_000_choice_000,0,0,0,192,4,0x008452,240,7,unknown_frame_type,0x008454,F007D8FF1E00F6FF,D8FF1E00F6FF,,,,,,,,,,,,
C:/Users/MadCat/Documents/GitHub/MechwarriorRecomp/research/extract/decoded_pck/PHAPCK_TBL.decoded.bin,pck_object_0104_part_000_choice_000_frame_012,pck_object_0104,pck_object_0104_part_000,pck_object_0104_part_000_choice_000,0,0,0,192,12,0x008AA8,84,1,transformed_point_or_span_probe,0x008AAA,540102030405FF07,02030405FF07,,,,770,4,5,255,7,,,,
C:/Users/MadCat/Documents/GitHub/MechwarriorRecomp/research/extract/decoded_pck/PHAPCK_TBL.decoded.bin,pck_object_0106_part_000_choice_000_frame_007,pck_object_0106,pck_object_0106_part_000,pck_object_0106_part_000_choice_000,0,0,0,192,7,0x008C7A,196,255,unknown_frame_type,0x008C7C,C4FF0000C20710FE,0000C20710FE,,,,,,,,,,,,
C:/Users/MadCat/Documents/GitHub/MechwarriorRecomp/research/extract/decoded_pck/PHAPCK_TBL.decoded.bin,pck_object_0110_part_000_choice_000_frame_000,pck_object_0110,pck_object_0110_part_000,pck_object_0110_part_000_choice_000,0,0,0,192,0,0x00929C,0,0,vector_triplet_probe,0x00929E,00000A0004015101,0A0004015101,10,260,337,,,,,,,,,
C:/Users/MadCat/Documents/GitHub/MechwarriorRecomp/research/extract/decoded_pck/PHAPCK_TBL.decoded.bin,pck_object_0110_part_001_choice_000_frame_000,pck_object_0110,pck_object_0110_part_001,pck_object_0110_part_001_choice_000,1,0,0,192,0,0x009324,0,0,vector_triplet_probe,0x009326,000004008C010F11,04008C010F11,4,396,4367,,,,,,,,,
C:/Users/MadCat/Documents/GitHub/MechwarriorRecomp/research/extract/decoded_pck/PHAPCK_TBL.decoded.bin,pck_object_0110_part_002_choice_000_frame_000,pck_object_0110,pck_object_0110_part_002,pck_object_0110_part_002_choice_000,2,0,0,192,0,0x009362,0,0,vector_triplet_probe,0x009364,00000400CA01191A,0400CA01191A,4,458,6681,,,,,,,,,
C:/Users/MadCat/Documents/GitHub/MechwarriorRecomp/research/extract/decoded_pck/PHAPCK_TBL.decoded.bin,pck_object_0114_part_000_choice_000_frame_000,pck_object_0114,pck_object_0114_part_000,pck_object_0114_part_000_choice_000,0,0,0,192,0,0x009A8C,0,0,vector_triplet_probe,0x009A8E,00000A0004015101,0A0004015101,10,260,337,,,,,,,,,
C:/Users/MadCat/Documents/GitHub/MechwarriorRecomp/research/extract/decoded_pck/PHAPCK_TBL.decoded.bin,pck_object_0114_part_001_choice_000_frame_000,pck_object_0114,pck_object_0114_part_001,pck_object_0114_part_001_choice_000,1,0,0,192,0,0x009B14,0,0,vector_triplet_probe,0x009B16,000004008C010F11,04008C010F11,4,396,4367,,,,,,,,,
C:/Users/MadCat/Documents/GitHub/MechwarriorRecomp/research/extract/decoded_pck/PHAPCK_TBL.decoded.bin,pck_object_0114_part_002_choice_000_frame_000,pck_object_0114,pck_object_0114_part_002,pck_object_0114_part_002_choice_000,2,0,0,192,0,0x009B52,0,0,vector_triplet_probe,0x009B54,00000400CA01191A,0400CA01191A,4,458,6681,,,,,,,,,
C:/Users/MadCat/Documents/GitHub/MechwarriorRecomp/research/extract/decoded_pck/PHAPCK_TBL.decoded.bin,pck_object_0116_part_000_choice_000_frame_000,pck_object_0116,pck_object_0116_part_000,pck_object_0116_part_000_choice_000,0,0,0,192,0,0x009C92,0,0,vector_triplet_probe,0x009C94,000005006A000000,05006A000000,5,106,0,,,,,,,,,
