start_hex,end_hex,start_dec,end_dec,length
0x0002,0x0002,2,2,1
0x0004,0x0008,4,8,5
0x000D,0x0014,13,20,8
0x001D,0x001D,29,29,1
0x0021,0x0021,33,33,1
0x0023,0x0023,35,35,1
0x0025,0x0025,37,37,1
0x0027,0x0027,39,39,1
0x002B,0x002B,43,43,1
0x002D,0x002D,45,45,1
0x002F,0x002F,47,47,1
0x0031,0x0031,49,49,1
0x0033,0x0033,51,51,1
0x0035,0x0035,53,53,1
0x0037,0x0037,55,55,1
0x0039,0x0039,57,57,1
0x0047,0x0047,71,71,1
0x0049,0x004B,73,75,3
0x004D,0x004D,77,77,1
0x004F,0x0057,79,87,9
0x005D,0x005D,93,93,1
0x005F,0x005F,95,95,1
0x0061,0x0061,97,97,1
0x0063,0x0063,99,99,1
0x0065,0x0065,101,101,1
0x0067,0x0067,103,103,1
0x0069,0x0069,105,105,1
0x006B,0x006B,107,107,1
0x006D,0x006D,109,109,1
0x0071,0x0071,113,113,1
0x007D,0x007D,125,125,1
0x00A2,0x00A2,162,162,1
0x00A4,0x00A4,164,164,1
0x00AA,0x00AA,170,170,1
0x00AC,0x00AC,172,172,1
0x00B2,0x00B2,178,178,1
0x00B4,0x00B4,180,180,1
0x00C4,0x00C5,196,197,2
0x00CC,0x00CC,204,204,1
0x00D6,0x00D6,214,214,1
0x00D8,0x00D8,216,216,1
0x00DA,0x00DA,218,218,1
0x00DC,0x00DC,220,220,1
0x00DE,0x00DE,222,222,1
0x00E0,0x00E0,224,224,1
0x00E2,0x00E2,226,226,1
0x00E8,0x00E8,232,232,1
0x00EC,0x00ED,236,237,2
0x0104,0x0104,260,260,1
0x0108,0x0108,264,264,1
0x010C,0x010C,268,268,1
0x0118,0x0119,280,281,2
0x025E,0x025E,606,606,1
0x0260,0x0260,608,608,1
0x0276,0x0276,630,630,1
0x0278,0x0278,632,632,1
0x028E,0x028E,654,654,1
0x0290,0x0290,656,656,1
0x02A6,0x02A6,678,678,1
0x02A8,0x02A8,680,680,1
0x02AA,0x02AA,682,682,1
0x02AC,0x02AC,684,684,1
0x02AE,0x02AE,686,686,1
0x02B0,0x02B0,688,688,1
0x02B2,0x02B2,690,690,1
0x02B4,0x02B4,692,692,1
0x02B6,0x02B6,694,694,1
0x02B8,0x02B8,696,696,1
0x02BA,0x02BA,698,698,1
0x02BC,0x02BC,700,700,1
0x02BE,0x02BE,702,702,1
0x02C0,0x02C0,704,704,1
0x02C2,0x02C2,706,706,1
0x02C4,0x02C4,708,708,1
0x02C6,0x02C6,710,710,1
0x02C8,0x02C8,712,712,1
0x02CA,0x02CA,714,714,1
0x02CC,0x02CC,716,716,1
0x02CE,0x02CE,718,718,1
0x02D0,0x02D0,720,720,1
0x02D2,0x02D2,722,722,1
0x02D4,0x02D4,724,724,1
0x02D6,0x02D6,726,726,1
0x02D8,0x02D8,728,728,1
0x02DA,0x02DA,730,730,1
0x02DC,0x02DC,732,732,1
0x02DE,0x02DE,734,734,1
0x02E0,0x02E0,736,736,1
0x02E2,0x02E2,738,738,1
0x02E4,0x02E4,740,740,1
0x02E6,0x02E6,742,742,1
0x02E8,0x02E8,744,744,1
0x02EA,0x02EA,746,746,1
0x02EC,0x02EC,748,748,1
0x02FC,0x02FC,764,764,1
0x0312,0x0312,786,786,1
0x0314,0x0314,788,788,1
0x032A,0x032A,810,810,1
0x032C,0x032C,812,812,1
0x0342,0x0342,834,834,1
0x0344,0x0344,836,836,1
0x0346,0x0346,838,838,1
0x0348,0x0348,840,840,1
0x034A,0x034A,842,842,1
0x034C,0x034C,844,844,1
0x034E,0x034E,846,846,1
0x0350,0x0350,848,848,1
0x0352,0x0352,850,850,1
0x0354,0x0354,852,852,1
0x0356,0x0356,854,854,1
0x0358,0x0358,856,856,1
0x035A,0x035A,858,858,1
0x035C,0x035C,860,860,1
0x035E,0x035E,862,862,1
0x0360,0x0360,864,864,1
0x0362,0x0362,866,866,1
0x0364,0x0364,868,868,1
0x0366,0x0366,870,870,1
0x0368,0x0368,872,872,1
0x036A,0x036A,874,874,1
0x036C,0x036C,876,876,1
0x036E,0x036E,878,878,1
0x0370,0x0370,880,880,1
0x0372,0x0372,882,882,1
0x0374,0x0374,884,884,1
0x0376,0x0376,886,886,1
0x0378,0x0378,888,888,1
0x037A,0x037A,890,890,1
0x037C,0x037C,892,892,1
0x037E,0x037E,894,894,1
0x0380,0x0380,896,896,1
0x0382,0x0382,898,898,1
0x0384,0x0384,900,900,1
0x0386,0x0386,902,902,1
0x0388,0x0388,904,904,1
0x038A,0x038A,906,906,1
0x038C,0x03A9,908,937,30
0x03AB,0x03AC,939,940,2
0x03AE,0x03B0,942,944,3
0x03B8,0x03C2,952,962,11
0x03C4,0x03C9,964,969,6
0x03CB,0x03CD,971,973,3
0x03D2,0x03D2,978,978,1
0x03D5,0x03E2,981,994,14
0x03E4,0x03E5,996,997,2
0x03E8,0x03EA,1000,1002,3
0x03EC,0x03EC,1004,1004,1
0x03F2,0x03FB,1010,1019,10
0x03FD,0x03FE,1021,1022,2
0x0402,0x0403,1026,1027,2
0x0405,0x0405,1029,1029,1
0x0408,0x0409,1032,1033,2
0x040F,0x0411,1039,1041,3
0x0413,0x0418,1043,1048,6
0x041A,0x041D,1050,1053,4
0x041F,0x0420,1055,1056,2
0x0422,0x0426,1058,1062,5
0x0428,0x0428,1064,1064,1
0x042C,0x042E,1068,1070,3
0x0430,0x0434,1072,1076,5
0x0436,0x0436,1078,1078,1
0x0439,0x0439,1081,1081,1
0x043B,0x043B,1083,1083,1
0x0442,0x0442,1090,1090,1
0x0449,0x0449,1097,1097,1
0x044B,0x0450,1099,1104,6
0x0457,0x0457,1111,1111,1
0x045A,0x045A,1114,1114,1
0x0466,0x0467,1126,1127,2
0x0469,0x046A,1129,1130,2
0x046C,0x046C,1132,1132,1
0x0474,0x0474,1140,1140,1
0x0484,0x0484,1156,1156,1
0x0486,0x048A,1158,1162,5
0x048C,0x048C,1164,1164,1
0x0493,0x0493,1171,1171,1
0x0496,0x0497,1174,1175,2
0x0499,0x049A,1177,1178,2
0x04A1,0x04A1,1185,1185,1
0x04A3,0x04A4,1187,1188,2
0x04A7,0x04A7,1191,1191,1
0x04B4,0x04B4,1204,1204,1
0x04B7,0x04B7,1207,1207,1
0x04BD,0x04C1,1213,1217,5
0x04C4,0x04C4,1220,1220,1
0x04CB,0x04CB,1227,1227,1
0x04DC,0x04DE,1244,1246,3
0x04E0,0x04E1,1248,1249,2
0x04E7,0x04E7,1255,1255,1
0x04EE,0x04EE,1262,1262,1
0x04F7,0x04FA,1271,1274,4
0x04FF,0x0500,1279,1280,2
0x0502,0x050E,1282,1294,13
0x0510,0x0510,1296,1296,1
0x0512,0x0512,1298,1298,1
0x0514,0x0514,1300,1300,1
0x0516,0x0516,1302,1302,1
0x0518,0x0518,1304,1304,1
0x051A,0x051A,1306,1306,1
0x051C,0x051C,1308,1308,1
0x051E,0x051E,1310,1310,1
0x0520,0x0520,1312,1312,1
0x0522,0x0522,1314,1314,1
0x0524,0x0524,1316,1316,1
0x0526,0x0526,1318,1318,1
0x0528,0x0528,1320,1320,1
0x052A,0x052A,1322,1322,1
0x052C,0x052C,1324,1324,1
0x052E,0x052E,1326,1326,1
0x0530,0x0530,1328,1328,1
0x0532,0x0532,1330,1330,1
0x0534,0x0534,1332,1332,1
0x0538,0x0538,1336,1336,1
0x053A,0x053A,1338,1338,1
0x053E,0x053E,1342,1342,1
0x0540,0x0540,1344,1344,1
0x0542,0x0542,1346,1346,1
0x0544,0x0544,1348,1348,1
0x0546,0x0546,1350,1350,1
0x0548,0x0548,1352,1352,1
0x054A,0x054A,1354,1354,1
0x054E,0x054E,1358,1358,1
0x0550,0x0550,1360,1360,1
0x0554,0x0554,1364,1364,1
0x0556,0x055A,1366,1370,5
0x055C,0x0560,1372,1376,5
0x0562,0x0562,1378,1378,1
0x0564,0x0564,1380,1380,1
0x0566,0x0566,1382,1382,1
0x0568,0x0568,1384,1384,1
0x056A,0x056A,1386,1386,1
0x056C,0x056C,1388,1388,1
0x056E,0x056E,1390,1390,1
0x0570,0x0570,1392,1392,1
0x0572,0x0572,1394,1394,1
0x0574,0x0574,1396,1396,1
0x0576,0x0576,1398,1398,1
0x0578,0x0578,1400,1400,1
0x057A,0x0586,1402,1414,13
0x0588,0x0588,1416,1416,1
0x058A,0x058A,1418,1418,1
0x058C,0x058C,1420,1420,1
0x058E,0x058E,1422,1422,1
0x0590,0x0590,1424,1424,1
0x0592,0x0592,1426,1426,1
0x0594,0x0594,1428,1428,1
0x0596,0x0596,1430,1430,1
0x0598,0x0598,1432,1432,1
0x059A,0x059A,1434,1434,1
0x059C,0x059C,1436,1436,1
0x059E,0x059E,1438,1438,1
0x05A0,0x05A0,1440,1440,1
0x05A2,0x05A2,1442,1442,1
0x05A4,0x05A4,1444,1444,1
0x05A6,0x05A6,1446,1446,1
0x05A8,0x05A8,1448,1448,1
0x05AA,0x05AA,1450,1450,1
0x05B2,0x05B4,1458,1460,3
0x05B6,0x05B6,1462,1462,1
0x05B8,0x05B9,1464,1465,2
0x05E3,0x05E3,1507,1507,1
0x05E5,0x05E5,1509,1509,1
0x05E7,0x05E7,1511,1511,1
0x05E9,0x05E9,1513,1513,1
0x05EB,0x05EB,1515,1515,1
0x05ED,0x05ED,1517,1517,1
0x064C,0x064C,1612,1612,1
0x0673,0x0677,1651,1655,5
0x067A,0x067A,1658,1658,1
0x0686,0x0687,1670,1671,2
0x0690,0x0693,1680,1683,4
0x06CB,0x06CB,1739,1739,1
0x06CE,0x06CE,1742,1742,1
0x06D4,0x06D4,1748,1748,1
0x06FE,0x06FE,1790,1790,1
0x0700,0x0700,1792,1792,1
0x0702,0x0702,1794,1794,1
0x0704,0x0704,1796,1796,1
0x0706,0x0706,1798,1798,1
0x070B,0x070B,1803,1803,1
0x070D,0x070E,1805,1806,2
0x0712,0x0712,1810,1810,1
