offset_hex,offset_dec,unique_count,min_hex,max_hex,values_hex,values_ascii
0x0002,2,3,00,02,00 01 02,...
0x0004,4,3,00,02,00 01 02,...
0x0005,5,2,00,01,00 01,..
0x0006,6,11,07,90,07 09 16 27 3A 44 4F 6C 72 85 90,...':DOlr..
0x0007,7,8,01,1F,01 02 0B 0D 0E 17 1E 1F,........
0x0008,8,3,00,02,00 01 02,...
0x000D,13,4,00,FF,00 02 04 FF,....
0x000E,14,2,00,FF,00 FF,..
0x000F,15,12,1E,FF,1E 2A 2E 2F 3A 4D 54 5D 5E 5F 62 FF,.*./:MT]^_b.
0x0010,16,2,00,FF,00 FF,..
0x0011,17,2,04,FF,04 FF,..
0x0012,18,2,00,FF,00 FF,..
0x0013,19,2,61,FF,61 FF,a.
0x0014,20,2,00,FF,00 FF,..
0x001D,29,3,00,02,00 01 02,...
0x0021,33,6,05,78,05 09 63 75 76 78,..cuvx
0x0023,35,2,00,01,00 01,..
0x0025,37,3,00,04,00 03 04,...
0x0027,39,3,00,02,00 01 02,...
0x002B,43,6,67,AB,67 7B 92 9A A6 AB,g{....
0x002D,45,6,57,7B,57 60 67 74 77 7B,W`gtw{
0x002F,47,5,12,37,12 26 27 2B 37,.&'+7
0x0031,49,11,09,31,09 0E 1A 25 26 27 2A 2B 2C 2E 31,"...%&'*+,.1"
0x0033,51,6,02,08,02 04 05 06 07 08,......
0x0035,53,5,D0,D4,D0 D1 D2 D3 D4,.....
0x0037,55,6,05,0C,05 08 09 0A 0B 0C,......
0x0039,57,2,00,01,00 01,..
0x0047,71,4,12,15,12 13 14 15,....
0x0049,73,13,31,F6,31 3C 3D 47 50 57 6F 73 8B 8D B3 BF F6,1<=GPWos.....
0x004A,74,13,0B,F2,0B 37 40 4B 57 5F 66 6F 87 C8 D9 DC F2,.7@KW_fo.....
0x004B,75,11,0C,2C,0C 11 12 13 14 17 1C 1D 1E 29 2C,".........),"
0x004D,77,4,00,08,00 02 04 08,....
0x004F,79,3,00,FE,00 FC FE,...
0x0050,80,2,00,FF,00 FF,..
0x0051,81,2,00,FE,00 FE,..
0x0052,82,2,00,FF,00 FF,..
0x0053,83,5,00,FE,00 04 FA FC FE,.....
0x0054,84,2,00,FF,00 FF,..
0x0055,85,6,00,FC,00 02 08 0A 0C FC,......
0x0056,86,2,00,FF,00 FF,..
0x0057,87,4,00,08,00 02 06 08,....
0x005D,93,4,00,08,00 02 04 08,....
0x005F,95,6,00,10,00 02 06 08 0C 10,......
0x0061,97,4,00,08,00 04 06 08,....
0x0063,99,3,00,04,00 02 04,...
0x0065,101,4,00,06,00 02 04 06,....
0x0067,103,4,00,06,00 02 04 06,....
0x0069,105,4,00,06,00 02 04 06,....
0x006B,107,7,01,0A,01 02 03 05 06 07 0A,.......
0x006D,109,2,01,02,01 02,..
0x0071,113,2,00,07,00 07,..
0x007D,125,2,00,01,00 01,..
0x00A2,162,2,00,01,00 01,..
0x00A4,164,2,00,01,00 01,..
0x00AA,170,2,00,01,00 01,..
0x00AC,172,2,00,01,00 01,..
0x00B2,178,2,00,01,00 01,..
0x00B4,180,2,00,02,00 02,..
0x00C4,196,2,01,FF,01 FF,..
0x00C5,197,2,00,FF,00 FF,..
0x00CC,204,2,00,04,00 04,..
0x00D6,214,5,01,06,01 02 03 04 06,.....
0x00D8,216,9,01,1C,01 03 05 06 09 13 16 17 1C,.........
0x00DA,218,8,00,1F,00 01 03 04 05 13 15 1F,........
0x00DC,220,7,00,16,00 01 04 05 06 13 16,.......
0x00DE,222,6,00,18,00 03 07 13 15 18,......
0x00E0,224,4,00,17,00 03 05 17,....
0x00E2,226,4,00,17,00 01 13 17,....
0x00E8,232,2,01,02,01 02,..
0x00EC,236,2,00,FF,00 FF,..
0x00ED,237,2,00,FF,00 FF,..
0x0104,260,2,00,01,00 01,..
0x0108,264,2,00,01,00 01,..
0x010C,268,2,00,01,00 01,..
0x0118,280,2,00,01,00 01,..
0x0119,281,2,00,01,00 01,..
0x025E,606,5,0A,19,0A 0C 15 17 19,.....
0x0260,608,2,00,C8,00 C8,..
0x0276,630,2,00,02,00 02,..
0x0278,632,2,00,10,00 10,..
0x028E,654,2,00,25,00 25,.%
0x0290,656,2,00,16,00 16,..
0x02A6,678,13,05,B3,05 07 08 0A 14 17 18 48 49 59 78 82 B3,.......HIYx..
0x02A8,680,12,00,BC,00 02 03 05 17 67 72 78 97 9C AF BC,.....grx....
0x02AA,682,11,04,86,04 05 07 0C 0D 15 2E 43 5D 7B 86,.......C]{.
0x02AC,684,10,00,A9,00 06 08 0D 15 22 42 7A 7C A9,".....""Bz|."
0x02AE,686,11,00,C5,00 0E 0F 10 36 3A 54 7A 9A C2 C5,....6:Tz...
0x02B0,688,10,00,72,00 03 04 07 14 35 47 50 5C 72,.....5GP\r
0x02B2,690,4,00,83,00 0A 5C 83,..\.
0x02B4,692,5,00,BF,00 0D 10 6E BF,...n.
0x02B6,694,5,00,C5,00 08 0C 9E C5,.....
0x02B8,696,4,00,12,00 01 0A 12,....
0x02BA,698,4,00,91,00 0D 7E 91,..~.
0x02BC,700,3,00,8B,00 78 8B,.x.
0x02BE,702,9,00,10,00 02 08 09 0A 0B 0D 0F 10,.........
0x02C0,704,8,00,92,00 02 0A 0B 0F 11 8C 92,........
0x02C2,706,9,00,92,00 02 0B 0D 0F 13 4B 8C 92,......K..
0x02C4,708,8,00,92,00 01 03 0B 0D 0F 13 92,........
0x02C6,710,9,00,AA,00 0D 0F 13 7A 7B 7F 92 AA,....z{...
0x02C8,712,7,00,A0,00 0A 0D 0F 7A 7F A0,....z..
0x02CA,714,4,00,10,00 0D 0F 10,....
0x02CC,716,4,00,12,00 0D 0F 12,....
0x02CE,718,4,00,12,00 0D 0F 12,....
0x02D0,720,4,00,22,00 0D 0F 22,"..."""
0x02D2,722,3,00,0F,00 0D 0F,...
0x02D4,724,3,00,0D,00 05 0D,...
0x02D6,726,9,00,2F,00 05 07 08 17 20 22 27 2F,"..... ""'/"
0x02D8,728,10,00,31,00 08 17 1A 20 22 24 25 2F 31,".... ""$%/1"
0x02DA,730,9,00,31,00 08 0F 1A 20 24 25 2F 31,.... $%/1
0x02DC,732,8,00,24,00 01 08 0A 0F 1A 1C 24,.......$
0x02DE,734,8,00,30,00 01 08 0A 0F 1A 24 30,......$0
0x02E0,736,7,00,2B,00 01 0F 22 24 26 2B,"...""$&+"
0x02E2,738,4,00,27,00 01 0F 27,...'
0x02E4,740,4,00,29,00 01 0F 29,...)
0x02E6,742,4,00,29,00 01 0F 29,...)
0x02E8,744,4,00,29,00 01 0F 29,...)
0x02EA,746,3,00,0F,00 01 0F,...
0x02EC,748,3,00,14,00 0F 14,...
0x02FC,764,2,00,05,00 05,..
0x0312,786,2,00,01,00 01,..
0x0314,788,2,00,01,00 01,..
0x032A,810,2,00,02,00 02,..
0x032C,812,2,00,02,00 02,..
0x0342,834,3,00,05,00 03 05,...
0x0344,836,4,00,05,00 03 04 05,....
0x0346,838,4,00,05,00 03 04 05,....
0x0348,840,3,00,05,00 03 05,...
0x034A,842,4,00,05,00 03 04 05,....
0x034C,844,3,00,05,00 03 05,...
0x034E,846,2,00,05,00 05,..
0x0350,848,3,00,05,00 03 05,...
0x0352,850,3,00,05,00 03 05,...
0x0354,852,2,00,04,00 04,..
0x0356,854,2,00,05,00 05,..
0x0358,856,2,00,05,00 05,..
0x035A,858,2,00,01,00 01,..
0x035C,860,3,00,05,00 01 05,...
0x035E,862,3,00,05,00 01 05,...
0x0360,864,3,00,05,00 01 05,...
0x0362,866,3,00,05,00 01 05,...
0x0364,868,3,00,05,00 01 05,...
0x0366,870,2,00,01,00 01,..
0x0368,872,2,00,01,00 01,..
0x036A,874,2,00,01,00 01,..
0x036C,876,3,00,05,00 01 05,...
0x036E,878,2,00,01,00 01,..
0x0370,880,2,00,01,00 01,..
0x0372,882,2,00,02,00 02,..
0x0374,884,2,00,02,00 02,..
0x0376,886,2,00,02,00 02,..
0x0378,888,2,00,02,00 02,..
0x037A,890,2,00,02,00 02,..
0x037C,892,2,00,02,00 02,..
0x037E,894,2,00,02,00 02,..
0x0380,896,2,00,02,00 02,..
0x0382,898,2,00,02,00 02,..
0x0384,900,2,00,02,00 02,..
0x0386,902,2,00,02,00 02,..
0x0388,904,2,00,02,00 02,..
0x038A,906,8,00,0C,00 01 02 03 05 06 0B 0C,........
0x038C,908,5,00,FF,00 02 03 04 FF,.....
0x038D,909,2,00,FF,00 FF,..
0x038E,910,8,00,FF,00 02 03 04 07 08 09 FF,........
0x038F,911,2,00,FF,00 FF,..
0x0390,912,6,00,FF,00 02 03 04 09 FF,......
0x0391,913,2,00,FF,00 FF,..
0x0392,914,5,00,FF,00 02 03 04 FF,.....
0x0393,915,2,00,FF,00 FF,..
0x0394,916,5,00,FF,00 02 03 09 FF,.....
0x0395,917,2,00,FF,00 FF,..
0x0396,918,3,00,FF,00 04 FF,...
0x0397,919,2,00,FF,00 FF,..
0x0398,920,2,00,FF,00 FF,..
0x0399,921,2,00,FF,00 FF,..
0x039A,922,3,00,FF,00 02 FF,...
0x039B,923,2,00,FF,00 FF,..
0x039C,924,3,02,FF,02 08 FF,...
0x039D,925,2,00,FF,00 FF,..
0x039E,926,3,06,FF,06 08 FF,...
0x039F,927,2,00,FF,00 FF,..
0x03A0,928,3,00,FF,00 03 FF,...
0x03A1,929,2,00,FF,00 FF,..
0x03A2,930,2,00,FF,00 FF,..
0x03A3,931,2,00,FF,00 FF,..
0x03A4,932,2,00,01,00 01,..
0x03A5,933,2,00,03,00 03,..
0x03A6,934,3,00,03,00 01 03,...
0x03A7,935,4,00,03,00 01 02 03,....
0x03A8,936,4,00,03,00 01 02 03,....
0x03A9,937,3,00,03,00 02 03,...
0x03AB,939,3,00,03,00 01 03,...
0x03AC,940,3,00,02,00 01 02,...
0x03AE,942,2,00,01,00 01,..
0x03AF,943,2,00,02,00 02,..
0x03B0,944,2,00,02,00 02,..
0x03B8,952,3,00,03,00 01 03,...
0x03B9,953,3,00,03,00 01 03,...
0x03BA,954,3,00,03,00 01 03,...
0x03BB,955,3,00,03,00 01 03,...
0x03BC,956,3,00,03,00 01 03,...
0x03BD,957,3,00,03,00 01 03,...
0x03BE,958,3,00,03,00 01 03,...
0x03BF,959,3,00,03,00 01 03,...
0x03C0,960,3,00,03,00 01 03,...
0x03C1,961,3,00,03,00 02 03,...
0x03C2,962,2,00,01,00 01,..
0x03C4,964,2,00,02,00 02,..
0x03C5,965,2,00,02,00 02,..
0x03C6,966,3,00,03,00 01 03,...
0x03C7,967,2,00,03,00 03,..
0x03C8,968,2,00,01,00 01,..
0x03C9,969,3,00,02,00 01 02,...
0x03CB,971,2,00,01,00 01,..
0x03CC,972,4,00,03,00 01 02 03,....
0x03CD,973,2,00,02,00 02,..
0x03D2,978,2,00,02,00 02,..
0x03D5,981,3,00,03,00 01 03,...
0x03D6,982,2,00,03,00 03,..
0x03D7,983,2,00,01,00 01,..
0x03D8,984,3,00,03,00 01 03,...
0x03D9,985,2,00,03,00 03,..
0x03DA,986,3,00,03,00 01 03,...
0x03DB,987,3,00,03,00 01 03,...
0x03DC,988,3,00,03,00 01 03,...
0x03DD,989,3,00,03,00 01 03,...
0x03DE,990,2,00,02,00 02,..
0x03DF,991,2,00,01,00 01,..
0x03E0,992,3,00,02,00 01 02,...
0x03E1,993,2,00,01,00 01,..
0x03E2,994,2,00,02,00 02,..
0x03E4,996,2,00,02,00 02,..
0x03E5,997,2,00,01,00 01,..
0x03E8,1000,3,00,03,00 01 03,...
0x03E9,1001,4,00,03,00 01 02 03,....
0x03EA,1002,2,00,03,00 03,..
0x03EC,1004,2,00,01,00 01,..
0x03F2,1010,3,00,03,00 01 03,...
0x03F3,1011,3,00,03,00 01 03,...
0x03F4,1012,3,00,03,00 01 03,...
0x03F5,1013,3,00,03,00 01 03,...
0x03F6,1014,2,00,01,00 01,..
0x03F7,1015,3,00,03,00 01 03,...
0x03F8,1016,3,00,03,00 01 03,...
0x03F9,1017,3,00,03,00 01 03,...
0x03FA,1018,2,00,03,00 03,..
0x03FB,1019,2,00,02,00 02,..
0x03FD,1021,2,00,03,00 03,..
0x03FE,1022,2,00,03,00 03,..
0x0402,1026,2,00,02,00 02,..
0x0403,1027,2,00,01,00 01,..
0x0405,1029,2,00,01,00 01,..
0x0408,1032,3,00,02,00 01 02,...
0x0409,1033,3,00,03,00 01 03,...
0x040F,1039,2,00,03,00 03,..
0x0410,1040,2,00,01,00 01,..
0x0411,1041,2,00,03,00 03,..
0x0413,1043,3,00,03,00 01 03,...
0x0414,1044,3,00,03,00 01 03,...
0x0415,1045,3,00,03,00 01 03,...
0x0416,1046,3,00,03,00 01 03,...
0x0417,1047,3,00,03,00 01 03,...
0x0418,1048,2,00,01,00 01,..
0x041A,1050,2,00,03,00 03,..
0x041B,1051,2,00,02,00 02,..
0x041C,1052,2,00,01,00 01,..
0x041D,1053,2,00,01,00 01,..
0x041F,1055,2,00,03,00 03,..
0x0420,1056,2,00,03,00 03,..
0x0422,1058,2,00,01,00 01,..
0x0423,1059,3,00,03,00 02 03,...
0x0424,1060,3,00,03,00 02 03,...
0x0425,1061,2,00,03,00 03,..
0x0426,1062,2,00,02,00 02,..
0x0428,1064,2,00,01,00 01,..
0x042C,1068,2,00,03,00 03,..
0x042D,1069,3,00,03,00 01 03,...
0x042E,1070,2,00,03,00 03,..
0x0430,1072,2,00,01,00 01,..
0x0431,1073,2,00,01,00 01,..
0x0432,1074,3,00,03,00 01 03,...
0x0433,1075,3,00,03,00 01 03,...
0x0434,1076,2,00,03,00 03,..
0x0436,1078,2,00,03,00 03,..
0x0439,1081,2,00,01,00 01,..
0x043B,1083,2,00,03,00 03,..
0x0442,1090,2,00,01,00 01,..
0x0449,1097,2,00,03,00 03,..
0x044B,1099,2,00,01,00 01,..
0x044C,1100,2,00,03,00 03,..
0x044D,1101,2,00,01,00 01,..
0x044E,1102,2,00,03,00 03,..
0x044F,1103,2,00,01,00 01,..
0x0450,1104,2,00,03,00 03,..
0x0457,1111,2,00,03,00 03,..
0x045A,1114,2,00,02,00 02,..
0x0466,1126,2,00,03,00 03,..
0x0467,1127,2,00,01,00 01,..
0x0469,1129,2,00,01,00 01,..
0x046A,1130,2,00,01,00 01,..
0x046C,1132,2,00,01,00 01,..
0x0474,1140,2,00,02,00 02,..
0x0484,1156,2,00,01,00 01,..
0x0486,1158,2,00,01,00 01,..
0x0487,1159,3,00,03,00 01 03,...
0x0488,1160,2,00,03,00 03,..
0x0489,1161,2,00,01,00 01,..
0x048A,1162,2,00,03,00 03,..
0x048C,1164,2,00,03,00 03,..
0x0493,1171,2,00,01,00 01,..
0x0496,1174,2,00,03,00 03,..
0x0497,1175,2,00,02,00 02,..
0x0499,1177,2,00,02,00 02,..
0x049A,1178,2,00,01,00 01,..
0x04A1,1185,2,00,03,00 03,..
0x04A3,1187,2,00,03,00 03,..
0x04A4,1188,2,00,03,00 03,..
0x04A7,1191,2,00,03,00 03,..
0x04B4,1204,2,00,02,00 02,..
0x04B7,1207,2,00,02,00 02,..
0x04BD,1213,2,00,01,00 01,..
0x04BE,1214,2,00,03,00 03,..
0x04BF,1215,2,00,03,00 03,..
0x04C0,1216,2,00,01,00 01,..
0x04C1,1217,2,00,01,00 01,..
0x04C4,1220,2,00,03,00 03,..
0x04CB,1227,2,00,01,00 01,..
0x04DC,1244,2,00,01,00 01,..
0x04DD,1245,2,00,01,00 01,..
0x04DE,1246,2,00,03,00 03,..
0x04E0,1248,2,00,03,00 03,..
0x04E1,1249,3,00,03,00 01 03,...
0x04E7,1255,2,00,02,00 02,..
0x04EE,1262,2,00,03,00 03,..
0x04F7,1271,2,00,03,00 03,..
0x04F8,1272,2,00,01,00 01,..
0x04F9,1273,2,00,03,00 03,..
0x04FA,1274,2,00,03,00 03,..
0x04FF,1279,2,00,03,00 03,..
0x0500,1280,5,02,06,02 03 04 05 06,.....
0x0502,1282,9,02,CD,02 1E 3E 69 76 83 A7 AE CD,..>iv....
0x0503,1283,3,8A,8D,8A 8B 8D,...
0x0504,1284,11,22,E6,22 3E 76 79 91 92 A7 AE C3 CD E6,""">vy......."
0x0505,1285,3,8A,8D,8A 8B 8D,...
0x0506,1286,10,05,A7,05 26 3E 59 69 79 83 92 A2 A7,.&>Yiy....
0x0507,1287,4,8A,8E,8A 8B 8D 8E,....
0x0508,1288,7,02,CD,02 76 79 92 A7 AE CD,.vy....
0x0509,1289,2,8A,8B,8A 8B,..
0x050A,1290,11,22,E4,22 3E 59 69 74 91 92 A2 AE CD E4,""">Yit......"
0x050B,1291,4,8A,8D,8A 8B 8C 8D,....
0x050C,1292,9,00,E6,00 02 1E 22 26 3E 59 AE E6,"...""&>Y.."
0x050D,1293,5,00,8D,00 8A 8B 8C 8D,.....
0x050E,1294,11,02,8A,02 05 16 57 5F 66 68 83 84 88 8A,...W_fh....
0x0510,1296,10,0C,7B,0C 0E 0F 11 1C 2E 5D 5F 78 7B,......]_x{
0x0512,1298,10,09,83,09 0D 0F 11 43 57 6B 71 76 83,....CWkqv.
0x0514,1300,11,0F,8D,0F 3D 49 4A 51 54 62 78 7B 83 8D,.=IJQTbx{..
0x0516,1302,13,04,83,04 06 11 16 2C 39 5C 62 76 7B 7D 80 83,"....,9\bv{}.."
0x0518,1304,10,00,8A,00 61 62 65 7B 7D 83 84 89 8A,.abe{}....
0x051A,1306,6,00,07,00 02 03 04 06 07,......
0x051C,1308,5,00,07,00 01 02 03 07,.....
0x051E,1310,5,00,07,00 02 03 04 07,.....
0x0520,1312,5,00,07,00 02 03 04 07,.....
0x0522,1314,4,00,07,00 01 03 07,....
0x0524,1316,6,00,07,00 01 02 03 04 07,......
0x0526,1318,3,01,03,01 02 03,...
0x0528,1320,3,01,03,01 02 03,...
0x052A,1322,3,01,03,01 02 03,...
0x052C,1324,2,01,02,01 02,..
0x052E,1326,3,01,03,01 02 03,...
0x0530,1328,4,00,04,00 01 03 04,....
0x0532,1330,2,00,01,00 01,..
0x0534,1332,2,00,01,00 01,..
0x0538,1336,2,00,01,00 01,..
0x053A,1338,2,00,01,00 01,..
0x053E,1342,2,00,01,00 01,..
0x0540,1344,2,00,01,00 01,..
0x0542,1346,2,00,01,00 01,..
0x0544,1348,2,00,01,00 01,..
0x0546,1350,2,00,01,00 01,..
0x0548,1352,2,00,01,00 01,..
0x054A,1354,2,00,01,00 01,..
0x054E,1358,2,00,01,00 01,..
0x0550,1360,2,00,01,00 01,..
0x0554,1364,2,00,01,00 01,..
0x0556,1366,6,0E,AA,0E 82 90 96 A0 AA,......
0x0557,1367,2,00,01,00 01,..
0x0558,1368,6,3A,DC,3A 90 A0 AA C8 DC,:.....
0x0559,1369,3,00,02,00 01 02,...
0x055A,1370,3,64,C8,64 96 C8,d..
0x055C,1372,6,0E,A0,0E 78 82 90 96 A0,.x....
0x055D,1373,2,00,01,00 01,..
0x055E,1374,6,3A,DC,3A 90 AA C8 D2 DC,:.....
0x055F,1375,3,00,02,00 01 02,...
0x0560,1376,4,00,C8,00 64 96 C8,.d..
0x0562,1378,5,01,07,01 03 04 05 07,.....
0x0564,1380,5,01,07,01 03 04 05 07,.....
0x0566,1382,5,01,07,01 03 04 05 07,.....
0x0568,1384,5,01,07,01 03 04 05 07,.....
0x056A,1386,6,01,07,01 02 03 04 05 07,......
0x056C,1388,5,00,07,00 02 03 05 07,.....
0x056E,1390,6,01,08,01 02 03 04 06 08,......
0x0570,1392,6,01,08,01 02 03 04 06 08,......
0x0572,1394,6,01,08,01 02 03 04 06 08,......
0x0574,1396,6,01,08,01 02 03 04 06 08,......
0x0576,1398,5,01,08,01 02 03 06 08,.....
0x0578,1400,5,00,08,00 02 03 06 08,.....
0x057A,1402,7,08,B2,08 12 40 4C 58 94 B2,..@LX..
0x057B,1403,3,02,06,02 04 06,...
0x057C,1404,7,20,FC,20 40 70 7A 80 A8 FC, @pz...
0x057D,1405,4,02,08,02 03 06 08,....
0x057E,1406,7,04,F0,04 20 2C 40 4A 58 F0,". ,@JX."
0x057F,1407,4,00,03,00 01 02 03,....
0x0580,1408,7,08,E0,08 40 4C 58 76 8A E0,.@LXv..
0x0581,1409,4,01,06,01 02 04 06,....
0x0582,1410,7,20,FC,20 40 48 84 A8 C6 FC, @H....
0x0583,1411,4,02,08,02 03 06 08,....
0x0584,1412,6,00,F0,00 20 2C 40 58 F0,". ,@X."
0x0585,1413,4,00,03,00 01 02 03,....
0x0586,1414,7,05,1E,05 0C 0F 11 14 1C 1E,.......
0x0588,1416,7,05,1E,05 0C 0F 11 14 1C 1E,.......
0x058A,1418,7,05,1E,05 0C 0F 11 14 1C 1E,.......
0x058C,1420,7,05,1E,05 0C 0F 11 14 1C 1E,.......
0x058E,1422,7,05,1E,05 0A 0F 11 14 1C 1E,.......
0x0590,1424,6,00,1E,00 0A 0F 14 1C 1E,......
0x0592,1426,8,05,23,05 0A 0C 0F 11 19 21 23,......!#
0x0594,1428,8,05,23,05 0A 0C 0F 11 19 21 23,......!#
0x0596,1430,8,05,23,05 0A 0C 0F 11 19 21 23,......!#
0x0598,1432,8,05,23,05 0A 0C 0F 11 19 21 23,......!#
0x059A,1434,7,05,23,05 0A 0C 0F 19 21 23,.....!#
0x059C,1436,6,00,23,00 0A 0F 19 21 23,....!#
0x059E,1438,3,02,05,02 03 05,...
0x05A0,1440,5,00,FA,00 96 BE C8 FA,.....
0x05A2,1442,3,00,08,00 06 08,...
0x05A4,1444,2,00,09,00 09,..
0x05A6,1446,2,00,01,00 01,..
0x05A8,1448,2,00,01,00 01,..
0x05AA,1450,2,00,01,00 01,..
0x05B2,1458,7,0E,FA,0E 64 78 96 BE C8 FA,.dx....
0x05B3,1459,2,00,01,00 01,..
0x05B4,1460,7,01,08,01 02 03 05 06 07 08,.......
0x05B6,1462,6,01,09,01 02 03 06 08 09,......
0x05B8,1464,11,06,E6,06 5C 62 77 8D 92 AD B8 BC C4 E6,.\bw.......
0x05B9,1465,2,00,01,00 01,..
0x05E3,1507,9,01,1F,01 04 05 07 08 09 0B 0D 1F,.........
0x05E5,1509,11,02,21,02 03 04 05 06 09 0B 0C 0D 1A 21,..........!
0x05E7,1511,10,01,24,01 02 09 0A 0C 0D 19 1F 20 24,........ $
0x05E9,1513,7,02,0D,02 04 05 07 0B 0C 0D,.......
0x05EB,1515,11,01,22,01 03 04 05 09 0A 0C 14 1A 20 22,"......... """
0x05ED,1517,9,00,1A,00 04 06 07 08 09 0A 11 1A,.........
0x064C,1612,2,00,01,00 01,..
0x0673,1651,2,00,01,00 01,..
0x0674,1652,2,00,01,00 01,..
0x0675,1653,2,00,01,00 01,..
0x0676,1654,2,00,01,00 01,..
0x0677,1655,2,00,01,00 01,..
0x067A,1658,2,00,01,00 01,..
0x0686,1670,2,00,01,00 01,..
0x0687,1671,2,00,01,00 01,..
0x0690,1680,2,00,01,00 01,..
0x0691,1681,2,00,01,00 01,..
0x0692,1682,2,00,01,00 01,..
0x0693,1683,2,00,01,00 01,..
0x06CB,1739,2,00,01,00 01,..
0x06CE,1742,2,00,01,00 01,..
0x06D4,1748,2,00,01,00 01,..
0x06FE,1790,2,0A,76,0A 76,.v
0x0700,1792,2,04,05,04 05,..
0x0702,1794,2,49,53,49 53,IS
0x0704,1796,2,7C,91,7C 91,|.
0x0706,1798,2,0D,1D,0D 1D,..
0x070B,1803,5,00,04,00 01 02 03 04,.....
0x070D,1805,3,00,02,00 01 02,...
0x070E,1806,5,01,05,01 02 03 04 05,.....
0x0712,1810,7,00,09,00 01 03 04 07 08 09,.......
