resource,target,body_file,decoded_size,body_size,compression_ratio,entropy,zero_count,zero_percent,high_bit_count,high_bit_percent,adjacent_equal_pairs,longest_run_value_hex,longest_run_length,first_32_hex,last_32_hex,top_12_bytes,packbits7_profile,mac_packbits_profile
loc.bmp,inf_packed_4bpp,research/extract/btech_bin_samples/LOC_BMP_00_codec2.body.bin,14668,2998,4.8926,7.9105,22,0.73,1513,50.47,13,0x00,2,99 02 46 0A 98 69 A0 40 82 06 0B 22 5C 78 B0 A1 42 87 09 23 32 7C 48 31 21 80 89 12 21 62 DC A8,A4 59 9A 10 27 64 61 C5 8B A8 79 77 A9 49 55 1D D7 9A AF 59 97 AB 19 9B B4 E9 71 AC 79 9B 24 07,0x96:27; 0x59:22; 0x00:22; 0xA8:21; 0x88:21; 0x99:20; 0x85:20; 0x33:20; 0x67:20; 0x68:20; 0x18:20; 0x80:19,literal=2800; run=3521; commands=115,literal=2831; run=4914; commands=108
jen.bmp,inf_packed_4bpp,research/extract/btech_bin_samples/JEN_BMP_00_codec2.body.bin,14668,2752,5.3299,7.9123,19,0.69,1370,49.78,11,0x3F,2,99 22 65 1A 28 90 E0 C0 80 07 0B 22 34 C8 70 A1 43 85 10 13 4A 6C 18 D1 20 80 87 13 31 52 CC 58,FF 18 90 64 B8 8F 04 D9 86 F8 58 90 A6 78 90 FE 88 8B F5 D8 90 7E A6 90 10 59 81 08 29 90 C0 02,0x85:24; 0x9A:21; 0x21:21; 0x99:20; 0x18:20; 0x5D:20; 0x88:20; 0x86:19; 0xF5:19; 0x67:19; 0x00:19; 0xC0:18,literal=2602; run=2609; commands=89,literal=2608; run=2734; commands=73
pho.bmp,inf_packed_4bpp,research/extract/btech_bin_samples/PHO_BMP_00_codec2.body.bin,14668,3542,4.1412,7.9184,26,0.73,1723,48.64,14,0x00,2,99 02 66 08 98 69 A0 40 82 06 0B 22 5C 78 B0 A1 42 87 09 23 32 7C 48 31 21 80 89 12 21 62 DC A8,DA B0 C9 DA 93 29 F1 59 9E 37 13 14 DB AC 31 24 A8 1A BB B1 06 F8 26 1E DB 26 2B 29 26 6D 62 11,0x8E:33; 0x99:31; 0x89:30; 0x39:28; 0x00:26; 0x19:26; 0xA2:26; 0x98:24; 0x22:24; 0x87:23; 0x66:22; 0x27:22,literal=3394; run=2641; commands=100,literal=3336; run=5309; commands=125
sha.bmp,inf_packed_4bpp,research/extract/btech_bin_samples/SHA_BMP_00_codec2.body.bin,14668,3829,3.8308,7.9219,21,0.55,1828,47.74,19,0x65,2,99 32 64 1A 28 90 E0 C0 80 07 0B 22 34 C8 70 A1 43 85 10 13 4A 6C 18 D1 20 80 87 13 31 52 CC 58,CC FB 2F CA 7B BA CF FB 55 3A F5 BC 93 1B A4 E6 99 BD DA 2B 14 DA 19 26 2F B9 B8 DE 1B BE A8 0A,0x20:29; 0x9A:28; 0x13:27; 0xA8:27; 0x80:26; 0x31:26; 0x79:26; 0xB2:25; 0x38:25; 0x91:25; 0x86:24; 0xA9:24,literal=3544; run=3611; commands=111,literal=3650; run=3361; commands=108
rif.bmp,inf_packed_4bpp,research/extract/btech_bin_samples/RIF_BMP_00_codec2.body.bin,14668,4258,3.4448,7.9315,34,0.80,2051,48.17,21,0x67,3,99 02 46 0A 98 69 A0 40 82 06 0B 22 5C 78 B0 A1 42 87 09 23 32 7C 48 31 21 80 89 12 21 62 DC A8,13 D2 BA 99 21 13 07 31 AD F5 F1 B6 F4 5C CF F6 BC 95 E3 91 CF 06 42 CD 29 A2 CF B2 F1 CF 00 00,0x89:34; 0x00:34; 0x16:33; 0xA8:32; 0x92:30; 0x19:30; 0x13:30; 0x28:29; 0x11:28; 0x26:28; 0x17:26; 0x80:25,literal=3920; run=4701; commands=157,literal=3944; run=5532; commands=141
war.bmp,inf_packed_4bpp,research/extract/btech_bin_samples/WAR_BMP_00_codec2.body.bin,14668,3649,4.0197,7.9214,24,0.66,1752,48.01,7,0xBF,2,99 22 65 1A 28 90 E0 C0 80 07 0B 22 34 C8 70 A1 43 85 10 13 4A 6C 18 D1 20 80 87 13 31 52 CC 58,1D 36 B5 08 D1 52 0D BB B4 E0 79 7E 5E 4B 14 49 68 14 AA 38 A4 F6 51 B6 90 91 90 CE 01 21 16 01,0x88:30; 0x75:27; 0x33:25; 0xA1:24; 0x9A:24; 0x00:24; 0x03:24; 0x80:23; 0x34:23; 0x77:23; 0x89:23; 0xB2:22,literal=3486; run=2673; commands=98,literal=3418; run=4147; commands=109
mar.bmp,inf_packed_4bpp,research/extract/btech_bin_samples/MAR_BMP_00_codec2.body.bin,14668,3289,4.4597,7.9250,23,0.70,1622,49.32,9,0xDD,2,99 02 46 0A 98 69 A0 40 82 06 0B 22 5C 78 B0 A1 42 87 09 23 32 7C 48 31 21 80 89 12 21 62 DC A8,5E 5A A6 74 79 A6 64 8A 9D 6A DA A6 23 8A A6 6E DA 57 5C 3A A7 B0 B3 A6 71 CA A6 62 9A A7 3F 01,0x8A:27; 0xF3:24; 0x89:23; 0x00:23; 0x7A:22; 0xB3:22; 0x88:22; 0x75:22; 0x8E:21; 0x79:21; 0xA3:21; 0xB8:20,literal=3089; run=4010; commands=109,literal=3051; run=3003; commands=102
bat.bmp,inf_packed_4bpp,research/extract/btech_bin_samples/BAT_BMP_00_codec2.body.bin,14668,4117,3.5628,7.9389,36,0.87,1976,48.00,13,0x00,2,99 32 64 1A 18 69 60 A6 82 04 0D 22 3C A8 B0 61 C2 87 0C 21 2E 9C E8 30 A2 C5 82 00 02 56 A4 28,04 FC 11 E5 85 1E 39 01 65 FF C9 BE 07 9A 3D 4F 01 9B 6D 36 A7 56 EC 20 04 C2 C7 BD E1 C9 2E 01,0x00:36; 0x3B:29; 0x82:28; 0x83:27; 0x23:27; 0x79:27; 0xAF:26; 0x1B:26; 0xE8:25; 0x02:25; 0x85:25; 0x33:25,literal=3817; run=4129; commands=124,literal=3878; run=4218; commands=117
prompt.bmp,inf_packed_4bpp,research/extract/btech_bin_samples/PROMPT_BMP_00_codec2.body.bin,1512,259,5.8378,7.1844,3,1.16,151,58.30,0,0x77,1,77 02 DE F9 F3 A3 E0 BF 83 08 13 2A 5C C8 B0 E1 C1 82 3F 04 DE 81 03 00 C0 1C 44 88 02 E2 D8 88,1E 4D BA F4 76 4B 8D 1C 7F DB 7C E9 35 E3 CB E8 B9 6D A2 64 2A 91 A0 41 87 E0 C3 33 84 28 71 25,0xA3:4; 0x83:4; 0x88:4; 0xCA:4; 0x2A:3; 0xC8:3; 0x00:3; 0xB1:3; 0xC7:3; 0x43:3; 0x1D:3; 0xB4:3,literal=228; run=477; commands=12,literal=236; run=329; commands=8
sm_mechs.bmp,inf_packed_4bpp,research/extract/btech_bin_samples/SM_MECHS_BMP_00_codec2.body.bin,12348,3005,4.1092,7.9025,20,0.67,1449,48.22,9,0x61,2,AA 02 0A 1C 48 B0 20 41 50 00 0C CE D0 31 70 61 43 86 03 11 1A 84 A1 63 C6 C2 51 00 06 A8 B2 A8,29 99 FE 88 96 40 A9 26 3E F5 9A 32 24 8B A8 48 8A 31 65 8A B4 09 7E A3 78 9B B2 59 86 B7 E9 19,0x49:23; 0x97:23; 0xA9:23; 0x8E:22; 0x48:21; 0x80:21; 0x94:21; 0x08:21; 0x00:20; 0x24:20; 0x78:20; 0x89:20,literal=2904; run=1506; commands=71,literal=2776; run=2543; commands=91
struts.bmp,inf_packed_4bpp,research/extract/btech_bin_samples/STRUTS_BMP_00_codec2.body.bin,3404,1056,3.2235,7.7569,9,0.85,508,48.11,2,0xC5,2,91 02 D6 A8 42 B0 CA 17 00 08 33 64 98 50 90 20 3C 84 00 04 36 3C 08 71 61 C3 2A 0F 21 46 1A 58,51 EC 88 48 4C A2 12 97 78 C4 9B 1C A2 56 50 8C A2 14 A7 28 AB EA 59 EC 0F 54 CC A2 16 A3 C8 3A,0x1C:11; 0x42:10; 0x33:10; 0x0D:10; 0x88:10; 0xD6:9; 0x00:9; 0x84:9; 0x21:9; 0x78:9; 0x15:9; 0xEB:9,literal=992; run=985; commands=29,literal=904; run=1409; commands=38
cockpit.bmp,inf_packed_4bpp,research/extract/btech_bin_samples/COCKPIT_BMP_00_codec2.body.bin,2232,688,3.2442,7.6287,9,1.31,332,48.26,2,0x00,2,88 02 22 52 A4 4A 15 2A 82 06 11 1E 2C B8 D0 A0 C0 87 88 12 65 CA 84 49 22 45 8B 15 27 66 A4 F8,9A BC DB 42 DC DF 86 0F BB 7B A5 97 AE 05 D9 A9 84 AB F1 08 57 B7 12 FA 47 4E 8E 03 A6 E6 1F 11,0x5C:10; 0x11:9; 0x00:9; 0x84:8; 0x15:7; 0xC0:7; 0xEC:7; 0xE6:7; 0x4A:6; 0x06:6; 0x12:6; 0x03:6,literal=609; run=1374; commands=42,literal=560; run=630; commands=16
hud_cyan.bmp,inf_packed_4bpp,research/extract/btech_bin_samples/HUD_CYAN_BMP_00_codec2.body.bin,480,173,2.7746,6.7682,3,1.73,68,39.31,1,0x98,2,BB 76 2D D8 05 2B 20 00 58 0B 16 1C 44 78 30 E1 42 85 08 21 32 0C 38 B0 E0 2E 00 14 2F 1A 64 F8,2C DA A2 77 85 E6 FD 9A 36 2E D0 96 1C 1D E6 74 BB 14 EC C0 B5 67 3B 9A BD 98 98 2F 46 A5 6B 01,0x14:4; 0x00:3; 0x1C:3; 0x42:3; 0x85:3; 0xB0:3; 0x12:3; 0x9A:3; 0xBB:2; 0x2B:2; 0x20:2; 0x0B:2,literal=81; run=100; commands=5,literal=145; run=176; commands=6
hud_nums.bmp,inf_packed_4bpp,research/extract/btech_bin_samples/HUD_NUMS_BMP_00_codec2.body.bin,480,173,2.7746,6.7480,3,1.73,71,41.04,1,0x98,2,FF FE 3D F8 07 2F 20 00 78 0F 1E 1C 44 78 30 E1 42 85 08 21 32 0C 38 B0 E0 3F 00 14 2F 1A 64 F8,2C DA A2 77 85 E6 FD 9A 36 2E D0 96 1C 1D E6 74 BB 14 EC C0 B5 67 3B 9A BD 98 98 2F 46 A5 6B 01,0x14:4; 0x2F:3; 0x00:3; 0x78:3; 0x1C:3; 0x42:3; 0x85:3; 0xB0:3; 0x12:3; 0x9A:3; 0x3D:2; 0xF8:2,literal=140; run=257; commands=7,literal=62; run=69; commands=4
light.scr,packed_4bpp_320x200,research/extract/btech_bin_samples/LIGHT_SCR_00_codec2.body.bin,32000,4682,6.8347,7.9183,22,0.47,2498,53.35,21,0x1A,2,88 02 0A 1C 48 B0 A0 C1 83 08 13 2A 5C C8 B0 A1 C3 87 10 0D 46 9A 48 B1 A2 C5 8B 18 33 6A DC C8,7E E0 08 AE 42 64 1D 01 7B CD D7 C7 86 D6 4E 1C E1 30 F1 D4 14 EE 11 EC DD 13 81 50 E1 1A 8E 11,0x08:39; 0x9A:33; 0xAA:33; 0xAB:32; 0xC9:31; 0x38:31; 0x8A:30; 0xA7:30; 0x80:30; 0x5A:30; 0x88:29; 0x87:29,literal=4447; run=4049; commands=146,literal=4430; run=5989; commands=154
medium.scr,packed_4bpp_320x200,research/extract/btech_bin_samples/MEDIUM_SCR_00_codec2.body.bin,32000,4138,7.7332,7.9302,20,0.48,2097,50.68,14,0x84,2,88 02 E2 08 48 10 D1 23 40 00 12 2A 5C C8 B0 A1 C3 87 10 23 4A 9C 48 B1 A2 C5 8B 8F 0A 12 1C 18,3C 53 40 9C FC C9 A0 CC BF 25 34 CA A4 5C CA A6 7C CA A7 1C CA 29 33 41 A8 DC CA AE FC CA 14 04,0x88:34; 0x8F:33; 0x78:32; 0xAA:31; 0x08:29; 0x03:29; 0x3C:28; 0x48:27; 0xB0:26; 0x80:26; 0x35:26; 0xA6:26,literal=3882; run=3489; commands=120,literal=3912; run=4642; commands=128
heavy.scr,packed_4bpp_320x200,research/extract/btech_bin_samples/HEAVY_SCR_00_codec2.body.bin,32000,3454,9.2646,7.9112,12,0.35,1774,51.36,12,0xEF,2,00 02 0A 1C 48 B0 A0 C1 83 08 13 2A 5C C8 B0 A1 C3 87 10 23 4A 9C 48 B1 A2 C5 8B 18 33 6A DC C8,C0 1A AC 1B F2 A9 4D 63 AD F7 61 AC B3 1A 2C E8 71 45 11 27 29 A0 8A 28 D3 5A A8 73 BA 48 87 00,0x88:34; 0x38:31; 0x98:28; 0x1C:27; 0xA8:27; 0x48:26; 0x78:26; 0x82:26; 0xB7:23; 0x77:22; 0x83:21; 0x08:21,literal=3147; run=4379; commands=122,literal=3209; run=5116; commands=130
status.scr,packed_4bpp_320x200,research/extract/btech_bin_samples/STATUS_SCR_00_codec2.body.bin,32000,1572,20.3562,7.8245,26,1.65,776,49.36,3,0x33,2,77 02 0A 1C 48 B0 A0 C1 83 08 13 2A 5C C8 B0 A1 C3 87 10 23 4A 9C 48 B1 A2 C5 8B 18 33 6A DC C8,DE FA 96 6F 78 FB AD 70 87 4B 37 DE 12 F7 B8 C8 6D 0B 6D 97 CB DC E6 3A F7 B9 D0 8D AE 74 5F 0A,0x00:26; 0x03:16; 0xDC:14; 0x21:13; 0x70:13; 0x80:13; 0xE6:13; 0xCB:12; 0x1C:11; 0x23:11; 0x11:11; 0x7C:11,literal=1438; run=1771; commands=51,literal=1352; run=2600; commands=67
