offset_hex,offset_dec,length,string
0x00034C,844,20,CANT RELEASE MEMORY.
0x000365,869,12,DISK ERROR !
0x000376,886,25,NOT A DPAINT BRUSH FILE !
0x000396,918,47,MW PICTURE FILER. COPYRIGHT 1988 BY PETER FOKOS
0x0003C7,967,30,$64k ALLOCATED FOR PIC BUFFER.
0x0003E7,999,31,$64k ALLOCATED FOR FILE BUFFER.
0x000408,1032,40,$64k ALLOCATED FOR DECOMPRESSION BUFFER.
0x000432,1074,39,$COULD NOT ALLOCATE 64K FOR PIC BUFFER.
0x00045B,1115,40,$COULD NOT ALLOCATE 64K FOR FILE BUFFER.
0x000485,1157,49,$COULD NOT ALLOCATE 64K FOR DECOMPRESSION BUFFER.
0x0004B8,1208,13,$MW_CPICS.BIN
0x000733,1843,4,Yt	F
0x000796,1942,4,Jt'V
0x0009B6,2486,5,Y[r7:
0x000A1E,2590,9,	'	@	Y	r	
0x000A45,2629,25,C:\B_TECH\ART\PALETTE.LBM
0x000A5F,2655,24,C:\B_TECH\ART\CREW01.LBM
0x000A78,2680,24,C:\B_TECH\ART\CREW02.LBM
0x000A91,2705,24,C:\B_TECH\ART\CREW03.LBM
0x000AAA,2730,24,C:\B_TECH\ART\CREW04.LBM
0x000AC3,2755,24,C:\B_TECH\ART\CREW05.LBM
0x000ADC,2780,24,C:\B_TECH\ART\CREW06.LBM
0x000AF5,2805,24,C:\B_TECH\ART\CREW07.LBM
0x000B0E,2830,24,C:\B_TECH\ART\CREW08.LBM
0x000B27,2855,24,C:\B_TECH\ART\CREW09.LBM
0x000B40,2880,24,C:\B_TECH\ART\CREW10.LBM
0x000B59,2905,24,C:\B_TECH\ART\CREW11.LBM
0x000B72,2930,24,C:\B_TECH\ART\CREW12.LBM
0x000B8B,2955,24,C:\B_TECH\ART\CREW13.LBM
0x000BA4,2980,24,C:\B_TECH\ART\CREW14.LBM
0x000BBD,3005,24,C:\B_TECH\ART\CREW15.LBM
0x000BD6,3030,24,C:\B_TECH\ART\CREW16.LBM
0x000BEF,3055,24,C:\B_TECH\ART\CREW17.LBM
0x000C08,3080,24,C:\B_TECH\ART\CREW18.LBM
0x000C21,3105,24,C:\B_TECH\ART\CREW19.LBM
0x000C3A,3130,24,C:\B_TECH\ART\CREW20.LBM
0x000C53,3155,24,C:\B_TECH\ART\CREW21.LBM
0x000C6C,3180,24,C:\B_TECH\ART\PLAYER.LBM
0x000C85,3205,23,C:\B_TECH\ART\DS2A1.LBM
0x000C9D,3229,23,C:\B_TECH\ART\DS2A2.LBM
0x000CB5,3253,23,C:\B_TECH\ART\DS2A3.LBM
0x000CCD,3277,25,C:\B_TECH\ART\CREWPAN.LBM
0x000CE7,3303,26,C:\B_TECH\ART\HR1_ICON.LBM
0x000D02,3330,26,C:\B_TECH\ART\HR2_ICON.LBM
0x000D1D,3357,26,C:\B_TECH\ART\HR3_ICON.LBM
0x000D38,3384,26,C:\B_TECH\ART\HR4_ICON.LBM
0x000D53,3411,23,C:\B_TECH\ART\MC_AA.LBM
0x000D6B,3435,23,C:\B_TECH\ART\MC_AB.LBM
0x000D83,3459,23,C:\B_TECH\ART\MC_AC.LBM
0x000D9B,3483,23,C:\B_TECH\ART\MC_AD.LBM
0x000DB3,3507,24,C:\B_TECH\ART\BUTTON.LBM
0x000DCC,3532,18,C:\B_TECH\ART\.LBM
0x000DDF,3551,15,END OF MW_CPICS
