exe,string_file_offset_hex,string_module_offset_hex,string,ref_file_offset_hex,ref_module_offset_hex,ref_context_hex
Original/MW_MAIN.EXE,0x008D30,0x8930,Picture buffer allocated.,0x003895,0x3495,06E9311B16EB31BBE803F7F3F7E3A35B3089165D30C38B3E6F048A8557302C01F6E3
Original/MW_MAIN.EXE,0x008D30,0x8930,Picture buffer allocated.,0x0038BE,0x34BE,E305F40183D200BBE803F7F3F7E3A35B3089165D30C3C706C3250300B80200E81ED9
Original/MW_MAIN.EXE,0x008D30,0x8930,Picture buffer allocated.,0x004C1E,0x481E,06E9311B16EB31BBE803F7F3F7E3A35B3089165D30C3A15D308B1E5B308B0E93048B
Original/MW_MAIN.EXE,0x008D4B,0x894B,$Game picture buffer allocated.,0x005B6B,0x576B,09F7E3BB6400F7F350BBE803F7E3A3734B8916754B0106910411169304588B1EFA09
Original/MW_MAIN.EXE,0x008D8D,0x898D,$Decompression buffer allocated.,0x00F390,0xEF90,8D87C487FC8741888388C288058946898D89D5892E6D386C976A3F6B086EC76AB568
Original/MW_MAIN.EXE,0x008D8D,0x898D,$Decompression buffer allocated.,0x00F484,0xF084,DE7DB881218225851187C28893868D878D89C4878B83B8844A865487CD85D4866685
Original/MW_MAIN.EXE,0x008EDB,0x8ADB,$Unable to allocate memory for draw buffer.,0x00240C,0x200C,83C60AB9090002844A0546E2F9B40033DB8A9D182B8BCB2BD8B86400F7E38BD9F7F3
Original/MW_MAIN.EXE,0x008EDB,0x8ADB,$Unable to allocate memory for draw buffer.,0x002640,0x2240,EBF2803E4F04637506B81C00EB509033DB8A1E4E044BE87938BB0E00F7E3D1E0E89B
Original/MW_MAIN.EXE,0x008EDB,0x8ADB,$Unable to allocate memory for draw buffer.,0x00266A,0x226A,B7706533C08A4407D1E0D1E0E885EB33DB8A1E4E044BD1E38BB7706533C08A4407D1
Original/MW_MAIN.EXE,0x008EDB,0x8ADB,$Unable to allocate memory for draw buffer.,0x002683,0x2283,B7706533C08A4407D1E0D1E3E86CEB33DB8A1E4F04D1E38B87468EE85DEBE8284BE8
Original/MW_MAIN.EXE,0x008EDB,0x8ADB,$Unable to allocate memory for draw buffer.,0x003D3B,0x393B,33C98A8FED2A83C10A8BE9B900005633DB8A1C80FB00742853515655890E10328B36
Original/MW_MAIN.EXE,0x008EDB,0x8ADB,$Unable to allocate memory for draw buffer.,0x003EFC,0x3AFC,4A058BF0C70608320000BF8432565733DB8A1CB00380FB007402B0088845F2833E08
Original/MW_MAIN.EXE,0x008EDB,0x8ADB,$Unable to allocate memory for draw buffer.,0x003F5E,0x3B5E,A20033A041A10430A201338B36D52A33DB8A9C8C36B80000E85637A040A10430A206
Original/MW_MAIN.EXE,0x008EDB,0x8ADB,$Unable to allocate memory for draw buffer.,0x003FAB,0x3BAB,E82137A041A10430A29C338B36D52A33DB8A9C963680FB007410B80000E80437A041
Original/MW_MAIN.EXE,0x008EDB,0x8ADB,$Unable to allocate memory for draw buffer.,0x0040F8,0x3CF8,4A05050A008BF0BF083483C70D565733DB8A1CB00380FB007402B0088845F2D1E38B
Original/MW_MAIN.EXE,0x008EDB,0x8ADB,$Unable to allocate memory for draw buffer.,0x00456C,0x416C,1E0E327301C3890E9104891E93045633DB8AD8D1E38B8F6F3AE876CC5E833EE5030A
Original/MW_MAIN.EXE,0x008EDB,0x8ADB,$Unable to allocate memory for draw buffer.,0x0045FD,0x41FD,00518B36CE3CFF06CE3C83F903742733DB8A1C80FB00741ED1E38B87D23C8BF08B3E
Original/MW_MAIN.EXE,0x008EDB,0x8ADB,$Unable to allocate memory for draw buffer.,0x00467C,0x427C,EC078BF0C706EF440000BF6145565733DB8A1CB00380FB007402B0088845F2833EEF
Original/MW_MAIN.EXE,0x008EDB,0x8ADB,$Unable to allocate memory for draw buffer.,0x0046DE,0x42DE,A2DD45A041A10430A2DE458B36224333DB8A9C8C36B80000E8D62FA040A10430A2E3
Original/MW_MAIN.EXE,0x008EDB,0x8ADB,$Unable to allocate memory for draw buffer.,0x00472B,0x432B,E8A12FA041A10430A279468B36224333DB8A9C963680FB007410B80000E8842FA041
Original/MW_MAIN.EXE,0x008EDB,0x8ADB,$Unable to allocate memory for draw buffer.,0x004855,0x4455,EC07050A008BF0BFBF4683C70D565733DB8A1CB00380FB007402B0088845F2D1E38B
Original/MW_MAIN.EXE,0x008EDB,0x8ADB,$Unable to allocate memory for draw buffer.,0x005743,0x5343,E2F6B908008BF2EBEF483D000075F033DB8A9C020A2BF28B3E774BD1E789B562098B
Original/MW_MAIN.EXE,0x008EDB,0x8ADB,$Unable to allocate memory for draw buffer.,0x005C22,0x5822,1E2C008B1E6904D1E38BB7706533C033DB8A44058A5C0605FEFF83C3FEA3DB5A891E
Original/MW_MAIN.EXE,0x008EDB,0x8ADB,$Unable to allocate memory for draw buffer.,0x005C80,0x5880,E853018B1ED15AD1E38BB7706533C033DB8A44058A5C0605FEFF83C3FEA3DB5A891E
Original/MW_MAIN.EXE,0x008EDB,0x8ADB,$Unable to allocate memory for draw buffer.,0x005D2A,0x592A,B2021E07BD0800FF1E2C008B36D35A33DB8A5C01BE250003F3E806B9B8EF00BB2100
Original/MW_MAIN.EXE,0x008EDB,0x8ADB,$Unable to allocate memory for draw buffer.,0x006961,0x6561,5EC606705E00C606715E008B366E5E33DB8A1C80FBFF742946FF066E5ED1E38B8778
Original/MW_MAIN.EXE,0x008EDB,0x8ADB,$Unable to allocate memory for draw buffer.,0x00697B,0x657B,066E5ED1E38B87785EFFD08B366E5E33DB8A1C80FBFF740F46FF066E5ED1E38B878C
Original/MW_MAIN.EXE,0x008EDB,0x8ADB,$Unable to allocate memory for draw buffer.,0x006A9E,0x669E,87460B2D01003B06690475EBE9810033DB8A1C83066E5E0180BFBA0A007403EB6F90
Original/MW_MAIN.EXE,0x008EDB,0x8ADB,$Unable to allocate memory for draw buffer.,0x006AB4,0x66B4,5E0180BFBA0A007403EB6F90EB679033DB8A1C8A440198D1E083066E5E0283EB013B
Original/MW_MAIN.EXE,0x008EDB,0x8ADB,$Unable to allocate memory for draw buffer.,0x00705D,0x6C5D,8BFE83C703BB8F00E889008B361F9133DB8A9C370AD1E38BBF5224BB9700E873008B
Original/MW_MAIN.EXE,0x008EDB,0x8ADB,$Unable to allocate memory for draw buffer.,0x007073,0x6C73,E38BBF5224BB9700E873008B361F9133DB8A9C620AD1E38BBF5224BB9F00E85D008B
Original/MW_MAIN.EXE,0x008EDB,0x8ADB,$Unable to allocate memory for draw buffer.,0x007089,0x6C89,E38BBF5224BB9F00E85D008B361F9133DB8A9C370AD1E38BBF7624BE0000B8D200BB
Original/MW_MAIN.EXE,0x008EDB,0x8ADB,$Unable to allocate memory for draw buffer.,0x00758F,0x718F,B604BF979D1E07BD0F00FF1E2C00C333DB8A1E2A0AD1E3D1E3BE00008A8771A08884
Original/MW_MAIN.EXE,0x008EDB,0x8ADB,$Unable to allocate memory for draw buffer.,0x007890,0x7490,73052EFF061600FB5351520680E4E033DB8ADCD1EBD1EBD1EB2E8B8718002E0B871A
Original/MW_MAIN.EXE,0x008F08,0x8B08,$Unable to allocate memory for graphics data buffer.,0x000411,0x0011,8BECB804009A0E124107C646FC008B5E088B5F048A07983D54007503E9AE007E03E9
Original/MW_MAIN.EXE,0x008F08,0x8B08,$Unable to allocate memory for graphics data buffer.,0x000F64,0x0B64,92FE5839060C0075FA59E2CE58C38B44088B5C0C83C302F6E30344068BD08B440AA3
Original/MW_MAIN.EXE,0x008F08,0x8B08,$Unable to allocate memory for graphics data buffer.,0x003CCB,0x38CB,B31DF6E38BF881C74A058B1ED52AE8F0088B3ED52A8BF7D1E78B85832B2D05008B9D
Original/MW_MAIN.EXE,0x008F08,0x8B08,$Unable to allocate memory for graphics data buffer.,0x0079B3,0x75B3,002E8B161600CB558BEC565733D28B7E088B76068BC60BC7744F8B5E0C8B6E0A8BC5
Original/MW_MAIN.EXE,0x008F08,0x8B08,$Unable to allocate memory for graphics data buffer.,0x007A75,0x7675,4600FB5DCB558BEC8B460AA34A00F766088BD8B88001F76606F7F3A348005DCBB910
Original/MW_MAIN.EXE,0x008F08,0x8B08,$Unable to allocate memory for graphics data buffer.,0x00823F,0x7E3F,26803F217504B80100C333C0C3FF2602088B1E420333C98A0E5F03E30F8A470D0C9F
Original/MW_MAIN.EXE,0x008F08,0x8B08,$Unable to allocate memory for graphics data buffer.,0x0082B2,0x7EB2,0D89440AB09F0A440D88440CC3FF260A088B36420389365A0333C0A041032D030079
Original/MW_MAIN.EXE,0x008F08,0x8B08,$Unable to allocate memory for graphics data buffer.,0x00834B,0x7F4B,03A25E038B1E4203891E5A035BFF2610088BDC368B5F04FF5704CB8B1EF8030BDB74
Original/MW_MAIN.EXE,0x008F08,0x8B08,$Unable to allocate memory for graphics data buffer.,0x008360,0x7F60,5F04FF5704CB8B1EF8030BDB7403FF57088BDC368B5F04891EF8038A471632E4500E
Original/MW_MAIN.EXE,0x008F08,0x8B08,$Unable to allocate memory for graphics data buffer.,0x008799,0x8399,C6062A0802803E1308017636538B1E28088B470A39062C087410A32C08B0B6E643A1
Original/MW_MAIN.EXE,0x008F08,0x8B08,$Unable to allocate memory for graphics data buffer.,0x0087C1,0x83C1,E64283C312FE0E2B08750AA01308A22B088B1E1408891E28085BCBB430CD213C0273
Original/MW_MAIN.EXE,0x008F3E,0x8B3E,$Unable to allocate memory for phrase buffer.,0x0016EF,0x12EF,6101E88401A161018EC0BE0000C3C3B43E8B1EBF0D83FB007409CD217305E83001EB
Original/MW_MAIN.EXE,0x008F3E,0x8B3E,$Unable to allocate memory for phrase buffer.,0x003786,0x3386,0000B83800BB3C00B101B208B604E8EB3E8B36D52A33C08A846F2B8BF8BE0000B832
Original/MW_MAIN.EXE,0x008F3E,0x8B3E,$Unable to allocate memory for phrase buffer.,0x0037A4,0x33A4,0000B83200BB4800B101B208B604E8CD3E8B36D52A33C08A84792B8BF8BE0000B844
Original/MW_MAIN.EXE,0x008F3E,0x8B3E,$Unable to allocate memory for phrase buffer.,0x0037C2,0x33C2,0000B84400BB5400B101B208B604E8AF3E8B36D12AD1E68B844207A3D72A8B845A07
Original/MW_MAIN.EXE,0x008F3E,0x8B3E,$Unable to allocate memory for phrase buffer.,0x003BA7,0x37A7,0689317301C3A10C00050100A389318B3E8B318B858D3183068B31023D000074E43D
Original/MW_MAIN.EXE,0x008F3E,0x8B3E,$Unable to allocate memory for phrase buffer.,0x011735,0x11335,698A798A918AAE8ACD8AE68A028B1E8B3E8B598B768B928BA78BC68BE48B058C268C
