"source","choice","threshold","refs","groups"
"LOCPCK_TBL","0","0","0","0"
"LOCPCK_TBL","0","64","0","0"
"LOCPCK_TBL","0","128","0","0"
"LOCPCK_TBL","0","192","0","0"
"LOCPCK_TBL","1","0","0","0"
"LOCPCK_TBL","1","64","0","0"
"LOCPCK_TBL","1","128","0","0"
"LOCPCK_TBL","1","192","0","0"
"LOCPCK_TBL","2","0","0","0"
"LOCPCK_TBL","2","64","0","0"
"LOCPCK_TBL","2","128","0","0"
"LOCPCK_TBL","2","192","0","0"
"LOCPCK_TBL","3","0","0","0"
"LOCPCK_TBL","3","64","0","0"
"LOCPCK_TBL","3","128","0","0"
"LOCPCK_TBL","3","192","0","0"
"LOCPCK_TBL","4","0","0","0"
"LOCPCK_TBL","4","64","0","0"
"LOCPCK_TBL","4","128","0","0"
"LOCPCK_TBL","4","192","0","0"
"LOCPCK_TBL","5","0","0","0"
"LOCPCK_TBL","5","64","0","0"
"LOCPCK_TBL","5","128","0","0"
"LOCPCK_TBL","5","192","0","0"
"LOCPCK_TBL","6","0","0","0"
"LOCPCK_TBL","6","64","0","0"
"LOCPCK_TBL","6","128","0","0"
"LOCPCK_TBL","6","192","0","0"
"LOCPCK_TBL","7","0","0","0"
"LOCPCK_TBL","7","64","0","0"
"LOCPCK_TBL","7","128","0","0"
"LOCPCK_TBL","7","192","0","0"
"LOCPCK_TBL","8","0","0","0"
"LOCPCK_TBL","8","64","0","0"
"LOCPCK_TBL","8","128","0","0"
"LOCPCK_TBL","8","192","0","0"
"LOCPCK_TBL","9","0","0","0"
"LOCPCK_TBL","9","64","0","0"
"LOCPCK_TBL","9","128","0","0"
"LOCPCK_TBL","9","192","0","0"
"LOCPCK_TBL","10","0","0","0"
"LOCPCK_TBL","10","64","0","0"
"LOCPCK_TBL","10","128","0","0"
"LOCPCK_TBL","10","192","0","0"
"LOCPCK_TBL","11","0","0","0"
"LOCPCK_TBL","11","64","0","0"
"LOCPCK_TBL","11","128","0","0"
"LOCPCK_TBL","11","192","0","0"
"LOCPCK_TBL","12","0","0","0"
"LOCPCK_TBL","12","64","0","0"
"LOCPCK_TBL","12","128","0","0"
"LOCPCK_TBL","12","192","0","0"
"LOCPCK_TBL","13","0","0","0"
"LOCPCK_TBL","13","64","0","0"
"LOCPCK_TBL","13","128","0","0"
"LOCPCK_TBL","13","192","0","0"
"LOCPCK_TBL","14","0","0","0"
"LOCPCK_TBL","14","64","0","0"
"LOCPCK_TBL","14","128","0","0"
"LOCPCK_TBL","14","192","0","0"
"LOCPCK_TBL","15","0","0","0"
"LOCPCK_TBL","15","64","0","0"
"LOCPCK_TBL","15","128","0","0"
"LOCPCK_TBL","15","192","0","0"
"MARPCK_TBL","0","0","6","2"
"MARPCK_TBL","0","64","6","3"
"MARPCK_TBL","0","128","6","4"
"MARPCK_TBL","0","192","7","5"
"MARPCK_TBL","1","0","0","0"
"MARPCK_TBL","1","64","0","0"
"MARPCK_TBL","1","128","0","0"
"MARPCK_TBL","1","192","0","0"
"MARPCK_TBL","2","0","0","0"
"MARPCK_TBL","2","64","0","0"
"MARPCK_TBL","2","128","0","0"
"MARPCK_TBL","2","192","0","0"
"MARPCK_TBL","3","0","0","0"
"MARPCK_TBL","3","64","0","0"
"MARPCK_TBL","3","128","0","0"
"MARPCK_TBL","3","192","0","0"
"MARPCK_TBL","4","0","0","0"
"MARPCK_TBL","4","64","0","0"
"MARPCK_TBL","4","128","0","0"
"MARPCK_TBL","4","192","0","0"
"MARPCK_TBL","5","0","0","0"
"MARPCK_TBL","5","64","0","0"
"MARPCK_TBL","5","128","0","0"
"MARPCK_TBL","5","192","0","0"
"MARPCK_TBL","6","0","0","0"
"MARPCK_TBL","6","64","0","0"
"MARPCK_TBL","6","128","0","0"
"MARPCK_TBL","6","192","0","0"
"MARPCK_TBL","7","0","0","0"
"MARPCK_TBL","7","64","0","0"
"MARPCK_TBL","7","128","0","0"
"MARPCK_TBL","7","192","0","0"
"MARPCK_TBL","8","0","0","0"
"MARPCK_TBL","8","64","0","0"
"MARPCK_TBL","8","128","0","0"
"MARPCK_TBL","8","192","0","0"
"MARPCK_TBL","9","0","0","0"
"MARPCK_TBL","9","64","0","0"
"MARPCK_TBL","9","128","0","0"
"MARPCK_TBL","9","192","0","0"
"MARPCK_TBL","10","0","0","0"
"MARPCK_TBL","10","64","0","0"
"MARPCK_TBL","10","128","0","0"
"MARPCK_TBL","10","192","0","0"
"MARPCK_TBL","11","0","0","0"
"MARPCK_TBL","11","64","0","0"
"MARPCK_TBL","11","128","0","0"
"MARPCK_TBL","11","192","0","0"
"MARPCK_TBL","12","0","0","0"
"MARPCK_TBL","12","64","0","0"
"MARPCK_TBL","12","128","0","0"
"MARPCK_TBL","12","192","0","0"
"MARPCK_TBL","13","0","0","0"
"MARPCK_TBL","13","64","0","0"
"MARPCK_TBL","13","128","0","0"
"MARPCK_TBL","13","192","0","0"
"MARPCK_TBL","14","0","0","0"
"MARPCK_TBL","14","64","0","0"
"MARPCK_TBL","14","128","0","0"
"MARPCK_TBL","14","192","0","0"
"MARPCK_TBL","15","0","0","0"
"MARPCK_TBL","15","64","0","0"
"MARPCK_TBL","15","128","0","0"
"MARPCK_TBL","15","192","0","0"
