"source_file","selected_choice_index","selection_threshold","record_id","object_id","part_id","frame_table_id","frame_abs_hex","frame_type","dx","dy","shape_ref_hex","shape_ref_unsigned","shape_ref_signed","shape_ref_low_byte","shape_ref_high_byte","byte_pair_key","transform_index","extra_word","extra_byte","candidate_rank","candidate_kind","base_hex","target_hex","target_in_range","target_first_16_hex","score","evidence"
"JENPCK_TBL.decoded.bin","0","0","pck_object_0004_part_002_choice_000_frame_000","pck_object_0004","pck_object_0004_part_002","pck_object_0004_part_002_choice_000","0x0007EA","2","27","27","0x1D1C","7452","7452","28","29","1C:1D","","65310","","1","object_plus_signed","0x0005E6","0x002302","yes","91010100B80000000D00C0000A0A8108","40","exact_frame_record;byte0_high_bit_set;plausible_frame_record_prefix"
"JENPCK_TBL.decoded.bin","0","0","pck_object_0004_part_003_choice_000_frame_000","pck_object_0004","pck_object_0004_part_003","pck_object_0004_part_003_choice_000","0x000804","2","-127","0","0x0000","0","0","0","0","00:00","","8704","","1","object_plus_signed","0x0005E6","0x0005E6","yes","80004B0100000000000007001400002E","75","exact_object_offset;byte0_high_bit_set;plausible_object_header;plausible_frame_record_prefix"
"JENPCK_TBL.decoded.bin","0","0","pck_object_0004_part_004_choice_000_frame_000","pck_object_0004","pck_object_0004_part_004","pck_object_0004_part_004_choice_000","0x00083A","2","35","35","0x1C0D","7181","7181","13","28","0D:1C","","65312","","1","block_plus_signed","0x0005E0","0x0021ED","yes","000015500181010101010E5601810808","5","plausible_frame_record_prefix"
"JENPCK_TBL.decoded.bin","0","0","pck_object_0004_part_005_choice_000_frame_000","pck_object_0004","pck_object_0004_part_005","pck_object_0004_part_005_choice_000","0x000854","2","41","41","0x091D","2333","2333","29","9","1D:09","","65322","","1","block_plus_signed","0x0005E0","0x000EFD","yes","0000BA0028000701000000000008A000","35","exact_frame_record;plausible_frame_record_prefix"
"JENPCK_TBL.decoded.bin","0","0","pck_object_0004_part_006_choice_000_frame_000","pck_object_0004","pck_object_0004_part_006","pck_object_0004_part_006_choice_000","0x00086E","2","-127","7","0x0707","1799","1799","7","7","07:07","","2055","","1","frame_plus_signed","0x00086E","0x000F75","yes","00000058FA58FAA000D8FFFA00BA00D8","35","exact_frame_record;plausible_frame_record_prefix"
"JENPCK_TBL.decoded.bin","0","32","pck_object_0004_part_002_choice_000_frame_000","pck_object_0004","pck_object_0004_part_002","pck_object_0004_part_002_choice_000","0x0007EA","2","27","27","0x1D1C","7452","7452","28","29","1C:1D","","65310","","1","object_plus_signed","0x0005E6","0x002302","yes","91010100B80000000D00C0000A0A8108","40","exact_frame_record;byte0_high_bit_set;plausible_frame_record_prefix"
"JENPCK_TBL.decoded.bin","0","32","pck_object_0004_part_003_choice_000_frame_000","pck_object_0004","pck_object_0004_part_003","pck_object_0004_part_003_choice_000","0x000804","2","-127","0","0x0000","0","0","0","0","00:00","","8704","","1","object_plus_signed","0x0005E6","0x0005E6","yes","80004B0100000000000007001400002E","75","exact_object_offset;byte0_high_bit_set;plausible_object_header;plausible_frame_record_prefix"
"JENPCK_TBL.decoded.bin","0","32","pck_object_0004_part_004_choice_000_frame_000","pck_object_0004","pck_object_0004_part_004","pck_object_0004_part_004_choice_000","0x00083A","2","35","35","0x1C0D","7181","7181","13","28","0D:1C","","65312","","1","block_plus_signed","0x0005E0","0x0021ED","yes","000015500181010101010E5601810808","5","plausible_frame_record_prefix"
"JENPCK_TBL.decoded.bin","0","32","pck_object_0004_part_005_choice_000_frame_000","pck_object_0004","pck_object_0004_part_005","pck_object_0004_part_005_choice_000","0x000854","2","41","41","0x091D","2333","2333","29","9","1D:09","","65322","","1","block_plus_signed","0x0005E0","0x000EFD","yes","0000BA0028000701000000000008A000","35","exact_frame_record;plausible_frame_record_prefix"
"JENPCK_TBL.decoded.bin","0","32","pck_object_0004_part_006_choice_000_frame_000","pck_object_0004","pck_object_0004_part_006","pck_object_0004_part_006_choice_000","0x00086E","2","-127","7","0x0707","1799","1799","7","7","07:07","","2055","","1","frame_plus_signed","0x00086E","0x000F75","yes","00000058FA58FAA000D8FFFA00BA00D8","35","exact_frame_record;plausible_frame_record_prefix"
"JENPCK_TBL.decoded.bin","0","32","pck_object_0110_part_003_choice_000_frame_001","pck_object_0110","pck_object_0110_part_003","pck_object_0110_part_003_choice_000","0x00875B","3","9","0","0x03FF","1023","1023","255","3","FF:03","18","","249","1","block_plus_signed","0x008450","0x00884F","yes","6B028000A000BBFF4E007800BBFF4E00","5","plausible_frame_record_prefix"
"JENPCK_TBL.decoded.bin","0","32","pck_object_0110_part_006_choice_000_frame_001","pck_object_0110","pck_object_0110_part_006","pck_object_0110_part_006_choice_000","0x00875B","3","9","0","0x03FF","1023","1023","255","3","FF:03","18","","249","1","block_plus_signed","0x008450","0x00884F","yes","6B028000A000BBFF4E007800BBFF4E00","5","plausible_frame_record_prefix"
"JENPCK_TBL.decoded.bin","0","64","pck_object_0004_part_002_choice_000_frame_000","pck_object_0004","pck_object_0004_part_002","pck_object_0004_part_002_choice_000","0x0007EA","2","27","27","0x1D1C","7452","7452","28","29","1C:1D","","65310","","1","object_plus_signed","0x0005E6","0x002302","yes","91010100B80000000D00C0000A0A8108","40","exact_frame_record;byte0_high_bit_set;plausible_frame_record_prefix"
"JENPCK_TBL.decoded.bin","0","64","pck_object_0004_part_003_choice_000_frame_002","pck_object_0004","pck_object_0004_part_003","pck_object_0004_part_003_choice_000","0x000814","2","32","32","0x1B1C","6940","6940","28","27","1C:1B","","65313","","1","object_plus_signed","0x0005E6","0x002102","yes","0100160000181E000100AE00F4016400","45","exact_frame_record;plausible_drawable_extents_at_plus6_plus8;plausible_frame_record_prefix"
"JENPCK_TBL.decoded.bin","0","64","pck_object_0004_part_004_choice_000_frame_000","pck_object_0004","pck_object_0004_part_004","pck_object_0004_part_004_choice_000","0x00083A","2","35","35","0x1C0D","7181","7181","13","28","0D:1C","","65312","","1","block_plus_signed","0x0005E0","0x0021ED","yes","000015500181010101010E5601810808","5","plausible_frame_record_prefix"
"JENPCK_TBL.decoded.bin","0","64","pck_object_0004_part_005_choice_000_frame_000","pck_object_0004","pck_object_0004_part_005","pck_object_0004_part_005_choice_000","0x000854","2","41","41","0x091D","2333","2333","29","9","1D:09","","65322","","1","block_plus_signed","0x0005E0","0x000EFD","yes","0000BA0028000701000000000008A000","35","exact_frame_record;plausible_frame_record_prefix"
"JENPCK_TBL.decoded.bin","0","64","pck_object_0004_part_006_choice_000_frame_000","pck_object_0004","pck_object_0004_part_006","pck_object_0004_part_006_choice_000","0x00086E","2","-127","7","0x0707","1799","1799","7","7","07:07","","2055","","1","frame_plus_signed","0x00086E","0x000F75","yes","00000058FA58FAA000D8FFFA00BA00D8","35","exact_frame_record;plausible_frame_record_prefix"
"JENPCK_TBL.decoded.bin","0","64","pck_object_0110_part_003_choice_000_frame_001","pck_object_0110","pck_object_0110_part_003","pck_object_0110_part_003_choice_000","0x00875B","3","9","0","0x03FF","1023","1023","255","3","FF:03","18","","249","1","block_plus_signed","0x008450","0x00884F","yes","6B028000A000BBFF4E007800BBFF4E00","5","plausible_frame_record_prefix"
"JENPCK_TBL.decoded.bin","0","64","pck_object_0110_part_006_choice_000_frame_001","pck_object_0110","pck_object_0110_part_006","pck_object_0110_part_006_choice_000","0x00875B","3","9","0","0x03FF","1023","1023","255","3","FF:03","18","","249","1","block_plus_signed","0x008450","0x00884F","yes","6B028000A000BBFF4E007800BBFF4E00","5","plausible_frame_record_prefix"
"JENPCK_TBL.decoded.bin","0","96","pck_object_0004_part_002_choice_000_frame_000","pck_object_0004","pck_object_0004_part_002","pck_object_0004_part_002_choice_000","0x0007EA","2","27","27","0x1D1C","7452","7452","28","29","1C:1D","","65310","","1","object_plus_signed","0x0005E6","0x002302","yes","91010100B80000000D00C0000A0A8108","40","exact_frame_record;byte0_high_bit_set;plausible_frame_record_prefix"
"JENPCK_TBL.decoded.bin","0","96","pck_object_0004_part_003_choice_000_frame_002","pck_object_0004","pck_object_0004_part_003","pck_object_0004_part_003_choice_000","0x000814","2","32","32","0x1B1C","6940","6940","28","27","1C:1B","","65313","","1","object_plus_signed","0x0005E6","0x002102","yes","0100160000181E000100AE00F4016400","45","exact_frame_record;plausible_drawable_extents_at_plus6_plus8;plausible_frame_record_prefix"
"JENPCK_TBL.decoded.bin","0","96","pck_object_0004_part_004_choice_000_frame_000","pck_object_0004","pck_object_0004_part_004","pck_object_0004_part_004_choice_000","0x00083A","2","35","35","0x1C0D","7181","7181","13","28","0D:1C","","65312","","1","block_plus_signed","0x0005E0","0x0021ED","yes","000015500181010101010E5601810808","5","plausible_frame_record_prefix"
"JENPCK_TBL.decoded.bin","0","96","pck_object_0004_part_005_choice_000_frame_000","pck_object_0004","pck_object_0004_part_005","pck_object_0004_part_005_choice_000","0x000854","2","41","41","0x091D","2333","2333","29","9","1D:09","","65322","","1","block_plus_signed","0x0005E0","0x000EFD","yes","0000BA0028000701000000000008A000","35","exact_frame_record;plausible_frame_record_prefix"
"JENPCK_TBL.decoded.bin","0","96","pck_object_0004_part_006_choice_000_frame_000","pck_object_0004","pck_object_0004_part_006","pck_object_0004_part_006_choice_000","0x00086E","2","-127","7","0x0707","1799","1799","7","7","07:07","","2055","","1","frame_plus_signed","0x00086E","0x000F75","yes","00000058FA58FAA000D8FFFA00BA00D8","35","exact_frame_record;plausible_frame_record_prefix"
"JENPCK_TBL.decoded.bin","0","96","pck_object_0110_part_003_choice_000_frame_001","pck_object_0110","pck_object_0110_part_003","pck_object_0110_part_003_choice_000","0x00875B","3","9","0","0x03FF","1023","1023","255","3","FF:03","18","","249","1","block_plus_signed","0x008450","0x00884F","yes","6B028000A000BBFF4E007800BBFF4E00","5","plausible_frame_record_prefix"
"JENPCK_TBL.decoded.bin","0","96","pck_object_0110_part_006_choice_000_frame_001","pck_object_0110","pck_object_0110_part_006","pck_object_0110_part_006_choice_000","0x00875B","3","9","0","0x03FF","1023","1023","255","3","FF:03","18","","249","1","block_plus_signed","0x008450","0x00884F","yes","6B028000A000BBFF4E007800BBFF4E00","5","plausible_frame_record_prefix"
"JENPCK_TBL.decoded.bin","0","128","pck_object_0004_part_002_choice_000_frame_000","pck_object_0004","pck_object_0004_part_002","pck_object_0004_part_002_choice_000","0x0007EA","2","27","27","0x1D1C","7452","7452","28","29","1C:1D","","65310","","1","object_plus_signed","0x0005E6","0x002302","yes","91010100B80000000D00C0000A0A8108","40","exact_frame_record;byte0_high_bit_set;plausible_frame_record_prefix"
"JENPCK_TBL.decoded.bin","0","128","pck_object_0004_part_003_choice_000_frame_002","pck_object_0004","pck_object_0004_part_003","pck_object_0004_part_003_choice_000","0x000814","2","32","32","0x1B1C","6940","6940","28","27","1C:1B","","65313","","1","object_plus_signed","0x0005E6","0x002102","yes","0100160000181E000100AE00F4016400","45","exact_frame_record;plausible_drawable_extents_at_plus6_plus8;plausible_frame_record_prefix"
"JENPCK_TBL.decoded.bin","0","128","pck_object_0004_part_004_choice_000_frame_000","pck_object_0004","pck_object_0004_part_004","pck_object_0004_part_004_choice_000","0x00083A","2","35","35","0x1C0D","7181","7181","13","28","0D:1C","","65312","","1","block_plus_signed","0x0005E0","0x0021ED","yes","000015500181010101010E5601810808","5","plausible_frame_record_prefix"
"JENPCK_TBL.decoded.bin","0","128","pck_object_0004_part_005_choice_000_frame_000","pck_object_0004","pck_object_0004_part_005","pck_object_0004_part_005_choice_000","0x000854","2","41","41","0x091D","2333","2333","29","9","1D:09","","65322","","1","block_plus_signed","0x0005E0","0x000EFD","yes","0000BA0028000701000000000008A000","35","exact_frame_record;plausible_frame_record_prefix"
"JENPCK_TBL.decoded.bin","0","128","pck_object_0004_part_006_choice_000_frame_000","pck_object_0004","pck_object_0004_part_006","pck_object_0004_part_006_choice_000","0x00086E","2","-127","7","0x0707","1799","1799","7","7","07:07","","2055","","1","frame_plus_signed","0x00086E","0x000F75","yes","00000058FA58FAA000D8FFFA00BA00D8","35","exact_frame_record;plausible_frame_record_prefix"
"JENPCK_TBL.decoded.bin","0","128","pck_object_0110_part_003_choice_000_frame_001","pck_object_0110","pck_object_0110_part_003","pck_object_0110_part_003_choice_000","0x00875B","3","9","0","0x03FF","1023","1023","255","3","FF:03","18","","249","1","block_plus_signed","0x008450","0x00884F","yes","6B028000A000BBFF4E007800BBFF4E00","5","plausible_frame_record_prefix"
"JENPCK_TBL.decoded.bin","0","128","pck_object_0110_part_006_choice_000_frame_001","pck_object_0110","pck_object_0110_part_006","pck_object_0110_part_006_choice_000","0x00875B","3","9","0","0x03FF","1023","1023","255","3","FF:03","18","","249","1","block_plus_signed","0x008450","0x00884F","yes","6B028000A000BBFF4E007800BBFF4E00","5","plausible_frame_record_prefix"
"JENPCK_TBL.decoded.bin","0","160","pck_object_0004_part_002_choice_000_frame_000","pck_object_0004","pck_object_0004_part_002","pck_object_0004_part_002_choice_000","0x0007EA","2","27","27","0x1D1C","7452","7452","28","29","1C:1D","","65310","","1","object_plus_signed","0x0005E6","0x002302","yes","91010100B80000000D00C0000A0A8108","40","exact_frame_record;byte0_high_bit_set;plausible_frame_record_prefix"
"JENPCK_TBL.decoded.bin","0","160","pck_object_0004_part_003_choice_000_frame_002","pck_object_0004","pck_object_0004_part_003","pck_object_0004_part_003_choice_000","0x000814","2","32","32","0x1B1C","6940","6940","28","27","1C:1B","","65313","","1","object_plus_signed","0x0005E6","0x002102","yes","0100160000181E000100AE00F4016400","45","exact_frame_record;plausible_drawable_extents_at_plus6_plus8;plausible_frame_record_prefix"
"JENPCK_TBL.decoded.bin","0","160","pck_object_0004_part_004_choice_000_frame_000","pck_object_0004","pck_object_0004_part_004","pck_object_0004_part_004_choice_000","0x00083A","2","35","35","0x1C0D","7181","7181","13","28","0D:1C","","65312","","1","block_plus_signed","0x0005E0","0x0021ED","yes","000015500181010101010E5601810808","5","plausible_frame_record_prefix"
"JENPCK_TBL.decoded.bin","0","160","pck_object_0004_part_005_choice_000_frame_000","pck_object_0004","pck_object_0004_part_005","pck_object_0004_part_005_choice_000","0x000854","2","41","41","0x091D","2333","2333","29","9","1D:09","","65322","","1","block_plus_signed","0x0005E0","0x000EFD","yes","0000BA0028000701000000000008A000","35","exact_frame_record;plausible_frame_record_prefix"
"JENPCK_TBL.decoded.bin","0","160","pck_object_0004_part_006_choice_000_frame_000","pck_object_0004","pck_object_0004_part_006","pck_object_0004_part_006_choice_000","0x00086E","2","-127","7","0x0707","1799","1799","7","7","07:07","","2055","","1","frame_plus_signed","0x00086E","0x000F75","yes","00000058FA58FAA000D8FFFA00BA00D8","35","exact_frame_record;plausible_frame_record_prefix"
"JENPCK_TBL.decoded.bin","0","160","pck_object_0038_part_000_choice_000_frame_009","pck_object_0038","pck_object_0038_part_000","pck_object_0038_part_000_choice_000","0x0029A4","3","-12","1","0x0000","0","0","0","0","00:00","0","","0","1","object_plus_signed","0x00295C","0x00295C","yes","80004D0100000000000007001A00002E","105","exact_object_offset;exact_frame_record;byte0_high_bit_set;plausible_object_header;plausible_frame_record_prefix"
"JENPCK_TBL.decoded.bin","0","160","pck_object_0038_part_004_choice_000_frame_009","pck_object_0038","pck_object_0038_part_004","pck_object_0038_part_004_choice_000","0x0029A4","3","-12","1","0x0000","0","0","0","0","00:00","0","","0","1","object_plus_signed","0x00295C","0x00295C","yes","80004D0100000000000007001A00002E","105","exact_object_offset;exact_frame_record;byte0_high_bit_set;plausible_object_header;plausible_frame_record_prefix"
"JENPCK_TBL.decoded.bin","0","160","pck_object_0038_part_005_choice_000_frame_009","pck_object_0038","pck_object_0038_part_005","pck_object_0038_part_005_choice_000","0x0029A4","3","-12","1","0x0000","0","0","0","0","00:00","0","","0","1","object_plus_signed","0x00295C","0x00295C","yes","80004D0100000000000007001A00002E","105","exact_object_offset;exact_frame_record;byte0_high_bit_set;plausible_object_header;plausible_frame_record_prefix"
"JENPCK_TBL.decoded.bin","0","160","pck_object_0038_part_006_choice_000_frame_009","pck_object_0038","pck_object_0038_part_006","pck_object_0038_part_006_choice_000","0x0029A4","3","-12","1","0x0000","0","0","0","0","00:00","0","","0","1","object_plus_signed","0x00295C","0x00295C","yes","80004D0100000000000007001A00002E","105","exact_object_offset;exact_frame_record;byte0_high_bit_set;plausible_object_header;plausible_frame_record_prefix"
"JENPCK_TBL.decoded.bin","0","160","pck_object_0042_part_000_choice_000_frame_009","pck_object_0042","pck_object_0042_part_000","pck_object_0042_part_000_choice_000","0x003454","3","-12","1","0x0000","0","0","0","0","00:00","0","","0","1","object_plus_signed","0x00340C","0x00340C","yes","8000560100000000000007001A00002E","105","exact_object_offset;exact_frame_record;byte0_high_bit_set;plausible_object_header;plausible_frame_record_prefix"
"JENPCK_TBL.decoded.bin","0","160","pck_object_0042_part_004_choice_000_frame_009","pck_object_0042","pck_object_0042_part_004","pck_object_0042_part_004_choice_000","0x003454","3","-12","1","0x0000","0","0","0","0","00:00","0","","0","1","object_plus_signed","0x00340C","0x00340C","yes","8000560100000000000007001A00002E","105","exact_object_offset;exact_frame_record;byte0_high_bit_set;plausible_object_header;plausible_frame_record_prefix"
"JENPCK_TBL.decoded.bin","0","160","pck_object_0042_part_005_choice_000_frame_009","pck_object_0042","pck_object_0042_part_005","pck_object_0042_part_005_choice_000","0x003454","3","-12","1","0x0000","0","0","0","0","00:00","0","","0","1","object_plus_signed","0x00340C","0x00340C","yes","8000560100000000000007001A00002E","105","exact_object_offset;exact_frame_record;byte0_high_bit_set;plausible_object_header;plausible_frame_record_prefix"
"JENPCK_TBL.decoded.bin","0","160","pck_object_0042_part_006_choice_000_frame_009","pck_object_0042","pck_object_0042_part_006","pck_object_0042_part_006_choice_000","0x003454","3","-12","1","0x0000","0","0","0","0","00:00","0","","0","1","object_plus_signed","0x00340C","0x00340C","yes","8000560100000000000007001A00002E","105","exact_object_offset;exact_frame_record;byte0_high_bit_set;plausible_object_header;plausible_frame_record_prefix"
"JENPCK_TBL.decoded.bin","0","160","pck_object_0110_part_003_choice_000_frame_001","pck_object_0110","pck_object_0110_part_003","pck_object_0110_part_003_choice_000","0x00875B","3","9","0","0x03FF","1023","1023","255","3","FF:03","18","","249","1","block_plus_signed","0x008450","0x00884F","yes","6B028000A000BBFF4E007800BBFF4E00","5","plausible_frame_record_prefix"
"JENPCK_TBL.decoded.bin","0","160","pck_object_0110_part_006_choice_000_frame_001","pck_object_0110","pck_object_0110_part_006","pck_object_0110_part_006_choice_000","0x00875B","3","9","0","0x03FF","1023","1023","255","3","FF:03","18","","249","1","block_plus_signed","0x008450","0x00884F","yes","6B028000A000BBFF4E007800BBFF4E00","5","plausible_frame_record_prefix"
"JENPCK_TBL.decoded.bin","0","192","pck_object_0004_part_002_choice_000_frame_000","pck_object_0004","pck_object_0004_part_002","pck_object_0004_part_002_choice_000","0x0007EA","2","27","27","0x1D1C","7452","7452","28","29","1C:1D","","65310","","1","object_plus_signed","0x0005E6","0x002302","yes","91010100B80000000D00C0000A0A8108","40","exact_frame_record;byte0_high_bit_set;plausible_frame_record_prefix"
"JENPCK_TBL.decoded.bin","0","192","pck_object_0004_part_003_choice_000_frame_002","pck_object_0004","pck_object_0004_part_003","pck_object_0004_part_003_choice_000","0x000814","2","32","32","0x1B1C","6940","6940","28","27","1C:1B","","65313","","1","object_plus_signed","0x0005E6","0x002102","yes","0100160000181E000100AE00F4016400","45","exact_frame_record;plausible_drawable_extents_at_plus6_plus8;plausible_frame_record_prefix"
"JENPCK_TBL.decoded.bin","0","192","pck_object_0004_part_004_choice_000_frame_000","pck_object_0004","pck_object_0004_part_004","pck_object_0004_part_004_choice_000","0x00083A","2","35","35","0x1C0D","7181","7181","13","28","0D:1C","","65312","","1","block_plus_signed","0x0005E0","0x0021ED","yes","000015500181010101010E5601810808","5","plausible_frame_record_prefix"
"JENPCK_TBL.decoded.bin","0","192","pck_object_0004_part_005_choice_000_frame_000","pck_object_0004","pck_object_0004_part_005","pck_object_0004_part_005_choice_000","0x000854","2","41","41","0x091D","2333","2333","29","9","1D:09","","65322","","1","block_plus_signed","0x0005E0","0x000EFD","yes","0000BA0028000701000000000008A000","35","exact_frame_record;plausible_frame_record_prefix"
"JENPCK_TBL.decoded.bin","0","192","pck_object_0004_part_006_choice_000_frame_002","pck_object_0004","pck_object_0004_part_006","pck_object_0004_part_006_choice_000","0x00087E","2","44","44","0x2D1E","11550","11550","30","45","1E:2D","","65290","","1","frame_plus_signed","0x00087E","0x00359C","yes","07070711CA01810101010112D0010202","30","exact_frame_record"
"JENPCK_TBL.decoded.bin","0","192","pck_object_0038_part_000_choice_000_frame_009","pck_object_0038","pck_object_0038_part_000","pck_object_0038_part_000_choice_000","0x0029A4","3","-12","1","0x0000","0","0","0","0","00:00","0","","0","1","object_plus_signed","0x00295C","0x00295C","yes","80004D0100000000000007001A00002E","105","exact_object_offset;exact_frame_record;byte0_high_bit_set;plausible_object_header;plausible_frame_record_prefix"
"JENPCK_TBL.decoded.bin","0","192","pck_object_0038_part_004_choice_000_frame_009","pck_object_0038","pck_object_0038_part_004","pck_object_0038_part_004_choice_000","0x0029A4","3","-12","1","0x0000","0","0","0","0","00:00","0","","0","1","object_plus_signed","0x00295C","0x00295C","yes","80004D0100000000000007001A00002E","105","exact_object_offset;exact_frame_record;byte0_high_bit_set;plausible_object_header;plausible_frame_record_prefix"
"JENPCK_TBL.decoded.bin","0","192","pck_object_0038_part_005_choice_000_frame_009","pck_object_0038","pck_object_0038_part_005","pck_object_0038_part_005_choice_000","0x0029A4","3","-12","1","0x0000","0","0","0","0","00:00","0","","0","1","object_plus_signed","0x00295C","0x00295C","yes","80004D0100000000000007001A00002E","105","exact_object_offset;exact_frame_record;byte0_high_bit_set;plausible_object_header;plausible_frame_record_prefix"
"JENPCK_TBL.decoded.bin","0","192","pck_object_0038_part_006_choice_000_frame_009","pck_object_0038","pck_object_0038_part_006","pck_object_0038_part_006_choice_000","0x0029A4","3","-12","1","0x0000","0","0","0","0","00:00","0","","0","1","object_plus_signed","0x00295C","0x00295C","yes","80004D0100000000000007001A00002E","105","exact_object_offset;exact_frame_record;byte0_high_bit_set;plausible_object_header;plausible_frame_record_prefix"
"JENPCK_TBL.decoded.bin","0","192","pck_object_0042_part_000_choice_000_frame_009","pck_object_0042","pck_object_0042_part_000","pck_object_0042_part_000_choice_000","0x003454","3","-12","1","0x0000","0","0","0","0","00:00","0","","0","1","object_plus_signed","0x00340C","0x00340C","yes","8000560100000000000007001A00002E","105","exact_object_offset;exact_frame_record;byte0_high_bit_set;plausible_object_header;plausible_frame_record_prefix"
"JENPCK_TBL.decoded.bin","0","192","pck_object_0042_part_004_choice_000_frame_009","pck_object_0042","pck_object_0042_part_004","pck_object_0042_part_004_choice_000","0x003454","3","-12","1","0x0000","0","0","0","0","00:00","0","","0","1","object_plus_signed","0x00340C","0x00340C","yes","8000560100000000000007001A00002E","105","exact_object_offset;exact_frame_record;byte0_high_bit_set;plausible_object_header;plausible_frame_record_prefix"
"JENPCK_TBL.decoded.bin","0","192","pck_object_0042_part_005_choice_000_frame_009","pck_object_0042","pck_object_0042_part_005","pck_object_0042_part_005_choice_000","0x003454","3","-12","1","0x0000","0","0","0","0","00:00","0","","0","1","object_plus_signed","0x00340C","0x00340C","yes","8000560100000000000007001A00002E","105","exact_object_offset;exact_frame_record;byte0_high_bit_set;plausible_object_header;plausible_frame_record_prefix"
"JENPCK_TBL.decoded.bin","0","192","pck_object_0042_part_006_choice_000_frame_009","pck_object_0042","pck_object_0042_part_006","pck_object_0042_part_006_choice_000","0x003454","3","-12","1","0x0000","0","0","0","0","00:00","0","","0","1","object_plus_signed","0x00340C","0x00340C","yes","8000560100000000000007001A00002E","105","exact_object_offset;exact_frame_record;byte0_high_bit_set;plausible_object_header;plausible_frame_record_prefix"
"JENPCK_TBL.decoded.bin","0","192","pck_object_0110_part_003_choice_000_frame_001","pck_object_0110","pck_object_0110_part_003","pck_object_0110_part_003_choice_000","0x00875B","3","9","0","0x03FF","1023","1023","255","3","FF:03","18","","249","1","block_plus_signed","0x008450","0x00884F","yes","6B028000A000BBFF4E007800BBFF4E00","5","plausible_frame_record_prefix"
"JENPCK_TBL.decoded.bin","0","192","pck_object_0110_part_006_choice_000_frame_001","pck_object_0110","pck_object_0110_part_006","pck_object_0110_part_006_choice_000","0x00875B","3","9","0","0x03FF","1023","1023","255","3","FF:03","18","","249","1","block_plus_signed","0x008450","0x00884F","yes","6B028000A000BBFF4E007800BBFF4E00","5","plausible_frame_record_prefix"
"JENPCK_TBL.decoded.bin","0","224","pck_object_0004_part_002_choice_000_frame_000","pck_object_0004","pck_object_0004_part_002","pck_object_0004_part_002_choice_000","0x0007EA","2","27","27","0x1D1C","7452","7452","28","29","1C:1D","","65310","","1","object_plus_signed","0x0005E6","0x002302","yes","91010100B80000000D00C0000A0A8108","40","exact_frame_record;byte0_high_bit_set;plausible_frame_record_prefix"
"JENPCK_TBL.decoded.bin","0","224","pck_object_0004_part_003_choice_000_frame_002","pck_object_0004","pck_object_0004_part_003","pck_object_0004_part_003_choice_000","0x000814","2","32","32","0x1B1C","6940","6940","28","27","1C:1B","","65313","","1","object_plus_signed","0x0005E6","0x002102","yes","0100160000181E000100AE00F4016400","45","exact_frame_record;plausible_drawable_extents_at_plus6_plus8;plausible_frame_record_prefix"
"JENPCK_TBL.decoded.bin","0","224","pck_object_0004_part_004_choice_000_frame_000","pck_object_0004","pck_object_0004_part_004","pck_object_0004_part_004_choice_000","0x00083A","2","35","35","0x1C0D","7181","7181","13","28","0D:1C","","65312","","1","block_plus_signed","0x0005E0","0x0021ED","yes","000015500181010101010E5601810808","5","plausible_frame_record_prefix"
"JENPCK_TBL.decoded.bin","0","224","pck_object_0004_part_005_choice_000_frame_000","pck_object_0004","pck_object_0004_part_005","pck_object_0004_part_005_choice_000","0x000854","2","41","41","0x091D","2333","2333","29","9","1D:09","","65322","","1","block_plus_signed","0x0005E0","0x000EFD","yes","0000BA0028000701000000000008A000","35","exact_frame_record;plausible_frame_record_prefix"
"JENPCK_TBL.decoded.bin","0","224","pck_object_0004_part_006_choice_000_frame_002","pck_object_0004","pck_object_0004_part_006","pck_object_0004_part_006_choice_000","0x00087E","2","44","44","0x2D1E","11550","11550","30","45","1E:2D","","65290","","1","frame_plus_signed","0x00087E","0x00359C","yes","07070711CA01810101010112D0010202","30","exact_frame_record"
"JENPCK_TBL.decoded.bin","0","224","pck_object_0038_part_000_choice_000_frame_009","pck_object_0038","pck_object_0038_part_000","pck_object_0038_part_000_choice_000","0x0029A4","3","-12","1","0x0000","0","0","0","0","00:00","0","","0","1","object_plus_signed","0x00295C","0x00295C","yes","80004D0100000000000007001A00002E","105","exact_object_offset;exact_frame_record;byte0_high_bit_set;plausible_object_header;plausible_frame_record_prefix"
"JENPCK_TBL.decoded.bin","0","224","pck_object_0038_part_004_choice_000_frame_009","pck_object_0038","pck_object_0038_part_004","pck_object_0038_part_004_choice_000","0x0029A4","3","-12","1","0x0000","0","0","0","0","00:00","0","","0","1","object_plus_signed","0x00295C","0x00295C","yes","80004D0100000000000007001A00002E","105","exact_object_offset;exact_frame_record;byte0_high_bit_set;plausible_object_header;plausible_frame_record_prefix"
"JENPCK_TBL.decoded.bin","0","224","pck_object_0038_part_005_choice_000_frame_009","pck_object_0038","pck_object_0038_part_005","pck_object_0038_part_005_choice_000","0x0029A4","3","-12","1","0x0000","0","0","0","0","00:00","0","","0","1","object_plus_signed","0x00295C","0x00295C","yes","80004D0100000000000007001A00002E","105","exact_object_offset;exact_frame_record;byte0_high_bit_set;plausible_object_header;plausible_frame_record_prefix"
"JENPCK_TBL.decoded.bin","0","224","pck_object_0038_part_006_choice_000_frame_009","pck_object_0038","pck_object_0038_part_006","pck_object_0038_part_006_choice_000","0x0029A4","3","-12","1","0x0000","0","0","0","0","00:00","0","","0","1","object_plus_signed","0x00295C","0x00295C","yes","80004D0100000000000007001A00002E","105","exact_object_offset;exact_frame_record;byte0_high_bit_set;plausible_object_header;plausible_frame_record_prefix"
"JENPCK_TBL.decoded.bin","0","224","pck_object_0042_part_000_choice_000_frame_009","pck_object_0042","pck_object_0042_part_000","pck_object_0042_part_000_choice_000","0x003454","3","-12","1","0x0000","0","0","0","0","00:00","0","","0","1","object_plus_signed","0x00340C","0x00340C","yes","8000560100000000000007001A00002E","105","exact_object_offset;exact_frame_record;byte0_high_bit_set;plausible_object_header;plausible_frame_record_prefix"
"JENPCK_TBL.decoded.bin","0","224","pck_object_0042_part_004_choice_000_frame_009","pck_object_0042","pck_object_0042_part_004","pck_object_0042_part_004_choice_000","0x003454","3","-12","1","0x0000","0","0","0","0","00:00","0","","0","1","object_plus_signed","0x00340C","0x00340C","yes","8000560100000000000007001A00002E","105","exact_object_offset;exact_frame_record;byte0_high_bit_set;plausible_object_header;plausible_frame_record_prefix"
"JENPCK_TBL.decoded.bin","0","224","pck_object_0042_part_005_choice_000_frame_009","pck_object_0042","pck_object_0042_part_005","pck_object_0042_part_005_choice_000","0x003454","3","-12","1","0x0000","0","0","0","0","00:00","0","","0","1","object_plus_signed","0x00340C","0x00340C","yes","8000560100000000000007001A00002E","105","exact_object_offset;exact_frame_record;byte0_high_bit_set;plausible_object_header;plausible_frame_record_prefix"
"JENPCK_TBL.decoded.bin","0","224","pck_object_0042_part_006_choice_000_frame_009","pck_object_0042","pck_object_0042_part_006","pck_object_0042_part_006_choice_000","0x003454","3","-12","1","0x0000","0","0","0","0","00:00","0","","0","1","object_plus_signed","0x00340C","0x00340C","yes","8000560100000000000007001A00002E","105","exact_object_offset;exact_frame_record;byte0_high_bit_set;plausible_object_header;plausible_frame_record_prefix"
"JENPCK_TBL.decoded.bin","0","224","pck_object_0110_part_003_choice_000_frame_001","pck_object_0110","pck_object_0110_part_003","pck_object_0110_part_003_choice_000","0x00875B","3","9","0","0x03FF","1023","1023","255","3","FF:03","18","","249","1","block_plus_signed","0x008450","0x00884F","yes","6B028000A000BBFF4E007800BBFF4E00","5","plausible_frame_record_prefix"
"JENPCK_TBL.decoded.bin","0","224","pck_object_0110_part_006_choice_000_frame_001","pck_object_0110","pck_object_0110_part_006","pck_object_0110_part_006_choice_000","0x00875B","3","9","0","0x03FF","1023","1023","255","3","FF:03","18","","249","1","block_plus_signed","0x008450","0x00884F","yes","6B028000A000BBFF4E007800BBFF4E00","5","plausible_frame_record_prefix"
