table_order,alpha_order,planet_no,house_id,house,name,map_x,map_y,unknown_byte_3,unknown_byte_7,population,wiki_tier,wiki_image_x,wiki_image_y,tier_color_counts,tier_color_min_dist
1,15,1,0,Kurita,LUTHIEN,133,78,0,8,5203000000,1,632,177,1:800,1:9
2,20,2,0,Kurita,PESHT,141,68,0,10,4890000000,2,672,127,2:600,2:9
3,22,3,0,Kurita,QANDAHAR,162,59,3,8,2304000000,4,777,82,4:600,4:9
4,18,4,0,Kurita,NEW SAMARKAND,172,76,2,12,950000000,2,827,167,2:600,2:9
5,27,5,0,Kurita,TABAYAMA,179,79,4,10,2000000000,4,862,182,4:600,4:9
6,7,6,0,Kurita,GALEDON V,166,87,4,3,1595000000,2,797,222,2:600,2:9
7,11,7,0,Kurita,KAZNEJOV,166,94,4,12,1009000000,3,797,257,3:600;4:50,3:9;4:233
8,28,8,0,Kurita,THESTRIA,159,105,4,10,125000000,4,762,312,4:475,4:9
9,17,9,0,Kurita,MISERY,150,105,4,12,100000000,3,717,312,3:450;4:75,3:9;4:233
10,16,10,0,Kurita,MATSUIDA,154,96,4,12,1009000000,2,737,267,2:600,2:9
11,19,11,0,Kurita,OSHIKA,145,90,3,7,4207000000,2,692,237,2:600,2:9
12,9,12,0,Kurita,IRURZUN,134,102,4,7,5090000000,1,637,297,1:600,1:9
13,21,13,0,Kurita,PROSERPINA,131,112,4,4,1872000000,2,622,347,2:50,2:233
14,3,14,0,Kurita,BENJAMIN,125,96,3,3,4655000000,1,592,267,1:600,1:9
15,6,15,0,Kurita,DIERON,108,111,4,3,5284000000,1,507,342,1:600,1:9
16,12,16,0,Kurita,KESSEL,102,103,4,7,2310000000,2,477,302,2:550;3:175,2:9;3:73
17,4,17,0,Kurita,BUCKMINSTER,105,91,4,21,2641000000,2,492,242,2:600,2:9
18,10,18,0,Kurita,KARBALA,94,88,4,10,1841000000,4,437,227,4:375,4:9
19,25,19,0,Kurita,RUBIGEN,107,83,3,8,2932000000,2,502,202,2:600,2:9
20,8,20,0,Kurita,GALUZZO,98,77,4,12,2945000000,4,457,172,3:50;4:500,3:233;4:9
21,2,21,0,Kurita,ALSHAIN,113,72,3,9,2759000000,1,532,147,1:600;3:25,1:9;3:338
22,23,22,0,Kurita,RADSTADT,108,67,3,6,841000000,3,507,122,1:25;3:600,1:338;3:9
23,13,23,0,Kurita,KIRCHBACH,94,56,4,10,784000000,4,437,67,4:600,4:9
24,24,24,0,Kurita,RASALHAGUE,109,55,4,27,2284000000,1,512,62,1:600,1:9
25,1,25,0,Kurita,ALBIERO,128,58,2,3,856000000,4,607,77,4:600,4:9
26,29,26,0,Kurita,VEGA,105,101,4,27,2284000000,3,492,292,2:225;3:500,2:64;3:9
27,26,27,0,Kurita,SKOKIE,93,64,4,18,765000000,4,432,107,2:175;3:25;4:275,2:64;3:338;4:9
28,30,28,0,Kurita,XINYANG,123,81,0,10,1010000000,1,582,192,1:600,1:9
29,5,29,0,Kurita,DELACRUZ,171,98,4,12,879000000,4,822,277,2:50;3:50;4:525,2:178;3:233;4:9
30,14,30,0,Kurita,LAND'S END,176,64,1,18,123000000,4,847,107,4:575,4:9
31,55,31,1,Steiner,THARKAD,53,96,0,8,4529000000,1,232,267,1:800,1:9
32,41,32,1,Steiner,DONEGAL,61,93,1,10,3651000000,2,272,252,2:600,2:9
33,31,33,1,Steiner,ALARION,33,99,2,8,2434000000,2,132,282,2:600,2:9
34,39,34,1,Steiner,COVENTRY,41,86,2,10,1549000000,1,172,217,1:600,1:9
35,49,35,1,Steiner,POULSBO,26,127,4,11,1239000000,2,97,422,2:475,2:9
36,58,36,1,Steiner,TIMBUKTU,13,95,3,4,879000000,4,32,262,4:450,4:9
37,36,37,1,Steiner,BOUNTIFUL HARVEST,71,77,1,11,3275000000,2,322,172,2:600,2:9
38,38,38,1,Steiner,CHUCKCHI III,64,104,1,7,2500000000,2,287,307,2:600,2:9
39,52,39,1,Steiner,SKYE,90,104,3,8,3256000000,1,417,307,1:600;2:100,1:9;2:169
40,32,40,1,Steiner,ALEXANDRIA,93,98,4,7,2450000000,3,432,277,3:600,3:9
41,50,41,1,Steiner,RAHNE,77,113,4,6,1234000000,4,352,352,4:600,4:9
42,44,42,1,Steiner,HESPERUS II,78,107,4,10,235000000,1,357,322,1:600,1:9
43,48,43,1,Steiner,PORT MOSEBY,99,93,4,9,4535000000,1,462,252,1:350;4:25,1:9;4:338
44,46,44,1,Steiner,MIZAR,92,109,4,24,2186000000,2,427,332,1:100;2:600,1:169;2:9
45,51,45,1,Steiner,SEVREN,89,60,4,5,1543000000,3,412,87,2:150;3:425;4:50,2:64;3:9;4:233
46,37,46,1,Steiner,CARSE,93,80,4,8,1453000000,2,432,187,2:350;4:75,2:9;4:178
47,45,47,1,Steiner,KOBE,98,70,4,8,1009000000,2,457,137,2:350;3:100,2:9;3:178
48,42,48,1,Steiner,DUSTBALL,81,75,1,21,25000000,4,372,162,4:600,4:9
49,53,49,1,Steiner,SUK II,94,73,3,7,987000000,3,437,152,2:150;3:475;4:50,2:73;3:9;4:233
50,60,50,1,Steiner,WINFIELD,79,54,3,8,1150000000,4,362,57,4:600,4:9
51,34,51,1,Steiner,ANYWHERE,69,49,2,12,5000000,4,312,32,4:475,4:9
52,54,52,1,Steiner,TAMAR,92,61,4,9,879000000,2,427,92,2:200;3:175;4:175,2:9;3:64;4:169
53,33,53,1,Steiner,ANEMBO,38,71,1,4,450000000,4,157,142,4:600,4:9
54,57,54,1,Steiner,TIMBIQUI,34,128,4,8,1506000000,2,137,427,2:350,2:9
55,40,55,1,Steiner,DIXIE,48,121,4,10,2567000000,3,207,392,3:600,3:9
56,35,56,1,Steiner,ARCADIA,62,117,3,8,1323000000,2,277,372,2:600,2:9
57,59,57,1,Steiner,VALLOIRE,23,112,2,10,879000000,3,82,347,3:600,3:9
58,56,58,1,Steiner,THORIN,99,110,4,15,3879000000,1,462,337,1:450;2:75,1:9;2:169
59,43,59,1,Steiner,GARRISON,82,89,4,5,1879000000,1,377,232,1:600,1:9
60,47,60,1,Steiner,NIANGOL,23,84,1,18,567000000,4,82,207,4:600,4:9
61,65,61,2,Marik,ATREUS,62,146,0,16,5391000000,1,277,517,1:800,1:9
62,64,62,2,Marik,ANGELL II,79,132,2,8,1145000000,2,362,447,1:100;2:600,1:169;2:9
63,76,63,2,Marik,MARIK,84,130,3,6,4780000000,1,387,437,1:600;2:100,1:9;2:169
64,86,64,2,Marik,SILVER,37,145,3,9,1756000000,3,152,512,3:600,3:9
65,63,65,2,Marik,ANDURIEN,91,170,3,11,4950000000,2,422,637,2:600,2:9
66,61,66,2,Marik,ALULA AUSTRALIS,97,113,4,28,3119000000,2,452,352,1:350;2:400,1:64;2:9
67,71,67,2,Marik,GIBSON,55,157,1,9,4137000000,2,242,572,2:600,2:9
68,77,68,2,Marik,MOSIRO,86,164,3,5,3399000000,2,397,607,2:600,2:9
69,67,69,2,Marik,CALLOWAY VI,88,153,4,15,1250000000,1,407,552,1:575;2:125,1:9;2:128
70,81,70,2,Marik,ORIENTE,85,156,4,19,3972000000,2,392,567,1:175;2:525,1:73;2:9
71,79,71,2,Marik,NEW DELOS,92,140,4,6,2110000000,4,427,487,4:600,4:9
72,83,72,2,Marik,REGULUS,73,150,1,4,3139000000,1,332,537,1:600,1:9
73,75,73,2,Marik,LESNOVO,51,167,1,8,2631000000,4,222,622,4:500,4:9
74,62,74,2,Marik,AMITY,80,123,4,3,2324000000,1,367,402,1:600,1:9
75,85,75,2,Marik,SHILOH,85,116,4,26,1000000,3,392,367,3:450,3:9
76,82,76,2,Marik,PROCYON,100,116,4,15,5250000000,2,467,367,2:525,2:9
77,89,77,2,Marik,TAMARIND,49,135,4,5,3562000000,2,212,462,2:600,2:9
78,70,78,2,Marik,CLAYBROOKE,89,179,4,19,3592000000,2,412,682,2:525,2:9
79,74,79,2,Marik,IRIAN,91,126,4,8,2169000000,1,422,417,1:600,1:9
80,80,80,2,Marik,OLIVER,94,115,4,3,2329000000,1,437,362,1:450;2:100,1:9;2:73
81,88,81,2,Marik,SUZANO,101,137,4,12,1546000000,1,472,472,1:425,1:9
82,72,82,2,Marik,GOODNA,96,161,4,8,3491000000,4,447,592,1:50;4:350,1:233;4:9
83,84,83,2,Marik,SADURNI,97,174,3,17,456000000,4,452,657,3:50;4:475,3:233;4:9
84,69,84,2,Marik,CIREBON,75,164,1,5,4631000000,1,342,607,1:600,1:9
85,78,85,2,Marik,NESTOR,73,121,4,12,3286000000,3,332,392,3:550,3:9
86,73,86,2,Marik,GRIFFITH,38,135,3,18,2461000000,2,157,462,2:600,2:9
87,66,87,2,Marik,AUTUMN WIND,68,133,2,3,3297000000,2,307,452,2:600,2:9
88,68,88,2,Marik,CHALOUBA,48,145,3,8,2416000000,2,207,512,2:600,2:9
89,87,89,2,Marik,SOPHIE'S WORLD,78,139,2,13,4512000000,2,357,482,2:600,2:9
90,90,90,2,Marik,ZORTMAN,58,130,3,3,879000000,1,257,437,1:600,1:9
91,108,91,3,Liao,SIAN,105,156,0,8,4796000000,1,492,567,1:800,1:9
92,93,92,3,Liao,BETELGEUSE,101,165,4,2,3792000000,1,472,612,1:600,1:9
93,96,93,3,Liao,BUENOS AIRES,103,172,4,6,2186000000,2,482,647,2:600,2:9
94,99,94,3,Liao,GRAND BASE,107,164,3,7,3467000000,1,502,607,1:600,1:9
95,102,95,3,Liao,MENKE,115,170,3,3,4514000000,1,542,637,1:600,1:9
96,113,96,3,Liao,TURIN,102,178,4,8,3267000000,3,477,677,3:600,3:9
97,111,97,3,Liao,TIKONOV,119,124,4,6,5279000000,1,562,407,1:525,1:9
98,91,98,3,Liao,ALDEBARAN,104,127,3,4,4261000000,2,487,422,1:275;2:625,1:64;2:9
99,94,99,3,Liao,BHARAT,112,122,4,12,1817000000,3,527,397,1:200;3:400,1:64;3:9
100,100,100,3,Liao,KEID,103,119,4,7,4573000000,2,482,382,2:450,2:9
101,104,101,3,Liao,NANKING,106,125,3,8,5918000000,1,497,412,1:500;2:250,1:9;2:18
102,106,102,3,Liao,NEW HESSEN,114,126,4,21,2139000000,1,537,417,1:625;2:75;3:100,1:9;2:178;3:169
103,110,103,3,Liao,TALL TREES,100,128,3,3,964000000,2,467,427,2:675,2:9
104,97,104,3,Liao,CAPELLA,111,149,1,7,5375000000,1,522,532,1:650,1:9
105,92,105,3,Liao,ARES,117,147,4,3,4227000000,1,552,522,1:450;4:150,1:9;4:64
106,95,106,3,Liao,BITHINIA,95,149,4,10,3298000000,2,442,532,2:600,2:9
107,98,107,3,Liao,EXEDOR,98,154,3,12,1000000,2,457,557,1:150;2:675,1:169;2:9
108,105,108,3,Liao,NECROMO,118,150,3,3,1000000,4,557,537,1:250;2:100;4:275,1:64;2:169;4:9
109,107,109,3,Liao,RABALLA,105,146,3,10,3871000000,3,492,517,3:600,3:9
110,109,110,3,Liao,STYK,107,135,4,4,4725000000,1,502,462,1:525,1:9
111,112,111,3,Liao,TSINGHAI,99,144,3,4,4185000000,2,462,507,2:625,2:9
112,114,112,3,Liao,WARLOCK,122,159,3,9,4128000000,2,577,582,2:450;3:100,2:9;3:169
113,101,113,3,Liao,MATSU,116,138,3,15,2153000000,3,547,477,3:600,3:9
114,115,114,3,Liao,ZANZIBAR,123,177,4,5,1549000000,1,582,672,1:600,1:9
115,103,115,3,Liao,MILOS,116,155,3,7,3481000000,2,547,562,2:600,2:9
116,138,116,4,Davion,NEW AVALON,152,135,0,7,5876000000,1,727,462,1:800,1:9
117,139,117,4,Davion,NEW SYRTIS,143,163,4,4,3682000000,1,682,602,1:600,1:9
118,143,118,4,Davion,ROBINSON,146,123,3,7,3428000000,1,697,402,1:600,1:9
119,132,119,4,Davion,KESAI IV,171,103,4,22,1426000000,2,822,302,2:475;4:50,2:9;4:178
120,123,120,4,Davion,GALAX,158,139,3,11,3527000000,1,757,482,1:725,1:9
121,134,121,4,Davion,MALLORY'S WORLD,123,116,4,8,2163000000,3,582,367,3:475,3:9
122,131,122,4,Davion,KATHIL,131,141,3,10,1567000000,1,622,492,1:600,1:9
123,142,123,4,Davion,REDFIELD,129,151,4,3,1004000000,1,612,542,1:600,1:9
124,141,124,4,Davion,OKEFENOKEE,215,125,1,7,478000000,4,1042,412,4:525,4:9
125,124,125,4,Davion,GAMBLER,176,126,1,6,2145000000,3,847,417,3:600,3:9
126,135,126,4,Davion,MARDUK,140,111,4,6,3691000000,1,667,342,1:500,1:9
127,116,127,4,Davion,ANDER'S MOON,154,108,0,12,50000000,4,737,327,3:75;4:350,3:233;4:9
128,129,128,4,Davion,HYALITE,150,174,1,23,1598000000,4,717,657,4:450,4:9
129,144,129,4,Davion,TANCREDI IV,182,103,4,7,3251000000,1,877,302,1:600,1:9
130,127,130,4,Davion,HOBBS,152,154,1,21,1325000000,2,727,557,2:600,2:9
131,133,131,4,Davion,KITTERY,122,155,4,7,2381000000,3,577,562,2:100;3:300,2:169;3:9
132,125,132,4,Davion,GREAT GORGE,193,159,1,21,1988000000,4,932,582,4:475,4:9
133,119,133,4,Davion,CAPH,108,116,4,7,2349000000,2,507,367,1:125;2:350,1:169;2:9
134,128,134,4,Davion,HOFF,153,114,3,8,1263000000,2,732,357,2:600,2:9
135,117,135,4,Davion,BAXLEY,184,140,0,4,1752000000,4,887,487,4:600,4:9
136,126,136,4,Davion,GREELY,189,112,3,4,1492000000,2,912,347,2:600,2:9
137,120,137,4,Davion,COGDELL,200,137,1,7,1536000000,3,967,472,3:600,3:9
138,122,138,4,Davion,FRAZER,126,171,4,12,899000000,4,597,642,4:450,4:9
139,136,139,4,Davion,MORAVIAN,122,139,4,3,2157000000,2,577,482,2:525,2:9
140,137,140,4,Davion,NEW ARAGON,115,130,4,4,2349000000,2,542,437,1:175;2:175,1:128;2:9
141,140,141,4,Davion,NOATAK,168,153,1,12,1389000000,4,807,552,4:600,4:9
142,118,142,4,Davion,BEECHER,138,130,3,5,3689000000,1,657,437,1:600,1:9
143,145,143,4,Davion,XHOSA VII,135,117,4,12,2975000000,2,642,372,2:600,2:9
144,130,144,4,Davion,IMMENSTADT,117,163,4,12,21000000,3,552,602,2:50;3:325,2:233;3:9
145,121,145,4,Davion,DELACAMBRE,205,114,2,14,3215000000,4,992,357,4:600,4:9
