screenshot,template,x_320,y_320,x_1600,y_1200,width,height,match_scale,score_mean_abs_centered_rgb
screenshots/image0001.png,research/extract/rendered_pics_bin/MW_CPICS/entry_022_68x68.ppm,168,92,840,552,68,68,4,59.8182
screenshots/image0001.png,research/extract/rendered_pics_bin/MW_CPICS/entry_017_68x69.ppm,204,128,1020,768,68,69,4,62.5463
screenshots/image0001.png,research/extract/rendered_pics_bin/MW_CPICS/entry_010_68x68.ppm,188,116,940,696,68,68,4,67.6043
screenshots/image0001.png,research/extract/rendered_pics_bin/MW_CPICS/entry_003_68x68.ppm,200,128,1000,768,68,68,4,68.8344
screenshots/image0001.png,research/extract/rendered_pics_bin/MW_CPICS/entry_015_68x68.ppm,124,92,620,552,68,68,4,69.3907
screenshots/image0002.png,research/extract/rendered_pics_bin/MW_CPICS/entry_022_68x68.ppm,156,64,780,384,68,68,4,43.5620
screenshots/image0002.png,research/extract/rendered_pics_bin/MW_CPICS/entry_010_68x68.ppm,220,64,1100,384,68,68,4,59.4769
screenshots/image0002.png,research/extract/rendered_pics_bin/MW_CPICS/entry_016_68x68.ppm,112,64,560,384,68,68,4,64.0668
screenshots/image0002.png,research/extract/rendered_pics_bin/MW_CPICS/entry_018_68x68.ppm,76,64,380,384,68,68,4,64.3578
screenshots/image0002.png,research/extract/rendered_pics_bin/MW_CPICS/entry_001_68x68.ppm,248,40,1240,240,68,68,4,65.1822
screenshots/image0003.png,research/extract/rendered_pics_bin/MW_CPICS/entry_022_68x68.ppm,120,64,600,384,68,68,4,46.9001
screenshots/image0003.png,research/extract/rendered_pics_bin/MW_CPICS/entry_010_68x68.ppm,84,80,420,480,68,68,4,59.7164
screenshots/image0003.png,research/extract/rendered_pics_bin/MW_CPICS/entry_016_68x68.ppm,88,116,440,696,68,68,4,60.5102
screenshots/image0003.png,research/extract/rendered_pics_bin/MW_CPICS/entry_003_68x68.ppm,124,60,620,360,68,68,4,63.9311
screenshots/image0003.png,research/extract/rendered_pics_bin/MW_CPICS/entry_018_68x68.ppm,132,64,660,384,68,68,4,64.4257
screenshots/image0004.png,research/extract/rendered_pics_bin/MW_CPICS/entry_022_68x68.ppm,152,120,760,720,68,68,4,45.7663
screenshots/image0004.png,research/extract/rendered_pics_bin/MW_CPICS/entry_017_68x69.ppm,20,0,100,0,68,69,4,48.0202
screenshots/image0004.png,research/extract/rendered_pics_bin/MW_CPICS/entry_010_68x68.ppm,92,120,460,720,68,68,4,60.6283
screenshots/image0004.png,research/extract/rendered_pics_bin/MW_CPICS/entry_018_68x68.ppm,4,0,20,0,68,68,4,63.5437
screenshots/image0004.png,research/extract/rendered_pics_bin/MW_CPICS/entry_016_68x68.ppm,156,128,780,768,68,68,4,65.1903
screenshots/image0005.png,research/extract/rendered_pics_bin/MW_CPICS/entry_022_68x68.ppm,152,120,760,720,68,68,4,45.7663
screenshots/image0005.png,research/extract/rendered_pics_bin/MW_CPICS/entry_017_68x69.ppm,20,0,100,0,68,69,4,48.0202
screenshots/image0005.png,research/extract/rendered_pics_bin/MW_CPICS/entry_010_68x68.ppm,92,120,460,720,68,68,4,60.6283
screenshots/image0005.png,research/extract/rendered_pics_bin/MW_CPICS/entry_018_68x68.ppm,4,0,20,0,68,68,4,63.5437
screenshots/image0005.png,research/extract/rendered_pics_bin/MW_CPICS/entry_016_68x68.ppm,156,128,780,768,68,68,4,65.1903
screenshots/image0006.png,research/extract/rendered_pics_bin/MW_CPICS/entry_022_68x68.ppm,84,32,420,192,68,68,4,56.1463
screenshots/image0006.png,research/extract/rendered_pics_bin/MW_CPICS/entry_017_68x69.ppm,20,0,100,0,68,69,4,56.6422
screenshots/image0006.png,research/extract/rendered_pics_bin/MW_CPICS/entry_003_68x68.ppm,128,4,640,24,68,68,4,64.3212
screenshots/image0006.png,research/extract/rendered_pics_bin/MW_CPICS/entry_010_68x68.ppm,88,16,440,96,68,68,4,64.3714
screenshots/image0006.png,research/extract/rendered_pics_bin/MW_CPICS/entry_005_68x68.ppm,128,4,640,24,68,68,4,65.0621
screenshots/image0007.png,research/extract/rendered_pics_bin/MW_CPICS/entry_022_68x68.ppm,36,128,180,768,68,68,4,42.9473
screenshots/image0007.png,research/extract/rendered_pics_bin/MW_CPICS/entry_016_68x68.ppm,120,64,600,384,68,68,4,52.2301
screenshots/image0007.png,research/extract/rendered_pics_bin/MW_CPICS/entry_010_68x68.ppm,88,20,440,120,68,68,4,58.3561
screenshots/image0007.png,research/extract/rendered_pics_bin/MW_CPICS/entry_003_68x68.ppm,80,88,400,528,68,68,4,61.9350
screenshots/image0007.png,research/extract/rendered_pics_bin/MW_CPICS/entry_018_68x68.ppm,40,124,200,744,68,68,4,62.8815
screenshots/image0008.png,research/extract/rendered_pics_bin/MW_CPICS/entry_022_68x68.ppm,88,52,440,312,68,68,4,43.5871
screenshots/image0008.png,research/extract/rendered_pics_bin/MW_CPICS/entry_010_68x68.ppm,80,20,400,120,68,68,4,57.8710
screenshots/image0008.png,research/extract/rendered_pics_bin/MW_CPICS/entry_016_68x68.ppm,108,132,540,792,68,68,4,59.1621
screenshots/image0008.png,research/extract/rendered_pics_bin/MW_CPICS/entry_018_68x68.ppm,20,128,100,768,68,68,4,62.7872
screenshots/image0008.png,research/extract/rendered_pics_bin/MW_CPICS/entry_001_68x68.ppm,16,116,80,696,68,68,4,63.8503
screenshots/image0009.png,research/extract/rendered_pics_bin/MW_CPICS/entry_022_68x68.ppm,44,0,220,0,68,68,4,0.0000
screenshots/image0009.png,research/extract/rendered_pics_bin/MW_CPICS/entry_010_68x68.ppm,104,132,520,792,68,68,4,57.7339
screenshots/image0009.png,research/extract/rendered_pics_bin/MW_CPICS/entry_016_68x68.ppm,52,12,260,72,68,68,4,61.2782
screenshots/image0009.png,research/extract/rendered_pics_bin/MW_CPICS/entry_003_68x68.ppm,88,20,440,120,68,68,4,62.3082
screenshots/image0009.png,research/extract/rendered_pics_bin/MW_CPICS/entry_018_68x68.ppm,52,8,260,48,68,68,4,63.4202
screenshots/image0010.png,research/extract/rendered_pics_bin/MW_CPICS/entry_022_68x68.ppm,132,108,660,648,68,68,4,46.1219
screenshots/image0010.png,research/extract/rendered_pics_bin/MW_CPICS/entry_017_68x69.ppm,244,128,1220,768,68,69,4,55.0343
screenshots/image0010.png,research/extract/rendered_pics_bin/MW_CPICS/entry_010_68x68.ppm,20,24,100,144,68,68,4,58.4877
screenshots/image0010.png,research/extract/rendered_pics_bin/MW_CPICS/entry_003_68x68.ppm,228,108,1140,648,68,68,4,61.7362
screenshots/image0010.png,research/extract/rendered_pics_bin/MW_CPICS/entry_005_68x68.ppm,228,112,1140,672,68,68,4,62.6257
screenshots/image0011.png,research/extract/rendered_pics_bin/MW_CPICS/entry_022_68x68.ppm,224,132,1120,792,68,68,4,49.0454
screenshots/image0011.png,research/extract/rendered_pics_bin/MW_CPICS/entry_017_68x69.ppm,36,68,180,408,68,69,4,57.6572
screenshots/image0011.png,research/extract/rendered_pics_bin/MW_CPICS/entry_016_68x68.ppm,0,16,0,96,68,68,4,62.0232
screenshots/image0011.png,research/extract/rendered_pics_bin/MW_CPICS/entry_010_68x68.ppm,252,4,1260,24,68,68,4,62.5015
screenshots/image0011.png,research/extract/rendered_pics_bin/MW_CPICS/entry_018_68x68.ppm,20,68,100,408,68,68,4,64.8165
screenshots/image0012.png,research/extract/rendered_pics_bin/MW_CPICS/entry_022_68x68.ppm,120,20,600,120,68,68,4,45.9855
screenshots/image0012.png,research/extract/rendered_pics_bin/MW_CPICS/entry_017_68x69.ppm,144,52,720,312,68,69,4,54.5559
screenshots/image0012.png,research/extract/rendered_pics_bin/MW_CPICS/entry_010_68x68.ppm,8,44,40,264,68,68,4,54.8796
screenshots/image0012.png,research/extract/rendered_pics_bin/MW_CPICS/entry_001_68x68.ppm,212,60,1060,360,68,68,4,55.1876
screenshots/image0012.png,research/extract/rendered_pics_bin/MW_CPICS/entry_003_68x68.ppm,132,12,660,72,68,68,4,62.6610
screenshots/image0013.png,research/extract/rendered_pics_bin/MW_CPICS/entry_022_68x68.ppm,96,44,480,264,68,68,4,50.2497
screenshots/image0013.png,research/extract/rendered_pics_bin/MW_CPICS/entry_016_68x68.ppm,156,100,780,600,68,68,4,59.4593
screenshots/image0013.png,research/extract/rendered_pics_bin/MW_CPICS/entry_014_68x68.ppm,80,40,400,240,68,68,4,64.5213
screenshots/image0013.png,research/extract/rendered_pics_bin/MW_CPICS/entry_010_68x68.ppm,24,60,120,360,68,68,4,64.9583
screenshots/image0013.png,research/extract/rendered_pics_bin/MW_CPICS/entry_003_68x68.ppm,24,60,120,360,68,68,4,66.8872
screenshots/image0014.png,research/extract/rendered_pics_bin/MW_CPICS/entry_022_68x68.ppm,208,20,1040,120,68,68,4,44.4867
screenshots/image0014.png,research/extract/rendered_pics_bin/MW_CPICS/entry_010_68x68.ppm,192,4,960,24,68,68,4,55.0017
screenshots/image0014.png,research/extract/rendered_pics_bin/MW_CPICS/entry_017_68x69.ppm,212,120,1060,720,68,69,4,60.3962
screenshots/image0014.png,research/extract/rendered_pics_bin/MW_CPICS/entry_016_68x68.ppm,180,40,900,240,68,68,4,60.7626
screenshots/image0014.png,research/extract/rendered_pics_bin/MW_CPICS/entry_018_68x68.ppm,164,116,820,696,68,68,4,60.8990
screenshots/image0015.png,research/extract/rendered_pics_bin/MW_CPICS/entry_022_68x68.ppm,180,56,900,336,68,68,4,49.7815
screenshots/image0015.png,research/extract/rendered_pics_bin/MW_CPICS/entry_016_68x68.ppm,84,64,420,384,68,68,4,62.7872
screenshots/image0015.png,research/extract/rendered_pics_bin/MW_CPICS/entry_010_68x68.ppm,160,64,800,384,68,68,4,64.2540
screenshots/image0015.png,research/extract/rendered_pics_bin/MW_CPICS/entry_017_68x69.ppm,88,84,440,504,68,69,4,66.8811
screenshots/image0015.png,research/extract/rendered_pics_bin/MW_CPICS/entry_018_68x68.ppm,72,76,360,456,68,68,4,66.9788
screenshots/image0016.png,research/extract/rendered_pics_bin/MW_CPICS/entry_022_68x68.ppm,24,24,120,144,68,68,4,46.5825
screenshots/image0016.png,research/extract/rendered_pics_bin/MW_CPICS/entry_017_68x69.ppm,140,36,700,216,68,69,4,53.8408
screenshots/image0016.png,research/extract/rendered_pics_bin/MW_CPICS/entry_010_68x68.ppm,20,24,100,144,68,68,4,56.3573
screenshots/image0016.png,research/extract/rendered_pics_bin/MW_CPICS/entry_018_68x68.ppm,228,28,1140,168,68,68,4,61.7437
screenshots/image0016.png,research/extract/rendered_pics_bin/MW_CPICS/entry_003_68x68.ppm,120,36,600,216,68,68,4,62.7112
screenshots/image0017.png,research/extract/rendered_pics_bin/MW_CPICS/entry_022_68x68.ppm,160,84,800,504,68,68,4,44.0763
screenshots/image0017.png,research/extract/rendered_pics_bin/MW_CPICS/entry_016_68x68.ppm,176,64,880,384,68,68,4,53.0803
screenshots/image0017.png,research/extract/rendered_pics_bin/MW_CPICS/entry_010_68x68.ppm,88,84,440,504,68,68,4,56.0248
screenshots/image0017.png,research/extract/rendered_pics_bin/MW_CPICS/entry_017_68x69.ppm,40,100,200,600,68,69,4,58.6478
screenshots/image0017.png,research/extract/rendered_pics_bin/MW_CPICS/entry_018_68x68.ppm,152,56,760,336,68,68,4,61.3651
