source_file,id,row,slot,selector,offset_word,block_offset_hex,status
C:/Users/MadCat/Documents/GitHub/MechwarriorRecomp/research/extract/decoded_pck/HAMPCK_TBL.decoded.bin,row_000_slot_0,0,0,4,21,0x000150,valid
C:/Users/MadCat/Documents/GitHub/MechwarriorRecomp/research/extract/decoded_pck/HAMPCK_TBL.decoded.bin,row_000_slot_1,0,1,14,33,0x000210,valid
C:/Users/MadCat/Documents/GitHub/MechwarriorRecomp/research/extract/decoded_pck/HAMPCK_TBL.decoded.bin,row_000_slot_2,0,2,8,46,0x0002E0,valid
C:/Users/MadCat/Documents/GitHub/MechwarriorRecomp/research/extract/decoded_pck/HAMPCK_TBL.decoded.bin,row_000_slot_3,0,3,3,76,0x0004C0,valid
C:/Users/MadCat/Documents/GitHub/MechwarriorRecomp/research/extract/decoded_pck/HAMPCK_TBL.decoded.bin,row_001_slot_0,1,0,14,105,0x000690,valid
C:/Users/MadCat/Documents/GitHub/MechwarriorRecomp/research/extract/decoded_pck/HAMPCK_TBL.decoded.bin,row_001_slot_1,1,1,13,176,0x000B00,valid
C:/Users/MadCat/Documents/GitHub/MechwarriorRecomp/research/extract/decoded_pck/HAMPCK_TBL.decoded.bin,row_001_slot_2,1,2,4,188,0x000BC0,valid
C:/Users/MadCat/Documents/GitHub/MechwarriorRecomp/research/extract/decoded_pck/HAMPCK_TBL.decoded.bin,row_001_slot_3,1,3,14,200,0x000C80,valid
C:/Users/MadCat/Documents/GitHub/MechwarriorRecomp/research/extract/decoded_pck/HAMPCK_TBL.decoded.bin,row_002_slot_0,2,0,8,213,0x000D50,valid
C:/Users/MadCat/Documents/GitHub/MechwarriorRecomp/research/extract/decoded_pck/HAMPCK_TBL.decoded.bin,row_002_slot_1,2,1,2,226,0x000E20,valid
C:/Users/MadCat/Documents/GitHub/MechwarriorRecomp/research/extract/decoded_pck/HAMPCK_TBL.decoded.bin,row_002_slot_2,2,2,12,238,0x000EE0,valid
C:/Users/MadCat/Documents/GitHub/MechwarriorRecomp/research/extract/decoded_pck/HAMPCK_TBL.decoded.bin,row_002_slot_3,2,3,6,251,0x000FB0,valid
C:/Users/MadCat/Documents/GitHub/MechwarriorRecomp/research/extract/decoded_pck/HAMPCK_TBL.decoded.bin,row_003_slot_0,3,0,0,264,0x001080,valid
C:/Users/MadCat/Documents/GitHub/MechwarriorRecomp/research/extract/decoded_pck/HAMPCK_TBL.decoded.bin,row_003_slot_1,3,1,10,276,0x001140,valid
C:/Users/MadCat/Documents/GitHub/MechwarriorRecomp/research/extract/decoded_pck/HAMPCK_TBL.decoded.bin,row_003_slot_2,3,2,4,289,0x001210,valid
C:/Users/MadCat/Documents/GitHub/MechwarriorRecomp/research/extract/decoded_pck/HAMPCK_TBL.decoded.bin,row_003_slot_3,3,3,14,301,0x0012D0,valid
C:/Users/MadCat/Documents/GitHub/MechwarriorRecomp/research/extract/decoded_pck/HAMPCK_TBL.decoded.bin,row_004_slot_0,4,0,8,314,0x0013A0,valid
C:/Users/MadCat/Documents/GitHub/MechwarriorRecomp/research/extract/decoded_pck/HAMPCK_TBL.decoded.bin,row_004_slot_1,4,1,2,327,0x001470,valid
C:/Users/MadCat/Documents/GitHub/MechwarriorRecomp/research/extract/decoded_pck/HAMPCK_TBL.decoded.bin,row_004_slot_2,4,2,12,339,0x001530,valid
C:/Users/MadCat/Documents/GitHub/MechwarriorRecomp/research/extract/decoded_pck/HAMPCK_TBL.decoded.bin,row_004_slot_3,4,3,6,352,0x001600,valid
C:/Users/MadCat/Documents/GitHub/MechwarriorRecomp/research/extract/decoded_pck/HAMPCK_TBL.decoded.bin,row_005_slot_0,5,0,0,365,0x0016D0,valid
C:/Users/MadCat/Documents/GitHub/MechwarriorRecomp/research/extract/decoded_pck/HAMPCK_TBL.decoded.bin,row_005_slot_1,5,1,10,377,0x001790,valid
C:/Users/MadCat/Documents/GitHub/MechwarriorRecomp/research/extract/decoded_pck/HAMPCK_TBL.decoded.bin,row_005_slot_2,5,2,4,390,0x001860,valid
C:/Users/MadCat/Documents/GitHub/MechwarriorRecomp/research/extract/decoded_pck/HAMPCK_TBL.decoded.bin,row_005_slot_3,5,3,11,423,0x001A70,valid
C:/Users/MadCat/Documents/GitHub/MechwarriorRecomp/research/extract/decoded_pck/HAMPCK_TBL.decoded.bin,row_006_slot_0,6,0,14,454,0x001C60,valid
C:/Users/MadCat/Documents/GitHub/MechwarriorRecomp/research/extract/decoded_pck/HAMPCK_TBL.decoded.bin,row_006_slot_1,6,1,9,487,0x001E70,valid
C:/Users/MadCat/Documents/GitHub/MechwarriorRecomp/research/extract/decoded_pck/HAMPCK_TBL.decoded.bin,row_006_slot_2,6,2,0,521,0x002090,valid
C:/Users/MadCat/Documents/GitHub/MechwarriorRecomp/research/extract/decoded_pck/HAMPCK_TBL.decoded.bin,row_006_slot_3,6,3,11,550,0x002260,valid
C:/Users/MadCat/Documents/GitHub/MechwarriorRecomp/research/extract/decoded_pck/HAMPCK_TBL.decoded.bin,row_007_slot_0,7,0,6,580,0x002440,valid
C:/Users/MadCat/Documents/GitHub/MechwarriorRecomp/research/extract/decoded_pck/HAMPCK_TBL.decoded.bin,row_007_slot_1,7,1,13,610,0x002620,valid
C:/Users/MadCat/Documents/GitHub/MechwarriorRecomp/research/extract/decoded_pck/HAMPCK_TBL.decoded.bin,row_007_slot_2,7,2,0,642,0x002820,valid
C:/Users/MadCat/Documents/GitHub/MechwarriorRecomp/research/extract/decoded_pck/HAMPCK_TBL.decoded.bin,row_007_slot_3,7,3,11,671,0x0029F0,valid
C:/Users/MadCat/Documents/GitHub/MechwarriorRecomp/research/extract/decoded_pck/HAMPCK_TBL.decoded.bin,row_008_slot_0,8,0,6,701,0x002BD0,valid
C:/Users/MadCat/Documents/GitHub/MechwarriorRecomp/research/extract/decoded_pck/HAMPCK_TBL.decoded.bin,row_008_slot_1,8,1,9,732,0x002DC0,valid
C:/Users/MadCat/Documents/GitHub/MechwarriorRecomp/research/extract/decoded_pck/HAMPCK_TBL.decoded.bin,row_008_slot_2,8,2,0,766,0x002FE0,valid
C:/Users/MadCat/Documents/GitHub/MechwarriorRecomp/research/extract/decoded_pck/HAMPCK_TBL.decoded.bin,row_008_slot_3,8,3,7,799,0x0031F0,valid
C:/Users/MadCat/Documents/GitHub/MechwarriorRecomp/research/extract/decoded_pck/HAMPCK_TBL.decoded.bin,row_009_slot_0,9,0,10,830,0x0033E0,valid
C:/Users/MadCat/Documents/GitHub/MechwarriorRecomp/research/extract/decoded_pck/HAMPCK_TBL.decoded.bin,row_009_slot_1,9,1,13,861,0x0035D0,valid
C:/Users/MadCat/Documents/GitHub/MechwarriorRecomp/research/extract/decoded_pck/HAMPCK_TBL.decoded.bin,row_009_slot_2,9,2,0,893,0x0037D0,valid
C:/Users/MadCat/Documents/GitHub/MechwarriorRecomp/research/extract/decoded_pck/HAMPCK_TBL.decoded.bin,row_009_slot_3,9,3,1,968,0x003C80,valid
C:/Users/MadCat/Documents/GitHub/MechwarriorRecomp/research/extract/decoded_pck/HAMPCK_TBL.decoded.bin,row_010_slot_0,10,0,8,1043,0x004130,valid
C:/Users/MadCat/Documents/GitHub/MechwarriorRecomp/research/extract/decoded_pck/HAMPCK_TBL.decoded.bin,row_010_slot_1,10,1,9,1118,0x0045E0,valid
C:/Users/MadCat/Documents/GitHub/MechwarriorRecomp/research/extract/decoded_pck/HAMPCK_TBL.decoded.bin,row_010_slot_2,10,2,14,1192,0x004A80,valid
C:/Users/MadCat/Documents/GitHub/MechwarriorRecomp/research/extract/decoded_pck/HAMPCK_TBL.decoded.bin,row_010_slot_3,10,3,1,1269,0x004F50,valid
C:/Users/MadCat/Documents/GitHub/MechwarriorRecomp/research/extract/decoded_pck/HAMPCK_TBL.decoded.bin,row_011_slot_0,11,0,8,1344,0x005400,valid
C:/Users/MadCat/Documents/GitHub/MechwarriorRecomp/research/extract/decoded_pck/HAMPCK_TBL.decoded.bin,row_011_slot_1,11,1,15,1419,0x0058B0,valid
C:/Users/MadCat/Documents/GitHub/MechwarriorRecomp/research/extract/decoded_pck/HAMPCK_TBL.decoded.bin,row_011_slot_2,11,2,14,1490,0x005D20,valid
C:/Users/MadCat/Documents/GitHub/MechwarriorRecomp/research/extract/decoded_pck/HAMPCK_TBL.decoded.bin,row_011_slot_3,11,3,5,1502,0x005DE0,valid
C:/Users/MadCat/Documents/GitHub/MechwarriorRecomp/research/extract/decoded_pck/HAMPCK_TBL.decoded.bin,row_012_slot_0,12,0,12,1513,0x005E90,valid
C:/Users/MadCat/Documents/GitHub/MechwarriorRecomp/research/extract/decoded_pck/HAMPCK_TBL.decoded.bin,row_012_slot_1,12,1,3,1525,0x005F50,valid
C:/Users/MadCat/Documents/GitHub/MechwarriorRecomp/research/extract/decoded_pck/HAMPCK_TBL.decoded.bin,row_012_slot_2,12,2,10,1536,0x006000,valid
C:/Users/MadCat/Documents/GitHub/MechwarriorRecomp/research/extract/decoded_pck/HAMPCK_TBL.decoded.bin,row_012_slot_3,12,3,1,1548,0x0060C0,valid
C:/Users/MadCat/Documents/GitHub/MechwarriorRecomp/research/extract/decoded_pck/HAMPCK_TBL.decoded.bin,row_013_slot_0,13,0,8,1559,0x006170,valid
C:/Users/MadCat/Documents/GitHub/MechwarriorRecomp/research/extract/decoded_pck/HAMPCK_TBL.decoded.bin,row_013_slot_1,13,1,15,1570,0x006220,valid
C:/Users/MadCat/Documents/GitHub/MechwarriorRecomp/research/extract/decoded_pck/HAMPCK_TBL.decoded.bin,row_013_slot_2,13,2,6,1582,0x0062E0,valid
C:/Users/MadCat/Documents/GitHub/MechwarriorRecomp/research/extract/decoded_pck/HAMPCK_TBL.decoded.bin,row_013_slot_3,13,3,0,1595,0x0063B0,valid
C:/Users/MadCat/Documents/GitHub/MechwarriorRecomp/research/extract/decoded_pck/HAMPCK_TBL.decoded.bin,row_014_slot_0,14,0,10,1607,0x006470,valid
C:/Users/MadCat/Documents/GitHub/MechwarriorRecomp/research/extract/decoded_pck/HAMPCK_TBL.decoded.bin,row_014_slot_1,14,1,4,1620,0x006540,valid
C:/Users/MadCat/Documents/GitHub/MechwarriorRecomp/research/extract/decoded_pck/HAMPCK_TBL.decoded.bin,row_014_slot_2,14,2,14,1632,0x006600,valid
C:/Users/MadCat/Documents/GitHub/MechwarriorRecomp/research/extract/decoded_pck/HAMPCK_TBL.decoded.bin,row_014_slot_3,14,3,8,1645,0x0066D0,valid
C:/Users/MadCat/Documents/GitHub/MechwarriorRecomp/research/extract/decoded_pck/HAMPCK_TBL.decoded.bin,row_015_slot_0,15,0,2,1658,0x0067A0,valid
C:/Users/MadCat/Documents/GitHub/MechwarriorRecomp/research/extract/decoded_pck/HAMPCK_TBL.decoded.bin,row_015_slot_1,15,1,12,1670,0x006860,valid
C:/Users/MadCat/Documents/GitHub/MechwarriorRecomp/research/extract/decoded_pck/HAMPCK_TBL.decoded.bin,row_015_slot_2,15,2,6,1683,0x006930,valid
C:/Users/MadCat/Documents/GitHub/MechwarriorRecomp/research/extract/decoded_pck/HAMPCK_TBL.decoded.bin,row_015_slot_3,15,3,0,1696,0x006A00,valid
C:/Users/MadCat/Documents/GitHub/MechwarriorRecomp/research/extract/decoded_pck/HAMPCK_TBL.decoded.bin,row_016_slot_0,16,0,10,1708,0x006AC0,valid
C:/Users/MadCat/Documents/GitHub/MechwarriorRecomp/research/extract/decoded_pck/HAMPCK_TBL.decoded.bin,row_016_slot_1,16,1,9,1740,0x006CC0,valid
C:/Users/MadCat/Documents/GitHub/MechwarriorRecomp/research/extract/decoded_pck/HAMPCK_TBL.decoded.bin,row_016_slot_2,16,2,4,1773,0x006ED0,valid
C:/Users/MadCat/Documents/GitHub/MechwarriorRecomp/research/extract/decoded_pck/HAMPCK_TBL.decoded.bin,row_016_slot_3,16,3,15,1805,0x0070D0,valid
C:/Users/MadCat/Documents/GitHub/MechwarriorRecomp/research/extract/decoded_pck/HAMPCK_TBL.decoded.bin,row_017_slot_0,17,0,14,1837,0x0072D0,valid
C:/Users/MadCat/Documents/GitHub/MechwarriorRecomp/research/extract/decoded_pck/HAMPCK_TBL.decoded.bin,row_017_slot_1,17,1,9,1870,0x0074E0,valid
C:/Users/MadCat/Documents/GitHub/MechwarriorRecomp/research/extract/decoded_pck/HAMPCK_TBL.decoded.bin,row_017_slot_2,17,2,8,1902,0x0076E0,valid
C:/Users/MadCat/Documents/GitHub/MechwarriorRecomp/research/extract/decoded_pck/HAMPCK_TBL.decoded.bin,row_017_slot_3,17,3,11,1933,0x0078D0,valid
C:/Users/MadCat/Documents/GitHub/MechwarriorRecomp/research/extract/decoded_pck/HAMPCK_TBL.decoded.bin,row_018_slot_0,18,0,10,1965,0x007AD0,valid
C:/Users/MadCat/Documents/GitHub/MechwarriorRecomp/research/extract/decoded_pck/HAMPCK_TBL.decoded.bin,row_018_slot_1,18,1,9,1997,0x007CD0,valid
C:/Users/MadCat/Documents/GitHub/MechwarriorRecomp/research/extract/decoded_pck/HAMPCK_TBL.decoded.bin,row_018_slot_2,18,2,8,2029,0x007ED0,valid
C:/Users/MadCat/Documents/GitHub/MechwarriorRecomp/research/extract/decoded_pck/HAMPCK_TBL.decoded.bin,row_018_slot_3,18,3,13,2106,0x0083A0,valid
C:/Users/MadCat/Documents/GitHub/MechwarriorRecomp/research/extract/decoded_pck/HAMPCK_TBL.decoded.bin,row_019_slot_0,19,0,12,2183,0x008870,valid
C:/Users/MadCat/Documents/GitHub/MechwarriorRecomp/research/extract/decoded_pck/HAMPCK_TBL.decoded.bin,row_019_slot_1,19,1,5,2260,0x008D40,valid
C:/Users/MadCat/Documents/GitHub/MechwarriorRecomp/research/extract/decoded_pck/HAMPCK_TBL.decoded.bin,row_019_slot_2,19,2,4,2337,0x009210,valid
C:/Users/MadCat/Documents/GitHub/MechwarriorRecomp/research/extract/decoded_pck/HAMPCK_TBL.decoded.bin,row_019_slot_3,19,3,7,2413,0x0096D0,valid
C:/Users/MadCat/Documents/GitHub/MechwarriorRecomp/research/extract/decoded_pck/HAMPCK_TBL.decoded.bin,row_020_slot_0,20,0,14,2424,0x009780,valid
C:/Users/MadCat/Documents/GitHub/MechwarriorRecomp/research/extract/decoded_pck/HAMPCK_TBL.decoded.bin,row_020_slot_1,20,1,5,2436,0x009840,valid
C:/Users/MadCat/Documents/GitHub/MechwarriorRecomp/research/extract/decoded_pck/HAMPCK_TBL.decoded.bin,row_020_slot_2,20,2,12,2447,0x0098F0,valid
C:/Users/MadCat/Documents/GitHub/MechwarriorRecomp/research/extract/decoded_pck/HAMPCK_TBL.decoded.bin,row_020_slot_3,20,3,3,2459,0x0099B0,valid
