source_file,id,index,offset_hex,end_offset_hex,estimated_size,reference_count,references,role_candidate,first_80_rel_offset,first_ff_rel_offset,entropy,first_32_hex
C:/Users/MadCat/Documents/GitHub/MechwarriorRecomp/research/extract/decoded_pck/HAMPCK_TBL.decoded.bin,pck_block_0000,0,0x000150,0x000210,192,1,row_000_slot_0,prefixed_shape_command_candidate,4,-1,3.7260,0000000080004E0100000000000001001200000F1A000100740024FA00000000
C:/Users/MadCat/Documents/GitHub/MechwarriorRecomp/research/extract/decoded_pck/HAMPCK_TBL.decoded.bin,pck_block_0001,1,0x000210,0x0002E0,208,1,row_000_slot_1,prefixed_shape_command_candidate,14,3,3.8403,080705FF03090804FF020A0903FF80004E0100000000000001001C00000F2400
C:/Users/MadCat/Documents/GitHub/MechwarriorRecomp/research/extract/decoded_pck/HAMPCK_TBL.decoded.bin,pck_block_0002,2,0x0002E0,0x0004C0,480,1,row_000_slot_2,prefixed_shape_command_candidate,8,2,4.9674,0804FF04080705FF8000C9010000000000000300160000222E000100FA001122
C:/Users/MadCat/Documents/GitHub/MechwarriorRecomp/research/extract/decoded_pck/HAMPCK_TBL.decoded.bin,pck_block_0003,3,0x0004C0,0x000690,464,1,row_000_slot_3,prefixed_shape_command_candidate,3,2,4.8329,1B1AFF8000C90100000000000003001100002229000100F50011222900010051
C:/Users/MadCat/Documents/GitHub/MechwarriorRecomp/research/extract/decoded_pck/HAMPCK_TBL.decoded.bin,pck_block_0004,4,0x000690,0x000B00,1136,1,row_001_slot_0,prefixed_shape_command_candidate,14,3,5.4096,13121FFF12151D1FFF1F1D1B1AFF8000B40100000000000008001C0000505C00
C:/Users/MadCat/Documents/GitHub/MechwarriorRecomp/research/extract/decoded_pck/HAMPCK_TBL.decoded.bin,pck_block_0005,5,0x000B00,0x000BC0,192,1,row_001_slot_1,prefixed_shape_command_candidate,13,2,4.5885,4A4EFF4E4A494FFF4F49484CFF8000690100000000000001001B00000E230001
C:/Users/MadCat/Documents/GitHub/MechwarriorRecomp/research/extract/decoded_pck/HAMPCK_TBL.decoded.bin,pck_block_0006,6,0x000BC0,0x000C80,192,1,row_001_slot_2,prefixed_shape_command_candidate,4,3,4.7149,0A0903FF8000520100000000000001001200000F1A0001007400D6057CFF0100
C:/Users/MadCat/Documents/GitHub/MechwarriorRecomp/research/extract/decoded_pck/HAMPCK_TBL.decoded.bin,pck_block_0007,7,0x000C80,0x000D50,208,1,row_001_slot_3,prefixed_shape_command_candidate,14,3,4.8265,0A0903FF03090804FF04080705FF8000570100000000000001001C00000F2400
C:/Users/MadCat/Documents/GitHub/MechwarriorRecomp/research/extract/decoded_pck/HAMPCK_TBL.decoded.bin,pck_block_0008,8,0x000D50,0x000E20,208,1,row_002_slot_0,prefixed_shape_command_candidate,8,2,4.7744,0804FF04080705FF80004D0100000000000001001600000F1E0001007800D505
C:/Users/MadCat/Documents/GitHub/MechwarriorRecomp/research/extract/decoded_pck/HAMPCK_TBL.decoded.bin,pck_block_0009,9,0x000E20,0x000EE0,192,1,row_002_slot_1,prefixed_shape_command_candidate,2,1,4.5446,05FF80004D0100000000000001001000000F180001007200DA05FAFF01000000
C:/Users/MadCat/Documents/GitHub/MechwarriorRecomp/research/extract/decoded_pck/HAMPCK_TBL.decoded.bin,pck_block_0010,10,0x000EE0,0x000FB0,208,1,row_002_slot_2,prefixed_shape_command_candidate,12,1,4.1450,03FF03090804FF04080705FF80004D0100000000000001001A00000F22000100
C:/Users/MadCat/Documents/GitHub/MechwarriorRecomp/research/extract/decoded_pck/HAMPCK_TBL.decoded.bin,pck_block_0011,11,0x000FB0,0x001080,208,1,row_002_slot_3,prefixed_shape_command_candidate,6,0,4.7039,FF04080705FF80004E0100000000000001001400000F1C0001007600C505FF00
C:/Users/MadCat/Documents/GitHub/MechwarriorRecomp/research/extract/decoded_pck/HAMPCK_TBL.decoded.bin,pck_block_0012,12,0x001080,0x001140,192,1,row_003_slot_0,shape_command_candidate,0,-1,4.7106,80004F0100000000000001000E00000F160001007000D6057F0002003B005FFD
C:/Users/MadCat/Documents/GitHub/MechwarriorRecomp/research/extract/decoded_pck/HAMPCK_TBL.decoded.bin,pck_block_0013,13,0x001140,0x001210,208,1,row_003_slot_1,prefixed_shape_command_candidate,10,4,4.4647,03090804FF04080705FF8000500100000000000001001800000F200001007A00
C:/Users/MadCat/Documents/GitHub/MechwarriorRecomp/research/extract/decoded_pck/HAMPCK_TBL.decoded.bin,pck_block_0014,14,0x001210,0x0012D0,192,1,row_003_slot_2,prefixed_shape_command_candidate,4,3,4.7383,080705FF8000530100000000000001001200000F1A000100740029FA8300FEFF
C:/Users/MadCat/Documents/GitHub/MechwarriorRecomp/research/extract/decoded_pck/HAMPCK_TBL.decoded.bin,pck_block_0015,15,0x0012D0,0x0013A0,208,1,row_003_slot_3,prefixed_shape_command_candidate,14,3,4.8425,080705FF03090804FF020A0903FF8000580100000000000001001C00000F2400
C:/Users/MadCat/Documents/GitHub/MechwarriorRecomp/research/extract/decoded_pck/HAMPCK_TBL.decoded.bin,pck_block_0016,16,0x0013A0,0x001470,208,1,row_004_slot_0,prefixed_shape_command_candidate,8,2,4.8275,0804FF020A0903FF8000510100000000000001001600000F1E000100780029FA
C:/Users/MadCat/Documents/GitHub/MechwarriorRecomp/research/extract/decoded_pck/HAMPCK_TBL.decoded.bin,pck_block_0017,17,0x001470,0x001530,192,1,row_004_slot_1,prefixed_shape_command_candidate,2,1,4.6562,03FF8000520100000000000001001000000F18000100720022FA0400FEFF0000
C:/Users/MadCat/Documents/GitHub/MechwarriorRecomp/research/extract/decoded_pck/HAMPCK_TBL.decoded.bin,pck_block_0018,18,0x001530,0x001600,208,1,row_004_slot_2,prefixed_shape_command_candidate,12,1,4.1640,05FF03090804FF020A0903FF80004F0100000000000001001A00000F22000100
C:/Users/MadCat/Documents/GitHub/MechwarriorRecomp/research/extract/decoded_pck/HAMPCK_TBL.decoded.bin,pck_block_0019,19,0x001600,0x0016D0,208,1,row_004_slot_3,prefixed_shape_command_candidate,6,0,4.8637,FF020A0903FF8000510100000000000001001400000F1C000100760039FAFFFE
C:/Users/MadCat/Documents/GitHub/MechwarriorRecomp/research/extract/decoded_pck/HAMPCK_TBL.decoded.bin,pck_block_0020,20,0x0016D0,0x001790,192,1,row_005_slot_0,shape_command_candidate,0,25,4.7989,8000520100000000000001000E00000F16000100700029FA7FFFFEFFC4FFAD02
C:/Users/MadCat/Documents/GitHub/MechwarriorRecomp/research/extract/decoded_pck/HAMPCK_TBL.decoded.bin,pck_block_0021,21,0x001790,0x001860,208,1,row_005_slot_1,prefixed_shape_command_candidate,10,4,4.5014,03090804FF020A0903FF8000500100000000000001001800000F200001007A00
C:/Users/MadCat/Documents/GitHub/MechwarriorRecomp/research/extract/decoded_pck/HAMPCK_TBL.decoded.bin,pck_block_0022,22,0x001860,0x001A70,528,1,row_005_slot_2,prefixed_shape_command_candidate,4,3,5.2330,0A0903FF8000B10100000000000003001200002C2A0001003201112C2A000100
C:/Users/MadCat/Documents/GitHub/MechwarriorRecomp/research/extract/decoded_pck/HAMPCK_TBL.decoded.bin,pck_block_0023,23,0x001A70,0x001C60,496,1,row_005_slot_3,prefixed_shape_command_candidate,11,0,5.2829,FF28262529FF29252221FF8000B9010000000000000300190000263100010015
C:/Users/MadCat/Documents/GitHub/MechwarriorRecomp/research/extract/decoded_pck/HAMPCK_TBL.decoded.bin,pck_block_0024,24,0x001C60,0x001E70,528,1,row_006_slot_0,prefixed_shape_command_candidate,14,3,5.2933,151423FF14182123FF23211F1EFF8000B80100000000000003001C00002A3400
C:/Users/MadCat/Documents/GitHub/MechwarriorRecomp/research/extract/decoded_pck/HAMPCK_TBL.decoded.bin,pck_block_0025,25,0x001E70,0x002090,544,1,row_006_slot_1,prefixed_shape_command_candidate,9,3,5.3148,242327FF2723201FFF8000D30100000000000003001700002C2F000100370111
C:/Users/MadCat/Documents/GitHub/MechwarriorRecomp/research/extract/decoded_pck/HAMPCK_TBL.decoded.bin,pck_block_0026,26,0x002090,0x002260,464,1,row_006_slot_2,shape_command_candidate,0,-1,4.8239,8000C90100000000000003000E00002226000100F2001122260001004E011822
C:/Users/MadCat/Documents/GitHub/MechwarriorRecomp/research/extract/decoded_pck/HAMPCK_TBL.decoded.bin,pck_block_0027,27,0x002260,0x002440,480,1,row_006_slot_3,prefixed_shape_command_candidate,11,0,4.8612,FF12151D1FFF1F1D1B1AFF8000C90100000000000003001900002231000100FD
C:/Users/MadCat/Documents/GitHub/MechwarriorRecomp/research/extract/decoded_pck/HAMPCK_TBL.decoded.bin,pck_block_0028,28,0x002440,0x002620,480,1,row_007_slot_0,prefixed_shape_command_candidate,6,0,5.0381,FF1F1D1B1AFF8000C9010000000000000300140000242C000100040111242C00
C:/Users/MadCat/Documents/GitHub/MechwarriorRecomp/research/extract/decoded_pck/HAMPCK_TBL.decoded.bin,pck_block_0029,29,0x002620,0x002820,512,1,row_007_slot_1,prefixed_shape_command_candidate,13,2,5.3334,1321FF13171F21FF211F1D1CFF8000D00100000000000003001B000026330001
C:/Users/MadCat/Documents/GitHub/MechwarriorRecomp/research/extract/decoded_pck/HAMPCK_TBL.decoded.bin,pck_block_0030,30,0x002820,0x0029F0,464,1,row_007_slot_2,shape_command_candidate,0,-1,5.0063,8000C90100000000000003000E00002226000100F2001122260001004E011822
C:/Users/MadCat/Documents/GitHub/MechwarriorRecomp/research/extract/decoded_pck/HAMPCK_TBL.decoded.bin,pck_block_0031,31,0x0029F0,0x002BD0,480,1,row_007_slot_3,prefixed_shape_command_candidate,11,0,4.9911,FF12151D1FFF1F1D1B1AFF8000C90100000000000003001900002231000100FD
C:/Users/MadCat/Documents/GitHub/MechwarriorRecomp/research/extract/decoded_pck/HAMPCK_TBL.decoded.bin,pck_block_0032,32,0x002BD0,0x002DC0,496,1,row_008_slot_0,prefixed_shape_command_candidate,6,0,5.3529,FF1F1D1B1AFF8000D2010000000000000300140000262C000100100111262C00
C:/Users/MadCat/Documents/GitHub/MechwarriorRecomp/research/extract/decoded_pck/HAMPCK_TBL.decoded.bin,pck_block_0033,33,0x002DC0,0x002FE0,544,1,row_008_slot_1,prefixed_shape_command_candidate,9,3,5.5186,182123FF23211F1EFF8000D40100000000000003001700002C2F000100370111
C:/Users/MadCat/Documents/GitHub/MechwarriorRecomp/research/extract/decoded_pck/HAMPCK_TBL.decoded.bin,pck_block_0034,34,0x002FE0,0x0031F0,528,1,row_008_slot_2,shape_command_candidate,0,-1,5.4423,8000BB0100000000000003000E00002C260001002E01112C260001008A011E2C
C:/Users/MadCat/Documents/GitHub/MechwarriorRecomp/research/extract/decoded_pck/HAMPCK_TBL.decoded.bin,pck_block_0035,35,0x0031F0,0x0033E0,496,1,row_008_slot_3,prefixed_shape_command_candidate,7,1,5.2646,29FF29252221FF8000B6010000000000000300150000262D000100110111262D
C:/Users/MadCat/Documents/GitHub/MechwarriorRecomp/research/extract/decoded_pck/HAMPCK_TBL.decoded.bin,pck_block_0036,36,0x0033E0,0x0035D0,496,1,row_009_slot_0,prefixed_shape_command_candidate,10,4,5.2669,14182123FF23211F1EFF8000B601000000000000030018000026300001001401
C:/Users/MadCat/Documents/GitHub/MechwarriorRecomp/research/extract/decoded_pck/HAMPCK_TBL.decoded.bin,pck_block_0037,37,0x0035D0,0x0037D0,512,1,row_009_slot_1,prefixed_shape_command_candidate,13,2,5.2486,1423FF14182123FF23211F1EFF8000D10100000000000003001B000026330001
C:/Users/MadCat/Documents/GitHub/MechwarriorRecomp/research/extract/decoded_pck/HAMPCK_TBL.decoded.bin,pck_block_0038,38,0x0037D0,0x003C80,1200,1,row_009_slot_2,shape_command_candidate,0,-1,5.6976,8000B90100000000000008000E00005B4E00010070020C5B4E000100A302115B
C:/Users/MadCat/Documents/GitHub/MechwarriorRecomp/research/extract/decoded_pck/HAMPCK_TBL.decoded.bin,pck_block_0039,39,0x003C80,0x004130,1200,1,row_009_slot_3,prefixed_shape_command_candidate,1,0,5.7428,FF8000BE0100000000000008000F00005C4F00010077020C5C4F000100AA0211
C:/Users/MadCat/Documents/GitHub/MechwarriorRecomp/research/extract/decoded_pck/HAMPCK_TBL.decoded.bin,pck_block_0040,40,0x004130,0x0045E0,1200,1,row_010_slot_0,prefixed_shape_command_candidate,8,2,5.6442,525AFF5A525156FF8000B40100000000000008001600005B5600010078020C5B
C:/Users/MadCat/Documents/GitHub/MechwarriorRecomp/research/extract/decoded_pck/HAMPCK_TBL.decoded.bin,pck_block_0041,41,0x0045E0,0x004A80,1184,1,row_010_slot_1,prefixed_shape_command_candidate,9,3,5.4573,535259FF59525155FF8000B301000000000000080017000059570001006D020C
C:/Users/MadCat/Documents/GitHub/MechwarriorRecomp/research/extract/decoded_pck/HAMPCK_TBL.decoded.bin,pck_block_0042,42,0x004A80,0x004F50,1232,1,row_010_slot_2,prefixed_shape_command_candidate,14,3,5.7687,525157FF57515058FF58504F54FF8000B30100000000000008001C00005E5C00
C:/Users/MadCat/Documents/GitHub/MechwarriorRecomp/research/extract/decoded_pck/HAMPCK_TBL.decoded.bin,pck_block_0043,43,0x004F50,0x005400,1200,1,row_010_slot_3,prefixed_shape_command_candidate,1,0,5.8008,FF8000B30100000000000008000F00005C4F00010077020C5C4F000100AA0211
C:/Users/MadCat/Documents/GitHub/MechwarriorRecomp/research/extract/decoded_pck/HAMPCK_TBL.decoded.bin,pck_block_0044,44,0x005400,0x0058B0,1200,1,row_011_slot_0,prefixed_shape_command_candidate,8,2,5.7020,525AFF5A525156FF8000B40100000000000008001600005C560001007E020C5C
C:/Users/MadCat/Documents/GitHub/MechwarriorRecomp/research/extract/decoded_pck/HAMPCK_TBL.decoded.bin,pck_block_0045,45,0x0058B0,0x005D20,1136,1,row_011_slot_1,prefixed_shape_command_candidate,15,4,5.3869,57545359FF5953525AFF5A525156FF8000B40100000000000008001D0000505D
C:/Users/MadCat/Documents/GitHub/MechwarriorRecomp/research/extract/decoded_pck/HAMPCK_TBL.decoded.bin,pck_block_0046,46,0x005D20,0x005DE0,192,1,row_011_slot_2,prefixed_shape_command_candidate,14,3,4.8612,4B4A4EFF4E4A494FFF4F49484CFF80006F0100000000000001001C00000E2400
C:/Users/MadCat/Documents/GitHub/MechwarriorRecomp/research/extract/decoded_pck/HAMPCK_TBL.decoded.bin,pck_block_0047,47,0x005DE0,0x005E90,176,1,row_011_slot_3,prefixed_shape_command_candidate,5,4,4.6577,020A0903FF8000750100000000000001001300000E1B0001006F00AE00D803E8
C:/Users/MadCat/Documents/GitHub/MechwarriorRecomp/research/extract/decoded_pck/HAMPCK_TBL.decoded.bin,pck_block_0048,48,0x005E90,0x005F50,192,1,row_012_slot_0,prefixed_shape_command_candidate,12,1,4.7080,05FF03090804FF020A0903FF8000690100000000000001001A00000E22000100
C:/Users/MadCat/Documents/GitHub/MechwarriorRecomp/research/extract/decoded_pck/HAMPCK_TBL.decoded.bin,pck_block_0049,49,0x005F50,0x006000,176,1,row_012_slot_1,prefixed_shape_command_candidate,3,2,4.4861,0903FF8000690100000000000001001100000E190001006D000100E603E803EB
C:/Users/MadCat/Documents/GitHub/MechwarriorRecomp/research/extract/decoded_pck/HAMPCK_TBL.decoded.bin,pck_block_0050,50,0x006000,0x0060C0,192,1,row_012_slot_2,prefixed_shape_command_candidate,10,4,4.7388,03090804FF020A0903FF8000690100000000000001001800000E200001007400
C:/Users/MadCat/Documents/GitHub/MechwarriorRecomp/research/extract/decoded_pck/HAMPCK_TBL.decoded.bin,pck_block_0051,51,0x0060C0,0x006170,176,1,row_012_slot_3,prefixed_shape_command_candidate,1,0,4.6742,FF8000690100000000000001000F00000E170001006B0054FFD803E8037CF8C8
C:/Users/MadCat/Documents/GitHub/MechwarriorRecomp/research/extract/decoded_pck/HAMPCK_TBL.decoded.bin,pck_block_0052,52,0x006170,0x006220,176,1,row_013_slot_0,prefixed_shape_command_candidate,8,2,4.6813,0804FF020A0903FF8000690100000000000001001600000E1E0001007200AAFF
C:/Users/MadCat/Documents/GitHub/MechwarriorRecomp/research/extract/decoded_pck/HAMPCK_TBL.decoded.bin,pck_block_0053,53,0x006220,0x0062E0,192,1,row_013_slot_1,prefixed_shape_command_candidate,15,4,4.4356,04080705FF03090804FF020A0903FF8000690100000000000001001D00000E25
C:/Users/MadCat/Documents/GitHub/MechwarriorRecomp/research/extract/decoded_pck/HAMPCK_TBL.decoded.bin,pck_block_0054,54,0x0062E0,0x0063B0,208,1,row_013_slot_2,prefixed_shape_command_candidate,6,0,4.5959,FF020A0903FF8000700100000000000001001400000F1C000100760024FA0000
C:/Users/MadCat/Documents/GitHub/MechwarriorRecomp/research/extract/decoded_pck/HAMPCK_TBL.decoded.bin,pck_block_0055,55,0x0063B0,0x006470,192,1,row_013_slot_3,shape_command_candidate,0,27,4.6167,8000BD0100000000000001000E00000F16000100700024FA0000FEFF0000E1FA
C:/Users/MadCat/Documents/GitHub/MechwarriorRecomp/research/extract/decoded_pck/HAMPCK_TBL.decoded.bin,pck_block_0056,56,0x006470,0x006540,208,1,row_014_slot_0,prefixed_shape_command_candidate,10,4,4.5964,03090804FF020A0903FF8000450200000000000001001800000F200001007A00
C:/Users/MadCat/Documents/GitHub/MechwarriorRecomp/research/extract/decoded_pck/HAMPCK_TBL.decoded.bin,pck_block_0057,57,0x006540,0x006600,192,1,row_014_slot_1,prefixed_shape_command_candidate,4,3,4.7527,0A0903FF8000A00200000000000001001200000F1A000100740024FAFFFFFDFF
C:/Users/MadCat/Documents/GitHub/MechwarriorRecomp/research/extract/decoded_pck/HAMPCK_TBL.decoded.bin,pck_block_0058,58,0x006600,0x0066D0,208,1,row_014_slot_2,prefixed_shape_command_candidate,14,3,4.6267,080705FF03090804FF020A0903FF8000BA0200000000000001001C00000F2400
C:/Users/MadCat/Documents/GitHub/MechwarriorRecomp/research/extract/decoded_pck/HAMPCK_TBL.decoded.bin,pck_block_0059,59,0x0066D0,0x0067A0,208,1,row_014_slot_3,prefixed_shape_command_candidate,8,2,4.5079,0804FF020A0903FF80006E0100000000000001001600000F1E0001007800DC05
C:/Users/MadCat/Documents/GitHub/MechwarriorRecomp/research/extract/decoded_pck/HAMPCK_TBL.decoded.bin,pck_block_0060,60,0x0067A0,0x006860,192,1,row_015_slot_0,prefixed_shape_command_candidate,2,1,4.5942,05FF8000BC0100000000000001001000000F180001007200DC05000001000000
C:/Users/MadCat/Documents/GitHub/MechwarriorRecomp/research/extract/decoded_pck/HAMPCK_TBL.decoded.bin,pck_block_0061,61,0x006860,0x006930,208,1,row_015_slot_1,prefixed_shape_command_candidate,12,1,4.5352,03FF03090804FF04080705FF8000440200000000000001001A00000F22000100
C:/Users/MadCat/Documents/GitHub/MechwarriorRecomp/research/extract/decoded_pck/HAMPCK_TBL.decoded.bin,pck_block_0062,62,0x006930,0x006A00,208,1,row_015_slot_2,prefixed_shape_command_candidate,6,0,4.7086,FF04080705FF80009E0200000000000001001400000F1C0001007600DC050000
C:/Users/MadCat/Documents/GitHub/MechwarriorRecomp/research/extract/decoded_pck/HAMPCK_TBL.decoded.bin,pck_block_0063,63,0x006A00,0x006AC0,192,1,row_015_slot_3,shape_command_candidate,0,-1,4.5236,8000B90200000000000001000E00000F160001007000DC0500000000000009F8
C:/Users/MadCat/Documents/GitHub/MechwarriorRecomp/research/extract/decoded_pck/HAMPCK_TBL.decoded.bin,pck_block_0064,64,0x006AC0,0x006CC0,512,1,row_016_slot_0,prefixed_shape_command_candidate,10,4,5.3044,03090804FF04080705FF8000C901000000000000030018000028300001002001
C:/Users/MadCat/Documents/GitHub/MechwarriorRecomp/research/extract/decoded_pck/HAMPCK_TBL.decoded.bin,pck_block_0065,65,0x006CC0,0x006ED0,528,1,row_016_slot_1,prefixed_shape_command_candidate,9,3,5.3397,222125FF25211F1EFF8000C90100000000000003001700002A2F0001002B0111
C:/Users/MadCat/Documents/GitHub/MechwarriorRecomp/research/extract/decoded_pck/HAMPCK_TBL.decoded.bin,pck_block_0066,66,0x006ED0,0x0070D0,512,1,row_016_slot_2,prefixed_shape_command_candidate,4,3,5.4667,232120FF8000C20100000000000003001200002A2A0001002601112A2A000100
C:/Users/MadCat/Documents/GitHub/MechwarriorRecomp/research/extract/decoded_pck/HAMPCK_TBL.decoded.bin,pck_block_0067,67,0x0070D0,0x0072D0,512,1,row_016_slot_3,prefixed_shape_command_candidate,15,4,5.4726,20152627FF26242327FF27232120FF8000010200000000000003001D00002835
C:/Users/MadCat/Documents/GitHub/MechwarriorRecomp/research/extract/decoded_pck/HAMPCK_TBL.decoded.bin,pck_block_0068,68,0x0072D0,0x0074E0,528,1,row_017_slot_0,prefixed_shape_command_candidate,14,3,5.5041,151425FF141A2325FF25232120FF8000010200000000000003001C00002A3400
C:/Users/MadCat/Documents/GitHub/MechwarriorRecomp/research/extract/decoded_pck/HAMPCK_TBL.decoded.bin,pck_block_0069,69,0x0074E0,0x0076E0,512,1,row_017_slot_1,prefixed_shape_command_candidate,9,3,5.2056,242327FF27232120FF8000C9010000000000000300170000282F0001001F0111
C:/Users/MadCat/Documents/GitHub/MechwarriorRecomp/research/extract/decoded_pck/HAMPCK_TBL.decoded.bin,pck_block_0070,70,0x0076E0,0x0078D0,496,1,row_017_slot_2,prefixed_shape_command_candidate,8,2,5.2607,2125FF25211F1EFF8000C9010000000000000300160000262E00010012011126
C:/Users/MadCat/Documents/GitHub/MechwarriorRecomp/research/extract/decoded_pck/HAMPCK_TBL.decoded.bin,pck_block_0071,71,0x0078D0,0x007AD0,512,1,row_017_slot_3,prefixed_shape_command_candidate,11,0,5.4453,FF22201F23FF231F1D1CFF8000BF010000000000000300190000283100010021
C:/Users/MadCat/Documents/GitHub/MechwarriorRecomp/research/extract/decoded_pck/HAMPCK_TBL.decoded.bin,pck_block_0072,72,0x007AD0,0x007CD0,512,1,row_018_slot_0,prefixed_shape_command_candidate,10,4,5.3803,24222125FF25211F1EFF8000FE01000000000000030018000028300001002001
C:/Users/MadCat/Documents/GitHub/MechwarriorRecomp/research/extract/decoded_pck/HAMPCK_TBL.decoded.bin,pck_block_0073,73,0x007CD0,0x007ED0,512,1,row_018_slot_1,prefixed_shape_command_candidate,9,3,5.3973,222125FF25211F1EFF8000FE010000000000000300170000282F0001001F0111
C:/Users/MadCat/Documents/GitHub/MechwarriorRecomp/research/extract/decoded_pck/HAMPCK_TBL.decoded.bin,pck_block_0074,74,0x007ED0,0x0083A0,1232,1,row_018_slot_2,prefixed_shape_command_candidate,8,2,5.7119,2125FF25211F1EFF8000E201000000000000080016000061560001009C020C61
C:/Users/MadCat/Documents/GitHub/MechwarriorRecomp/research/extract/decoded_pck/HAMPCK_TBL.decoded.bin,pck_block_0075,75,0x0083A0,0x008870,1232,1,row_018_slot_3,prefixed_shape_command_candidate,13,2,5.7513,585EFF5E58575FFF5F57565BFF8000380200000000000008001B0000605B0001
C:/Users/MadCat/Documents/GitHub/MechwarriorRecomp/research/extract/decoded_pck/HAMPCK_TBL.decoded.bin,pck_block_0076,76,0x008870,0x008D40,1232,1,row_019_slot_0,prefixed_shape_command_candidate,12,1,5.8045,5CFF5C57565EFF5E565559FF8000CC0200000000000008001A00005F5A000100
C:/Users/MadCat/Documents/GitHub/MechwarriorRecomp/research/extract/decoded_pck/HAMPCK_TBL.decoded.bin,pck_block_0077,77,0x008D40,0x009210,1232,1,row_019_slot_1,prefixed_shape_command_candidate,5,4,5.9121,5D565559FF800021030000000000000800130000605300010093020C60530001
C:/Users/MadCat/Documents/GitHub/MechwarriorRecomp/research/extract/decoded_pck/HAMPCK_TBL.decoded.bin,pck_block_0078,78,0x009210,0x0096D0,1216,1,row_019_slot_2,prefixed_shape_command_candidate,4,3,5.8037,56555AFF80004C0300000000000008001200005E5200010086020C5E52000100
C:/Users/MadCat/Documents/GitHub/MechwarriorRecomp/research/extract/decoded_pck/HAMPCK_TBL.decoded.bin,pck_block_0079,79,0x0096D0,0x009780,176,1,row_019_slot_3,prefixed_shape_command_candidate,7,1,4.5671,5CFF5C545357FF80007B0100000000000001001500000E1D0001007100000056
C:/Users/MadCat/Documents/GitHub/MechwarriorRecomp/research/extract/decoded_pck/HAMPCK_TBL.decoded.bin,pck_block_0080,80,0x009780,0x009840,192,1,row_020_slot_0,prefixed_shape_command_candidate,14,3,4.5413,080705FF03090804FF020A0903FF8000CF0100000000000001001C00000E2400
C:/Users/MadCat/Documents/GitHub/MechwarriorRecomp/research/extract/decoded_pck/HAMPCK_TBL.decoded.bin,pck_block_0081,81,0x009840,0x0098F0,176,1,row_020_slot_1,prefixed_shape_command_candidate,5,4,4.6433,020A0903FF8000660200000000000001001300000E1B0001006F00000093FE56
C:/Users/MadCat/Documents/GitHub/MechwarriorRecomp/research/extract/decoded_pck/HAMPCK_TBL.decoded.bin,pck_block_0082,82,0x0098F0,0x0099B0,192,1,row_020_slot_2,prefixed_shape_command_candidate,12,1,4.7074,05FF03090804FF020A0903FF8000C00200000000000001001A00000E22000100
C:/Users/MadCat/Documents/GitHub/MechwarriorRecomp/research/extract/decoded_pck/HAMPCK_TBL.decoded.bin,pck_block_0083,83,0x0099B0,0x009A6A,186,1,row_020_slot_3,prefixed_shape_command_candidate,3,2,4.7710,0903FF8000E80200000000000001001100000E190001006D00000073FC3B04FE
