source_file,bank,index,raw_hex,low_nibble,high_nibble,low_rgb,high_rgb,pair_hex,pair_duplicate
C:/Users/MadCat/Documents/GitHub/MechwarriorRecomp/Original/TROPIC.PAL,0,0,0x00,0,0,0 0 0,0 0 0,0000,yes
C:/Users/MadCat/Documents/GitHub/MechwarriorRecomp/Original/TROPIC.PAL,0,1,0x11,1,1,0 0 170,0 0 170,1111,yes
C:/Users/MadCat/Documents/GitHub/MechwarriorRecomp/Original/TROPIC.PAL,0,2,0x22,2,2,0 170 0,0 170 0,2222,yes
C:/Users/MadCat/Documents/GitHub/MechwarriorRecomp/Original/TROPIC.PAL,0,3,0x00,0,0,0 0 0,0 0 0,0000,yes
C:/Users/MadCat/Documents/GitHub/MechwarriorRecomp/Original/TROPIC.PAL,0,4,0x44,4,4,170 0 0,170 0 0,4444,yes
C:/Users/MadCat/Documents/GitHub/MechwarriorRecomp/Original/TROPIC.PAL,0,5,0x33,3,3,0 170 170,0 170 170,3333,yes
C:/Users/MadCat/Documents/GitHub/MechwarriorRecomp/Original/TROPIC.PAL,0,6,0x66,6,6,170 85 0,170 85 0,6666,yes
C:/Users/MadCat/Documents/GitHub/MechwarriorRecomp/Original/TROPIC.PAL,0,7,0x77,7,7,170 170 170,170 170 170,7777,yes
C:/Users/MadCat/Documents/GitHub/MechwarriorRecomp/Original/TROPIC.PAL,0,8,0x88,8,8,85 85 85,85 85 85,8888,yes
C:/Users/MadCat/Documents/GitHub/MechwarriorRecomp/Original/TROPIC.PAL,0,9,0x99,9,9,85 85 255,85 85 255,9999,yes
C:/Users/MadCat/Documents/GitHub/MechwarriorRecomp/Original/TROPIC.PAL,0,10,0xAA,10,10,85 255 85,85 255 85,AAAA,yes
C:/Users/MadCat/Documents/GitHub/MechwarriorRecomp/Original/TROPIC.PAL,0,11,0xBB,11,11,85 255 255,85 255 255,BBBB,yes
C:/Users/MadCat/Documents/GitHub/MechwarriorRecomp/Original/TROPIC.PAL,0,12,0xCC,12,12,255 85 85,255 85 85,CCCC,yes
C:/Users/MadCat/Documents/GitHub/MechwarriorRecomp/Original/TROPIC.PAL,0,13,0xDD,13,13,255 85 255,255 85 255,DDDD,yes
C:/Users/MadCat/Documents/GitHub/MechwarriorRecomp/Original/TROPIC.PAL,0,14,0xEE,14,14,255 255 85,255 255 85,EEEE,yes
C:/Users/MadCat/Documents/GitHub/MechwarriorRecomp/Original/TROPIC.PAL,0,15,0xFF,15,15,255 255 255,255 255 255,FFFF,yes
C:/Users/MadCat/Documents/GitHub/MechwarriorRecomp/Original/TROPIC.PAL,1,0,0x2A,10,2,85 255 85,0 170 0,2A2A,yes
C:/Users/MadCat/Documents/GitHub/MechwarriorRecomp/Original/TROPIC.PAL,1,1,0x12,2,1,0 170 0,0 0 170,1212,yes
C:/Users/MadCat/Documents/GitHub/MechwarriorRecomp/Original/TROPIC.PAL,1,2,0xAA,10,10,85 255 85,85 255 85,AAAA,yes
C:/Users/MadCat/Documents/GitHub/MechwarriorRecomp/Original/TROPIC.PAL,1,3,0x32,2,3,0 170 0,0 170 170,3232,yes
C:/Users/MadCat/Documents/GitHub/MechwarriorRecomp/Original/TROPIC.PAL,1,4,0x82,2,8,0 170 0,85 85 85,8282,yes
C:/Users/MadCat/Documents/GitHub/MechwarriorRecomp/Original/TROPIC.PAL,1,5,0xE2,2,14,0 170 0,255 255 85,E2E2,yes
C:/Users/MadCat/Documents/GitHub/MechwarriorRecomp/Original/TROPIC.PAL,1,6,0x32,2,3,0 170 0,0 170 170,3232,yes
C:/Users/MadCat/Documents/GitHub/MechwarriorRecomp/Original/TROPIC.PAL,1,7,0x72,2,7,0 170 0,170 170 170,7272,yes
C:/Users/MadCat/Documents/GitHub/MechwarriorRecomp/Original/TROPIC.PAL,1,8,0x82,2,8,0 170 0,85 85 85,8282,yes
C:/Users/MadCat/Documents/GitHub/MechwarriorRecomp/Original/TROPIC.PAL,1,9,0x78,8,7,85 85 85,170 170 170,7878,yes
C:/Users/MadCat/Documents/GitHub/MechwarriorRecomp/Original/TROPIC.PAL,1,10,0x70,0,7,0 0 0,170 170 170,7070,yes
C:/Users/MadCat/Documents/GitHub/MechwarriorRecomp/Original/TROPIC.PAL,1,11,0xF2,2,15,0 170 0,255 255 255,F2F2,yes
C:/Users/MadCat/Documents/GitHub/MechwarriorRecomp/Original/TROPIC.PAL,1,12,0x8F,15,8,255 255 255,85 85 85,8F8F,yes
C:/Users/MadCat/Documents/GitHub/MechwarriorRecomp/Original/TROPIC.PAL,1,13,0x80,0,8,0 0 0,85 85 85,8080,yes
C:/Users/MadCat/Documents/GitHub/MechwarriorRecomp/Original/TROPIC.PAL,1,14,0x62,2,6,0 170 0,170 85 0,6262,yes
C:/Users/MadCat/Documents/GitHub/MechwarriorRecomp/Original/TROPIC.PAL,1,15,0x7F,15,7,255 255 255,170 170 170,7F7F,yes
C:/Users/MadCat/Documents/GitHub/MechwarriorRecomp/Original/TROPIC.PAL,2,0,0x00,0,0,0 0 0,0 0 0,0000,yes
C:/Users/MadCat/Documents/GitHub/MechwarriorRecomp/Original/TROPIC.PAL,2,1,0x11,1,1,0 0 170,0 0 170,1111,yes
C:/Users/MadCat/Documents/GitHub/MechwarriorRecomp/Original/TROPIC.PAL,2,2,0x22,2,2,0 170 0,0 170 0,2222,yes
C:/Users/MadCat/Documents/GitHub/MechwarriorRecomp/Original/TROPIC.PAL,2,3,0x00,0,0,0 0 0,0 0 0,0000,yes
C:/Users/MadCat/Documents/GitHub/MechwarriorRecomp/Original/TROPIC.PAL,2,4,0x44,4,4,170 0 0,170 0 0,4444,yes
C:/Users/MadCat/Documents/GitHub/MechwarriorRecomp/Original/TROPIC.PAL,2,5,0x33,3,3,0 170 170,0 170 170,3333,yes
C:/Users/MadCat/Documents/GitHub/MechwarriorRecomp/Original/TROPIC.PAL,2,6,0x66,6,6,170 85 0,170 85 0,6666,yes
C:/Users/MadCat/Documents/GitHub/MechwarriorRecomp/Original/TROPIC.PAL,2,7,0x77,7,7,170 170 170,170 170 170,7777,yes
C:/Users/MadCat/Documents/GitHub/MechwarriorRecomp/Original/TROPIC.PAL,2,8,0x88,8,8,85 85 85,85 85 85,8888,yes
C:/Users/MadCat/Documents/GitHub/MechwarriorRecomp/Original/TROPIC.PAL,2,9,0x99,9,9,85 85 255,85 85 255,9999,yes
C:/Users/MadCat/Documents/GitHub/MechwarriorRecomp/Original/TROPIC.PAL,2,10,0xAA,10,10,85 255 85,85 255 85,AAAA,yes
C:/Users/MadCat/Documents/GitHub/MechwarriorRecomp/Original/TROPIC.PAL,2,11,0xBB,11,11,85 255 255,85 255 255,BBBB,yes
C:/Users/MadCat/Documents/GitHub/MechwarriorRecomp/Original/TROPIC.PAL,2,12,0xCC,12,12,255 85 85,255 85 85,CCCC,yes
C:/Users/MadCat/Documents/GitHub/MechwarriorRecomp/Original/TROPIC.PAL,2,13,0xDD,13,13,255 85 255,255 85 255,DDDD,yes
C:/Users/MadCat/Documents/GitHub/MechwarriorRecomp/Original/TROPIC.PAL,2,14,0xEE,14,14,255 255 85,255 255 85,EEEE,yes
C:/Users/MadCat/Documents/GitHub/MechwarriorRecomp/Original/TROPIC.PAL,2,15,0xFF,15,15,255 255 255,255 255 255,FFFF,yes
C:/Users/MadCat/Documents/GitHub/MechwarriorRecomp/Original/TROPIC.PAL,3,0,0xA2,2,10,0 170 0,85 255 85,A2A2,yes
C:/Users/MadCat/Documents/GitHub/MechwarriorRecomp/Original/TROPIC.PAL,3,1,0x21,1,2,0 0 170,0 170 0,2121,yes
C:/Users/MadCat/Documents/GitHub/MechwarriorRecomp/Original/TROPIC.PAL,3,2,0xAA,10,10,85 255 85,85 255 85,AAAA,yes
C:/Users/MadCat/Documents/GitHub/MechwarriorRecomp/Original/TROPIC.PAL,3,3,0x23,3,2,0 170 170,0 170 0,2323,yes
C:/Users/MadCat/Documents/GitHub/MechwarriorRecomp/Original/TROPIC.PAL,3,4,0x28,8,2,85 85 85,0 170 0,2828,yes
C:/Users/MadCat/Documents/GitHub/MechwarriorRecomp/Original/TROPIC.PAL,3,5,0x2E,14,2,255 255 85,0 170 0,2E2E,yes
C:/Users/MadCat/Documents/GitHub/MechwarriorRecomp/Original/TROPIC.PAL,3,6,0x23,3,2,0 170 170,0 170 0,2323,yes
C:/Users/MadCat/Documents/GitHub/MechwarriorRecomp/Original/TROPIC.PAL,3,7,0x27,7,2,170 170 170,0 170 0,2727,yes
C:/Users/MadCat/Documents/GitHub/MechwarriorRecomp/Original/TROPIC.PAL,3,8,0x28,8,2,85 85 85,0 170 0,2828,yes
C:/Users/MadCat/Documents/GitHub/MechwarriorRecomp/Original/TROPIC.PAL,3,9,0x87,7,8,170 170 170,85 85 85,8787,yes
C:/Users/MadCat/Documents/GitHub/MechwarriorRecomp/Original/TROPIC.PAL,3,10,0x07,7,0,170 170 170,0 0 0,0707,yes
C:/Users/MadCat/Documents/GitHub/MechwarriorRecomp/Original/TROPIC.PAL,3,11,0x2F,15,2,255 255 255,0 170 0,2F2F,yes
C:/Users/MadCat/Documents/GitHub/MechwarriorRecomp/Original/TROPIC.PAL,3,12,0xF8,8,15,85 85 85,255 255 255,F8F8,yes
C:/Users/MadCat/Documents/GitHub/MechwarriorRecomp/Original/TROPIC.PAL,3,13,0x08,8,0,85 85 85,0 0 0,0808,yes
C:/Users/MadCat/Documents/GitHub/MechwarriorRecomp/Original/TROPIC.PAL,3,14,0x26,6,2,170 85 0,0 170 0,2626,yes
C:/Users/MadCat/Documents/GitHub/MechwarriorRecomp/Original/TROPIC.PAL,3,15,0xF7,7,15,170 170 170,255 255 255,F7F7,yes
