source_file,id,source_block_id,source_block_index,source_block_offset_hex,object_offset_hex,prefix_size,flags_hex,has_high_bit,palette_or_kind,base_id_hex,unknown_04,unknown_06,unknown_08,header_word_0c,part_count,parts_offset,parts_abs_hex,issues,first_32_hex_from_object
C:/Users/MadCat/Documents/GitHub/MechwarriorRecomp/research/extract/decoded_pck/MARPCK_TBL.decoded.bin,pck_object_0000,pck_block_0000,0,0x000150,0x000154,4,0x80,True,0,0x01DF,0,0,0,18,2,14,0x000162,,8000DF0100000000000002001200001B22000100C4000F1B22000100240124FA
C:/Users/MadCat/Documents/GitHub/MechwarriorRecomp/research/extract/decoded_pck/MARPCK_TBL.decoded.bin,pck_object_0001,pck_block_0001,1,0x0002C0,0x0002C4,4,0x80,True,0,0x01DF,0,0,0,18,2,14,0x0002D2,,8000DF0100000000000002001200001B22000100C4000F1B220001002501DC05
C:/Users/MadCat/Documents/GitHub/MechwarriorRecomp/research/extract/decoded_pck/MARPCK_TBL.decoded.bin,pck_object_0002,pck_block_0002,2,0x000430,0x000435,5,0x80,True,0,0x0278,0,0,0,19,3,14,0x000443,,800078020000000000000300130000342B000100630110342B000100B7012234
C:/Users/MadCat/Documents/GitHub/MechwarriorRecomp/research/extract/decoded_pck/MARPCK_TBL.decoded.bin,pck_object_0003,pck_block_0003,3,0x0006F0,0x0006FD,13,0x80,True,0,0x0278,0,0,0,27,3,14,0x00070B,,8000780200000000000003001B000034330001006B01103433000100BF012334
C:/Users/MadCat/Documents/GitHub/MechwarriorRecomp/research/extract/decoded_pck/MARPCK_TBL.decoded.bin,pck_object_0004,pck_block_0004,4,0x0009D0,0x0009D3,3,0x80,True,0,0x029C,0,0,0,17,6,14,0x0009E1,,80009C020000000000000600110000504100010021020E504100010073021D50
C:/Users/MadCat/Documents/GitHub/MechwarriorRecomp/research/extract/decoded_pck/MARPCK_TBL.decoded.bin,pck_object_0005,pck_block_0005,5,0x000E20,0x000E21,1,0x80,True,0,0x01E4,0,0,0,15,1,14,0x000E2F,,8000E40100000000000001000F000014170001008F000000D0070000F507C200
C:/Users/MadCat/Documents/GitHub/MechwarriorRecomp/research/extract/decoded_pck/MARPCK_TBL.decoded.bin,pck_object_0006,pck_block_0006,6,0x000F20,0x000F25,5,0x80,True,0,0x01B1,0,0,0,19,2,14,0x000F33,,8000B10100000000000002001300001B23000100C5000F1B2300010025013AFA
C:/Users/MadCat/Documents/GitHub/MechwarriorRecomp/research/extract/decoded_pck/MARPCK_TBL.decoded.bin,pck_object_0007,pck_block_0007,7,0x001090,0x001095,5,0x80,True,0,0x01C8,0,0,0,19,2,14,0x0010A3,,8000C80100000000000002001300001B23000100C5000F1B23000100250129FA
C:/Users/MadCat/Documents/GitHub/MechwarriorRecomp/research/extract/decoded_pck/MARPCK_TBL.decoded.bin,pck_object_0008,pck_block_0008,8,0x001200,0x001205,5,0x80,True,0,0x01DF,0,0,0,19,2,14,0x001213,,8000DF0100000000000002001300001B23000100C5000F1B23000100250124FA
C:/Users/MadCat/Documents/GitHub/MechwarriorRecomp/research/extract/decoded_pck/MARPCK_TBL.decoded.bin,pck_object_0009,pck_block_0009,9,0x001370,0x001375,5,0x80,True,0,0x01F8,0,0,0,19,2,14,0x001383,,8000F80100000000000002001300001B23000100C5000F1B23000100250129FA
C:/Users/MadCat/Documents/GitHub/MechwarriorRecomp/research/extract/decoded_pck/MARPCK_TBL.decoded.bin,pck_object_0010,pck_block_0010,10,0x0014E0,0x0014E5,5,0x80,True,0,0x020F,0,0,0,19,2,14,0x0014F3,,80000F0200000000000002001300001B23000100C5000F1B2300010025013AFA
C:/Users/MadCat/Documents/GitHub/MechwarriorRecomp/research/extract/decoded_pck/MARPCK_TBL.decoded.bin,pck_object_0011,pck_block_0011,11,0x001650,0x001655,5,0x80,True,0,0x01F8,0,0,0,19,2,14,0x001663,,8000F80100000000000002001300001B23000100C5000F1B23000100250129FA
C:/Users/MadCat/Documents/GitHub/MechwarriorRecomp/research/extract/decoded_pck/MARPCK_TBL.decoded.bin,pck_object_0012,pck_block_0012,12,0x0017C0,0x0017C5,5,0x80,True,0,0x01DF,0,0,0,19,2,14,0x0017D3,,8000DF0100000000000002001300001B23000100C5000F1B23000100250124FA
C:/Users/MadCat/Documents/GitHub/MechwarriorRecomp/research/extract/decoded_pck/MARPCK_TBL.decoded.bin,pck_object_0013,pck_block_0013,13,0x001930,0x001935,5,0x80,True,0,0x01C8,0,0,0,19,2,14,0x001943,,8000C80100000000000002001300001B23000100C5000F1B23000100250129FA
C:/Users/MadCat/Documents/GitHub/MechwarriorRecomp/research/extract/decoded_pck/MARPCK_TBL.decoded.bin,pck_object_0014,pck_block_0014,14,0x001AA0,0x001AA5,5,0x80,True,0,0x020F,0,0,0,19,2,14,0x001AB3,,80000F0200000000000002001300001B23000100C5000F1B230001002601C505
C:/Users/MadCat/Documents/GitHub/MechwarriorRecomp/research/extract/decoded_pck/MARPCK_TBL.decoded.bin,pck_object_0015,pck_block_0015,15,0x001C10,0x001C16,6,0x80,True,0,0x01F5,0,0,0,20,2,14,0x001C24,,8000F50100000000000002001400001B24000100C6000F1B240001002701D605
C:/Users/MadCat/Documents/GitHub/MechwarriorRecomp/research/extract/decoded_pck/MARPCK_TBL.decoded.bin,pck_object_0016,pck_block_0016,16,0x001D80,0x001D87,7,0x80,True,0,0x01DF,0,0,0,21,2,14,0x001D95,,8000DF0100000000000002001500001B25000100C7000F1B250001002801DC05
C:/Users/MadCat/Documents/GitHub/MechwarriorRecomp/research/extract/decoded_pck/MARPCK_TBL.decoded.bin,pck_object_0017,pck_block_0017,17,0x001EF0,0x001EF8,8,0x80,True,0,0x01C6,0,0,0,22,2,14,0x001F06,,8000C60100000000000002001600001B26000100C8000F1B260001002901D605
C:/Users/MadCat/Documents/GitHub/MechwarriorRecomp/research/extract/decoded_pck/MARPCK_TBL.decoded.bin,pck_object_0018,pck_block_0018,18,0x002060,0x002069,9,0x80,True,0,0x01AF,0,0,0,23,2,14,0x002077,,8000AF0100000000000002001700001B27000100C9000F1B270001002A01C505
C:/Users/MadCat/Documents/GitHub/MechwarriorRecomp/research/extract/decoded_pck/MARPCK_TBL.decoded.bin,pck_object_0019,pck_block_0019,19,0x0021D0,0x0021DA,10,0x80,True,0,0x01C6,0,0,0,24,2,14,0x0021E8,,8000C60100000000000002001800001B28000100CA000F1B280001002B01D605
C:/Users/MadCat/Documents/GitHub/MechwarriorRecomp/research/extract/decoded_pck/MARPCK_TBL.decoded.bin,pck_object_0020,pck_block_0020,20,0x002340,0x00234B,11,0x80,True,0,0x01DF,0,0,0,25,2,14,0x002359,,8000DF0100000000000002001900001B29000100CB000F1B290001002C01DC05
C:/Users/MadCat/Documents/GitHub/MechwarriorRecomp/research/extract/decoded_pck/MARPCK_TBL.decoded.bin,pck_object_0021,pck_block_0021,21,0x0024B0,0x0024BC,12,0x80,True,0,0x01F5,0,0,0,26,2,14,0x0024CA,,8000F50100000000000002001A00001B2A000100CC000F1B2A0001002D01D605
C:/Users/MadCat/Documents/GitHub/MechwarriorRecomp/research/extract/decoded_pck/MARPCK_TBL.decoded.bin,pck_object_0022,pck_block_0022,22,0x002620,0x00262D,13,0x80,True,0,0x02FC,0,0,0,27,3,14,0x00263B,,8000FC0200000000000003001B0000383300010083011838330001000F022C38
C:/Users/MadCat/Documents/GitHub/MechwarriorRecomp/research/extract/decoded_pck/MARPCK_TBL.decoded.bin,pck_object_0023,pck_block_0023,23,0x002900,0x00290D,13,0x80,True,0,0x02A5,0,0,0,27,3,14,0x00291B,,8000A50200000000000003001B0000383300010083011838330001000F022A38
C:/Users/MadCat/Documents/GitHub/MechwarriorRecomp/research/extract/decoded_pck/MARPCK_TBL.decoded.bin,pck_object_0024,pck_block_0024,24,0x002BE0,0x002BED,13,0x80,True,0,0x023B,0,0,0,27,3,14,0x002BFB,,80003B0200000000000003001B00003A330001008F01183A330001001B022A3A
C:/Users/MadCat/Documents/GitHub/MechwarriorRecomp/research/extract/decoded_pck/MARPCK_TBL.decoded.bin,pck_object_0025,pck_block_0025,25,0x002ED0,0x002ED9,9,0x80,True,0,0x020F,0,0,0,23,3,14,0x002EE7,,80000F020000000000000300170000382F0001007F0118382F0001000B022C38
C:/Users/MadCat/Documents/GitHub/MechwarriorRecomp/research/extract/decoded_pck/MARPCK_TBL.decoded.bin,pck_object_0026,pck_block_0026,26,0x0031B0,0x0031B9,9,0x80,True,0,0x01E5,0,0,0,23,3,14,0x0031C7,,8000E50100000000000003001700003B2F0001009101193B2F0001002B022B3B
C:/Users/MadCat/Documents/GitHub/MechwarriorRecomp/research/extract/decoded_pck/MARPCK_TBL.decoded.bin,pck_object_0027,pck_block_0027,27,0x0034B0,0x0034B9,9,0x80,True,0,0x023F,0,0,0,23,3,14,0x0034C7,,80003F0200000000000003001700003C2F0001009701183C2F00010023022C3C
C:/Users/MadCat/Documents/GitHub/MechwarriorRecomp/research/extract/decoded_pck/MARPCK_TBL.decoded.bin,pck_object_0028,pck_block_0028,28,0x0037B0,0x0037B1,1,0x80,True,0,0x026E,0,0,0,15,3,14,0x0037BF,,80006E0200000000000003000F00003827000100770118382700010003022C38
C:/Users/MadCat/Documents/GitHub/MechwarriorRecomp/research/extract/decoded_pck/MARPCK_TBL.decoded.bin,pck_object_0029,pck_block_0029,29,0x003A90,0x003A91,1,0x80,True,0,0x02D7,0,0,0,15,3,14,0x003A9F,,8000D70200000000000003000F00003A270001008301183A270001000F022C3A
C:/Users/MadCat/Documents/GitHub/MechwarriorRecomp/research/extract/decoded_pck/MARPCK_TBL.decoded.bin,pck_object_0030,pck_block_0030,30,0x003D70,0x003D7D,13,0x80,True,0,0x01E5,0,0,0,27,3,14,0x003D8B,,8000E50100000000000003001B00003A330001008F01103A33000100E301283A
C:/Users/MadCat/Documents/GitHub/MechwarriorRecomp/research/extract/decoded_pck/MARPCK_TBL.decoded.bin,pck_object_0031,pck_block_0031,31,0x004060,0x004069,9,0x80,True,0,0x023F,0,0,0,23,3,14,0x004077,,80003F0200000000000003001700003C2F0001009701103C2F000100EB01283C
C:/Users/MadCat/Documents/GitHub/MechwarriorRecomp/research/extract/decoded_pck/MARPCK_TBL.decoded.bin,pck_object_0032,pck_block_0032,32,0x004360,0x004361,1,0x80,True,0,0x026E,0,0,0,15,3,14,0x00436F,,80006E0200000000000003000F000038270001007701103827000100CB012438
C:/Users/MadCat/Documents/GitHub/MechwarriorRecomp/research/extract/decoded_pck/MARPCK_TBL.decoded.bin,pck_object_0033,pck_block_0033,33,0x004640,0x004641,1,0x80,True,0,0x02D7,0,0,0,15,3,14,0x00464F,,8000D70200000000000003000F00003A270001008301103A27000100D701263A
C:/Users/MadCat/Documents/GitHub/MechwarriorRecomp/research/extract/decoded_pck/MARPCK_TBL.decoded.bin,pck_object_0034,pck_block_0034,34,0x004920,0x00492D,13,0x80,True,0,0x02FC,0,0,0,27,3,14,0x00493B,,8000FC0200000000000003001B000039330001008901103933000100DD012539
C:/Users/MadCat/Documents/GitHub/MechwarriorRecomp/research/extract/decoded_pck/MARPCK_TBL.decoded.bin,pck_object_0035,pck_block_0035,35,0x004C20,0x004C21,1,0x80,True,0,0x02A5,0,0,0,15,3,14,0x004C2F,,8000A50200000000000003000F000038270001007701103827000100CB012638
C:/Users/MadCat/Documents/GitHub/MechwarriorRecomp/research/extract/decoded_pck/MARPCK_TBL.decoded.bin,pck_object_0036,pck_block_0036,36,0x004F00,0x004F01,1,0x80,True,0,0x023B,0,0,0,15,3,14,0x004F0F,,80003B0200000000000003000F00003A270001008301103A27000100D701283A
C:/Users/MadCat/Documents/GitHub/MechwarriorRecomp/research/extract/decoded_pck/MARPCK_TBL.decoded.bin,pck_object_0037,pck_block_0037,37,0x0051E0,0x0051ED,13,0x80,True,0,0x020F,0,0,0,27,3,14,0x0051FB,,80000F0200000000000003001B000038330001008301103833000100D7012438
C:/Users/MadCat/Documents/GitHub/MechwarriorRecomp/research/extract/decoded_pck/MARPCK_TBL.decoded.bin,pck_object_0038,pck_block_0038,38,0x0054C0,0x0054CD,13,0x80,True,0,0x029B,0,0,0,27,6,14,0x0054DB,,80009B0200000000000006001B0000574B00010055020E574B000100A7021D57
C:/Users/MadCat/Documents/GitHub/MechwarriorRecomp/research/extract/decoded_pck/MARPCK_TBL.decoded.bin,pck_object_0039,pck_block_0039,39,0x005940,0x005945,5,0x80,True,0,0x029B,0,0,0,19,6,14,0x005953,,80009B020000000000000600130000554300010041020E554300010093021D55
C:/Users/MadCat/Documents/GitHub/MechwarriorRecomp/research/extract/decoded_pck/MARPCK_TBL.decoded.bin,pck_object_0040,pck_block_0040,40,0x005DB0,0x005DB1,1,0x80,True,0,0x029C,0,0,0,15,6,14,0x005DBF,,80009C0200000000000006000F0000503F0001001F020E503F00010071021D50
C:/Users/MadCat/Documents/GitHub/MechwarriorRecomp/research/extract/decoded_pck/MARPCK_TBL.decoded.bin,pck_object_0041,pck_block_0041,41,0x0061F0,0x0061FF,15,0x80,True,0,0x029B,0,0,0,29,6,14,0x00620D,,80009B0200000000000006001D0000574D00010057020E574D000100A9021D57
C:/Users/MadCat/Documents/GitHub/MechwarriorRecomp/research/extract/decoded_pck/MARPCK_TBL.decoded.bin,pck_object_0042,pck_block_0042,42,0x006670,0x006677,7,0x80,True,0,0x029B,0,0,0,21,6,14,0x006685,,80009B02000000000000060015000057450001004F020E5745000100A1021D57
C:/Users/MadCat/Documents/GitHub/MechwarriorRecomp/research/extract/decoded_pck/MARPCK_TBL.decoded.bin,pck_object_0043,pck_block_0043,43,0x006AE0,0x006AEF,15,0x80,True,0,0x029B,0,0,0,29,6,14,0x006AFD,,80009B0200000000000006001D0000574D00010057020E574D000100A9021D57
C:/Users/MadCat/Documents/GitHub/MechwarriorRecomp/research/extract/decoded_pck/MARPCK_TBL.decoded.bin,pck_object_0044,pck_block_0044,44,0x006F60,0x006F67,7,0x80,True,0,0x029C,0,0,0,21,6,14,0x006F75,,80009C020000000000000600150000504500010025020E504500010077021D50
C:/Users/MadCat/Documents/GitHub/MechwarriorRecomp/research/extract/decoded_pck/MARPCK_TBL.decoded.bin,pck_object_0045,pck_block_0045,45,0x0073B0,0x0073B5,5,0x80,True,0,0x029B,0,0,0,19,6,14,0x0073C3,,80009B020000000000000600130000554300010041020E554300010093021D55
C:/Users/MadCat/Documents/GitHub/MechwarriorRecomp/research/extract/decoded_pck/MARPCK_TBL.decoded.bin,pck_object_0046,pck_block_0046,46,0x007820,0x007821,1,0x80,True,0,0x01E3,0,0,0,15,1,14,0x00782F,,8000E30100000000000001000F000014170001008F00A7FEB1070000B4072202
C:/Users/MadCat/Documents/GitHub/MechwarriorRecomp/research/extract/decoded_pck/MARPCK_TBL.decoded.bin,pck_object_0047,pck_block_0047,47,0x007920,0x007925,5,0x80,True,0,0x01E3,0,0,0,19,1,14,0x007933,,8000E3010000000000000100130000141B000100930054FFC8070000DC076F01
C:/Users/MadCat/Documents/GitHub/MechwarriorRecomp/research/extract/decoded_pck/MARPCK_TBL.decoded.bin,pck_object_0048,pck_block_0048,48,0x007A20,0x007A29,9,0x80,True,0,0x01E4,0,0,0,23,1,14,0x007A37,,8000E4010000000000000100170000141F00010097000000D0070000F507C200
C:/Users/MadCat/Documents/GitHub/MechwarriorRecomp/research/extract/decoded_pck/MARPCK_TBL.decoded.bin,pck_object_0049,pck_block_0049,49,0x007B20,0x007B2D,13,0x80,True,0,0x01E3,0,0,0,27,1,14,0x007B3B,,8000E30100000000000001001B000014230001009B00AE00C8070000FF070000
C:/Users/MadCat/Documents/GitHub/MechwarriorRecomp/research/extract/decoded_pck/MARPCK_TBL.decoded.bin,pck_object_0050,pck_block_0050,50,0x007C30,0x007C31,1,0x80,True,0,0x01E3,0,0,0,15,1,14,0x007C3F,,8000E30100000000000001000F000014170001008F005C01B1070000F70765FF
C:/Users/MadCat/Documents/GitHub/MechwarriorRecomp/research/extract/decoded_pck/MARPCK_TBL.decoded.bin,pck_object_0051,pck_block_0051,51,0x007D30,0x007D35,5,0x80,True,0,0x01E3,0,0,0,19,1,14,0x007D43,,8000E3010000000000000100130000141B0001009300AE00C8070000FF070000
C:/Users/MadCat/Documents/GitHub/MechwarriorRecomp/research/extract/decoded_pck/MARPCK_TBL.decoded.bin,pck_object_0052,pck_block_0052,52,0x007E30,0x007E39,9,0x80,True,0,0x01E4,0,0,0,23,1,14,0x007E47,,8000E4010000000000000100170000141F00010097000000D0070000F507C200
C:/Users/MadCat/Documents/GitHub/MechwarriorRecomp/research/extract/decoded_pck/MARPCK_TBL.decoded.bin,pck_object_0053,pck_block_0053,53,0x007F30,0x007F3D,13,0x80,True,0,0x01E3,0,0,0,27,1,14,0x007F4B,,8000E30100000000000001001B000014230001009B0054FFC8070000DC076F01
C:/Users/MadCat/Documents/GitHub/MechwarriorRecomp/research/extract/decoded_pck/MARPCK_TBL.decoded.bin,pck_object_0054,pck_block_0054,54,0x008040,0x008041,1,0x80,True,0,0x0185,0,0,0,15,2,14,0x00804F,,8000850100000000000002000F00001B1F000100C1000F1B1F000100210124FA
C:/Users/MadCat/Documents/GitHub/MechwarriorRecomp/research/extract/decoded_pck/MARPCK_TBL.decoded.bin,pck_object_0055,pck_block_0055,55,0x0081B0,0x0081B1,1,0x80,True,0,0x01A1,0,0,0,15,2,14,0x0081BF,,8000A10100000000000002000F00001B1F000100C1000F1B1F0001002201DC05
C:/Users/MadCat/Documents/GitHub/MechwarriorRecomp/research/extract/decoded_pck/MARPCK_TBL.decoded.bin,pck_object_0056,pck_block_0056,56,0x008320,0x008322,2,0x80,True,0,0x01BE,0,0,0,16,2,14,0x008330,,8000BE0100000000000002001000001B20000100C2000F1B20000100220124FA
C:/Users/MadCat/Documents/GitHub/MechwarriorRecomp/research/extract/decoded_pck/MARPCK_TBL.decoded.bin,pck_object_0057,pck_block_0057,57,0x008490,0x008492,2,0x80,True,0,0x0234,0,0,0,16,2,14,0x0084A0,,8000340200000000000002001000001B20000100C2000F1B20000100220124FA
C:/Users/MadCat/Documents/GitHub/MechwarriorRecomp/research/extract/decoded_pck/MARPCK_TBL.decoded.bin,pck_object_0058,pck_block_0058,58,0x008600,0x008602,2,0x80,True,0,0x027C,0,0,0,16,2,14,0x008610,,80007C0200000000000002001000001B20000100C2000F1B200001002301DC05
C:/Users/MadCat/Documents/GitHub/MechwarriorRecomp/research/extract/decoded_pck/MARPCK_TBL.decoded.bin,pck_object_0059,pck_block_0059,59,0x008770,0x008773,3,0x80,True,0,0x0184,0,0,0,17,2,14,0x008781,,8000840100000000000002001100001B21000100C3000F1B210001002401DC05
C:/Users/MadCat/Documents/GitHub/MechwarriorRecomp/research/extract/decoded_pck/MARPCK_TBL.decoded.bin,pck_object_0060,pck_block_0060,60,0x0088E0,0x0088E4,4,0x80,True,0,0x0111,0,0,0,18,2,14,0x0088F2,,8000110100000000000002001200001F22000100DC00101F2200010030010000
C:/Users/MadCat/Documents/GitHub/MechwarriorRecomp/research/extract/decoded_pck/MARPCK_TBL.decoded.bin,pck_object_0061,pck_block_0061,61,0x008A70,0x008A70,0,0x80,True,0,0x01BD,0,0,0,14,2,14,0x008A7E,,8000BD0100000000000002000E00001B1E000100C0000F1B1E0001002101DC05
C:/Users/MadCat/Documents/GitHub/MechwarriorRecomp/research/extract/decoded_pck/MARPCK_TBL.decoded.bin,pck_object_0062,pck_block_0062,62,0x008BE0,0x008BE1,1,0x80,True,0,0x0233,0,0,0,15,2,14,0x008BEF,,8000330200000000000002000F00001B1F000100C1000F1B1F0001002201DC05
C:/Users/MadCat/Documents/GitHub/MechwarriorRecomp/research/extract/decoded_pck/MARPCK_TBL.decoded.bin,pck_object_0063,pck_block_0063,63,0x008D50,0x008D52,2,0x80,True,0,0x01E0,0,0,0,16,2,14,0x008D60,,8000E00100000000000002001000001E20000100D400101E2000010028010000
C:/Users/MadCat/Documents/GitHub/MechwarriorRecomp/research/extract/decoded_pck/MARPCK_TBL.decoded.bin,pck_object_0064,pck_block_0064,64,0x008ED0,0x008ED8,8,0x80,True,0,0x0278,0,0,0,22,3,14,0x008EE6,,8000780200000000000003001600003C2E0001009601103C2E000100EA01263C
C:/Users/MadCat/Documents/GitHub/MechwarriorRecomp/research/extract/decoded_pck/MARPCK_TBL.decoded.bin,pck_object_0065,pck_block_0065,65,0x0091D0,0x0091D0,0,0x80,True,0,0x024C,0,0,0,14,3,14,0x0091DE,,80004C0200000000000003000E000035260001006401103526000100B8011F35
C:/Users/MadCat/Documents/GitHub/MechwarriorRecomp/research/extract/decoded_pck/MARPCK_TBL.decoded.bin,pck_object_0066,pck_block_0066,66,0x009460,0x009466,6,0x80,True,0,0x023E,0,0,0,20,3,14,0x009474,,80003E0200000000000003001400003C2C0001009401103C2C000100E801263C
C:/Users/MadCat/Documents/GitHub/MechwarriorRecomp/research/extract/decoded_pck/MARPCK_TBL.decoded.bin,pck_object_0067,pck_block_0067,67,0x009750,0x00975E,14,0x80,True,0,0x0286,0,0,0,28,3,14,0x00976C,,8000860200000000000003001C00003A340001009001103A34000100E401263A
C:/Users/MadCat/Documents/GitHub/MechwarriorRecomp/research/extract/decoded_pck/MARPCK_TBL.decoded.bin,pck_object_0068,pck_block_0068,68,0x009A40,0x009A4A,10,0x80,True,0,0x024F,0,0,0,24,3,14,0x009A58,,80004F02000000000000030018000036300001007401103630000100C8012036
C:/Users/MadCat/Documents/GitHub/MechwarriorRecomp/research/extract/decoded_pck/MARPCK_TBL.decoded.bin,pck_object_0069,pck_block_0069,69,0x009CE0,0x009CE6,6,0x80,True,0,0x0278,0,0,0,20,3,14,0x009CF4,,8000780200000000000003001400003B2C0001008E01103B2C000100E201263B
C:/Users/MadCat/Documents/GitHub/MechwarriorRecomp/research/extract/decoded_pck/MARPCK_TBL.decoded.bin,pck_object_0070,pck_block_0070,70,0x009FE0,0x009FE6,6,0x80,True,0,0x0217,0,0,0,20,3,14,0x009FF4,,8000170200000000000003001400003B2C0001008E010F3B2C000100EE01253B
C:/Users/MadCat/Documents/GitHub/MechwarriorRecomp/research/extract/decoded_pck/MARPCK_TBL.decoded.bin,pck_object_0071,pck_block_0071,71,0x00A2F0,0x00A2F4,4,0x80,True,0,0x0239,0,0,0,18,3,14,0x00A302,,8000390200000000000003001200003C2A0001009201103C2A000100E601263C
C:/Users/MadCat/Documents/GitHub/MechwarriorRecomp/research/extract/decoded_pck/MARPCK_TBL.decoded.bin,pck_object_0072,pck_block_0072,72,0x00A5F0,0x00A5FA,10,0x80,True,0,0x0281,0,0,0,24,3,14,0x00A608,,8000810200000000000003001800003A300001008C01103A30000100E001263A
C:/Users/MadCat/Documents/GitHub/MechwarriorRecomp/research/extract/decoded_pck/MARPCK_TBL.decoded.bin,pck_object_0073,pck_block_0073,73,0x00A8F0,0x00A8F4,4,0x80,True,0,0x02A9,0,0,0,18,3,14,0x00A902,,8000A90200000000000003001200003B2A0001008C010F3B2A000100EC01253B
C:/Users/MadCat/Documents/GitHub/MechwarriorRecomp/research/extract/decoded_pck/MARPCK_TBL.decoded.bin,pck_object_0074,pck_block_0074,74,0x00AC00,0x00AC02,2,0x80,True,0,0x01F9,0,0,0,16,6,14,0x00AC10,,8000F9010000000000000600100000544000010038020E54400001008A021D54
C:/Users/MadCat/Documents/GitHub/MechwarriorRecomp/research/extract/decoded_pck/MARPCK_TBL.decoded.bin,pck_object_0075,pck_block_0075,75,0x00B060,0x00B068,8,0x80,True,0,0x01A7,0,0,0,22,6,14,0x00B076,,8000A70100000000000006001600004846000100F60101484600010002020F48
C:/Users/MadCat/Documents/GitHub/MechwarriorRecomp/research/extract/decoded_pck/MARPCK_TBL.decoded.bin,pck_object_0076,pck_block_0076,76,0x00B450,0x00B454,4,0x80,True,0,0x01AF,0,0,0,18,6,14,0x00B462,,8000AF01000000000000060012000054420001003A020E54420001008C021D54
C:/Users/MadCat/Documents/GitHub/MechwarriorRecomp/research/extract/decoded_pck/MARPCK_TBL.decoded.bin,pck_object_0077,pck_block_0077,77,0x00B8B0,0x00B8BA,10,0x80,True,0,0x0199,0,0,0,24,6,14,0x00B8C8,,80009901000000000000060018000053480001003A020E53480001008C021D53
C:/Users/MadCat/Documents/GitHub/MechwarriorRecomp/research/extract/decoded_pck/MARPCK_TBL.decoded.bin,pck_object_0078,pck_block_0078,78,0x00BD10,0x00BD1A,10,0x80,True,0,0x01C6,0,0,0,24,6,14,0x00BD28,,8000C60100000000000006001800004348000100DA01014348000100E6010F43
C:/Users/MadCat/Documents/GitHub/MechwarriorRecomp/research/extract/decoded_pck/MARPCK_TBL.decoded.bin,pck_object_0079,pck_block_0079,79,0x00C0E0,0x00C0E8,8,0x80,True,0,0x0147,0,0,0,22,1,14,0x00C0F6,,800047010000000000000100160000141E00010096000100C807AB00F507C900
C:/Users/MadCat/Documents/GitHub/MechwarriorRecomp/research/extract/decoded_pck/MARPCK_TBL.decoded.bin,pck_object_0080,pck_block_0080,80,0x00C1E0,0x00C1EC,12,0x80,True,0,0x01A2,0,0,0,26,1,14,0x00C1FA,,8000A20100000000000001001A00000C220001006A0048F40000FAFF00080000
C:/Users/MadCat/Documents/GitHub/MechwarriorRecomp/research/extract/decoded_pck/MARPCK_TBL.decoded.bin,pck_object_0081,pck_block_0081,81,0x00C290,0x00C29A,10,0x80,True,0,0x011A,0,0,0,24,1,14,0x00C2A8,,80001A010000000000000100180000142000010098000100C807AB00F507C900
C:/Users/MadCat/Documents/GitHub/MechwarriorRecomp/research/extract/decoded_pck/MARPCK_TBL.decoded.bin,pck_object_0082,pck_block_0082,82,0x00C390,0x00C39E,14,0x80,True,0,0x0179,0,0,0,28,1,14,0x00C3AC,,8000790100000000000001001C000014240001009C000100C80751FFF507BB00
C:/Users/MadCat/Documents/GitHub/MechwarriorRecomp/research/extract/decoded_pck/MARPCK_TBL.decoded.bin,pck_object_0083,pck_block_0083,83,0x00C4A0,0x00C4A2,2,0x80,True,0,0x027C,0,0,0,16,1,14,0x00C4B0,,80007C0200000000000001001000000C18000100600048F40000FDFF00080000
