source_file,id,object_id,part_id,part_index,choice_index,entry_abs_hex,frame_count,frames_offset,frames_abs_hex,issues
C:/Users/MadCat/Documents/GitHub/MechwarriorRecomp/research/extract/decoded_pck/RIFPCK_TBL.decoded.bin,pck_object_0000_part_000_choice_000,pck_object_0000,pck_object_0000_part_000,0,0,0x0001FE,0,12,0x000160,
C:/Users/MadCat/Documents/GitHub/MechwarriorRecomp/research/extract/decoded_pck/RIFPCK_TBL.decoded.bin,pck_object_0001_part_000_choice_000,pck_object_0001,pck_object_0001_part_000,0,0,0x000362,0,256,0x0003AE,
C:/Users/MadCat/Documents/GitHub/MechwarriorRecomp/research/extract/decoded_pck/RIFPCK_TBL.decoded.bin,pck_object_0002_part_000_choice_000,pck_object_0002,pck_object_0002_part_000,0,0,0x000502,262,3855,0x001317,large_frame_count
C:/Users/MadCat/Documents/GitHub/MechwarriorRecomp/research/extract/decoded_pck/RIFPCK_TBL.decoded.bin,pck_object_0002_part_001_choice_000,pck_object_0002,pck_object_0002_part_001,1,0,0x000564,360,29804,0x007874,large_frame_count
C:/Users/MadCat/Documents/GitHub/MechwarriorRecomp/research/extract/decoded_pck/RIFPCK_TBL.decoded.bin,pck_object_0002_part_002_choice_000,pck_object_0002,pck_object_0002_part_002,2,0,0x0005A8,428,30566,0x007B6E,large_frame_count
C:/Users/MadCat/Documents/GitHub/MechwarriorRecomp/research/extract/decoded_pck/RIFPCK_TBL.decoded.bin,pck_object_0003_part_000_choice_000,pck_object_0003,pck_object_0003_part_000,0,0,0x0006E6,248,0,0x0005F2,
C:/Users/MadCat/Documents/GitHub/MechwarriorRecomp/research/extract/decoded_pck/RIFPCK_TBL.decoded.bin,pck_object_0003_part_001_choice_000,pck_object_0003,pck_object_0003_part_001,1,0,0x000748,346,0,0x0005F2,large_frame_count
C:/Users/MadCat/Documents/GitHub/MechwarriorRecomp/research/extract/decoded_pck/RIFPCK_TBL.decoded.bin,pck_object_0003_part_002_choice_000,pck_object_0003,pck_object_0003_part_002,2,0,0x00078C,414,0,0x0005F2,large_frame_count
C:/Users/MadCat/Documents/GitHub/MechwarriorRecomp/research/extract/decoded_pck/RIFPCK_TBL.decoded.bin,pck_object_0004_part_000_choice_000,pck_object_0004,pck_object_0004_part_000,0,0,0x0009EC,385,257,0x0008DD,large_frame_count
C:/Users/MadCat/Documents/GitHub/MechwarriorRecomp/research/extract/decoded_pck/RIFPCK_TBL.decoded.bin,pck_object_0004_part_001_choice_000,pck_object_0004,pck_object_0004_part_001,1,0,0x000A30,1921,1799,0x000EE3,large_frame_count
C:/Users/MadCat/Documents/GitHub/MechwarriorRecomp/research/extract/decoded_pck/RIFPCK_TBL.decoded.bin,pck_object_0004_part_002_choice_000,pck_object_0004,pck_object_0004_part_002,2,0,0x000A58,129,0,0x0007DC,
C:/Users/MadCat/Documents/GitHub/MechwarriorRecomp/research/extract/decoded_pck/RIFPCK_TBL.decoded.bin,pck_object_0004_part_003_choice_000,pck_object_0004,pck_object_0004_part_003,3,0,0x000A9A,129,0,0x0007DC,
C:/Users/MadCat/Documents/GitHub/MechwarriorRecomp/research/extract/decoded_pck/RIFPCK_TBL.decoded.bin,pck_object_0004_part_004_choice_000,pck_object_0004,pck_object_0004_part_004,4,0,0x000AED,129,0,0x0007DC,
C:/Users/MadCat/Documents/GitHub/MechwarriorRecomp/research/extract/decoded_pck/RIFPCK_TBL.decoded.bin,pck_object_0004_part_005_choice_000,pck_object_0004,pck_object_0004_part_005,5,0,0x000B3F,129,0,0x0007DC,
C:/Users/MadCat/Documents/GitHub/MechwarriorRecomp/research/extract/decoded_pck/RIFPCK_TBL.decoded.bin,pck_object_0004_part_006_choice_000,pck_object_0004,pck_object_0004_part_006,6,0,0x000B81,129,0,0x0007DC,
C:/Users/MadCat/Documents/GitHub/MechwarriorRecomp/research/extract/decoded_pck/RIFPCK_TBL.decoded.bin,pck_object_0004_part_007_choice_000,pck_object_0004,pck_object_0004_part_007,7,0,0x000BD3,128,0,0x0007DC,
C:/Users/MadCat/Documents/GitHub/MechwarriorRecomp/research/extract/decoded_pck/RIFPCK_TBL.decoded.bin,pck_object_0005_part_000_choice_000,pck_object_0005,pck_object_0005_part_000,0,0,0x000C68,3855,44289,0x00B8F0,large_frame_count;frames_range_out_of_decoded_stream
C:/Users/MadCat/Documents/GitHub/MechwarriorRecomp/research/extract/decoded_pck/RIFPCK_TBL.decoded.bin,pck_object_0006_part_000_choice_000,pck_object_0006,pck_object_0006_part_000,0,0,0x000D74,33279,0,0x000CAB,large_frame_count;frames_range_out_of_decoded_stream
C:/Users/MadCat/Documents/GitHub/MechwarriorRecomp/research/extract/decoded_pck/RIFPCK_TBL.decoded.bin,pck_object_0007_part_000_choice_000,pck_object_0007,pck_object_0007_part_000,0,0,0x000EDC,0,12545,0x003F10,
C:/Users/MadCat/Documents/GitHub/MechwarriorRecomp/research/extract/decoded_pck/RIFPCK_TBL.decoded.bin,pck_object_0008_part_000_choice_000,pck_object_0008,pck_object_0008_part_000,0,0,0x001034,0,2816,0x001A73,
C:/Users/MadCat/Documents/GitHub/MechwarriorRecomp/research/extract/decoded_pck/RIFPCK_TBL.decoded.bin,pck_object_0009_part_000_choice_000,pck_object_0009,pck_object_0009_part_000,0,0,0x001196,51968,0,0x0010D7,large_frame_count;frames_range_out_of_decoded_stream
C:/Users/MadCat/Documents/GitHub/MechwarriorRecomp/research/extract/decoded_pck/RIFPCK_TBL.decoded.bin,pck_object_0010_part_000_choice_000,pck_object_0010,pck_object_0010_part_000,0,0,0x0012F8,2816,52992,0x00E135,large_frame_count;frames_range_out_of_decoded_stream
C:/Users/MadCat/Documents/GitHub/MechwarriorRecomp/research/extract/decoded_pck/RIFPCK_TBL.decoded.bin,pck_object_0011_part_000_choice_000,pck_object_0011,pck_object_0011_part_000,0,0,0x001460,0,33025,0x00949A,
C:/Users/MadCat/Documents/GitHub/MechwarriorRecomp/research/extract/decoded_pck/RIFPCK_TBL.decoded.bin,pck_object_0012_part_000_choice_000,pck_object_0012,pck_object_0012_part_000,0,0,0x0015C8,0,0,0x0014FD,
C:/Users/MadCat/Documents/GitHub/MechwarriorRecomp/research/extract/decoded_pck/RIFPCK_TBL.decoded.bin,pck_object_0013_part_000_choice_000,pck_object_0013,pck_object_0013_part_000,0,0,0x001720,49920,0,0x001661,large_frame_count;frames_range_out_of_decoded_stream
C:/Users/MadCat/Documents/GitHub/MechwarriorRecomp/research/extract/decoded_pck/RIFPCK_TBL.decoded.bin,pck_object_0014_part_000_choice_000,pck_object_0014,pck_object_0014_part_000,0,0,0x001888,2816,52992,0x00E6C5,large_frame_count;frames_range_out_of_decoded_stream
C:/Users/MadCat/Documents/GitHub/MechwarriorRecomp/research/extract/decoded_pck/RIFPCK_TBL.decoded.bin,pck_object_0015_part_000_choice_000,pck_object_0015,pck_object_0015_part_000,0,0,0x0019F6,0,33025,0x009A2A,
C:/Users/MadCat/Documents/GitHub/MechwarriorRecomp/research/extract/decoded_pck/RIFPCK_TBL.decoded.bin,pck_object_0016_part_000_choice_000,pck_object_0016,pck_object_0016_part_000,0,0,0x001B66,51456,0,0x001AA1,large_frame_count;frames_range_out_of_decoded_stream
C:/Users/MadCat/Documents/GitHub/MechwarriorRecomp/research/extract/decoded_pck/RIFPCK_TBL.decoded.bin,pck_object_0017_part_000_choice_000,pck_object_0017,pck_object_0017_part_000,0,0,0x001CE6,0,33025,0x009D1A,
C:/Users/MadCat/Documents/GitHub/MechwarriorRecomp/research/extract/decoded_pck/RIFPCK_TBL.decoded.bin,pck_object_0018_part_000_choice_000,pck_object_0018,pck_object_0018_part_000,0,0,0x001E56,51456,0,0x001D91,large_frame_count;frames_range_out_of_decoded_stream
C:/Users/MadCat/Documents/GitHub/MechwarriorRecomp/research/extract/decoded_pck/RIFPCK_TBL.decoded.bin,pck_object_0019_part_000_choice_000,pck_object_0019,pck_object_0019_part_000,0,0,0x001FD6,0,33025,0x00A00A,
C:/Users/MadCat/Documents/GitHub/MechwarriorRecomp/research/extract/decoded_pck/RIFPCK_TBL.decoded.bin,pck_object_0020_part_000_choice_000,pck_object_0020,pck_object_0020_part_000,0,0,0x002146,51456,0,0x002081,large_frame_count;frames_range_out_of_decoded_stream
C:/Users/MadCat/Documents/GitHub/MechwarriorRecomp/research/extract/decoded_pck/RIFPCK_TBL.decoded.bin,pck_object_0021_part_000_choice_000,pck_object_0021,pck_object_0021_part_000,0,0,0x0022C0,0,33024,0x00A2F9,
C:/Users/MadCat/Documents/GitHub/MechwarriorRecomp/research/extract/decoded_pck/RIFPCK_TBL.decoded.bin,pck_object_0022_part_000_choice_000,pck_object_0022,pck_object_0022_part_000,0,0,0x00245C,1799,1799,0x002A64,large_frame_count
C:/Users/MadCat/Documents/GitHub/MechwarriorRecomp/research/extract/decoded_pck/RIFPCK_TBL.decoded.bin,pck_object_0022_part_001_choice_000,pck_object_0022,pck_object_0022_part_001,1,0,0x0024BE,2056,2056,0x002B65,large_frame_count
C:/Users/MadCat/Documents/GitHub/MechwarriorRecomp/research/extract/decoded_pck/RIFPCK_TBL.decoded.bin,pck_object_0022_part_002_choice_000,pck_object_0022,pck_object_0022_part_002,2,0,0x002502,0,0,0x00235D,
C:/Users/MadCat/Documents/GitHub/MechwarriorRecomp/research/extract/decoded_pck/RIFPCK_TBL.decoded.bin,pck_object_0023_part_000_choice_000,pck_object_0023,pck_object_0023_part_000,0,0,0x002640,1280,1,0x002548,large_frame_count
C:/Users/MadCat/Documents/GitHub/MechwarriorRecomp/research/extract/decoded_pck/RIFPCK_TBL.decoded.bin,pck_object_0023_part_001_choice_000,pck_object_0023,pck_object_0023_part_001,1,0,0x0026A2,26368,1025,0x002948,large_frame_count;frames_range_out_of_decoded_stream
C:/Users/MadCat/Documents/GitHub/MechwarriorRecomp/research/extract/decoded_pck/RIFPCK_TBL.decoded.bin,pck_object_0023_part_002_choice_000,pck_object_0023,pck_object_0023_part_002,2,0,0x0026E6,43776,39937,0x00C148,large_frame_count;frames_range_out_of_decoded_stream
C:/Users/MadCat/Documents/GitHub/MechwarriorRecomp/research/extract/decoded_pck/RIFPCK_TBL.decoded.bin,pck_object_0024_part_000_choice_000,pck_object_0024,pck_object_0024_part_000,0,0,0x00283C,3840,1,0x002732,large_frame_count
C:/Users/MadCat/Documents/GitHub/MechwarriorRecomp/research/extract/decoded_pck/RIFPCK_TBL.decoded.bin,pck_object_0024_part_001_choice_000,pck_object_0024,pck_object_0024_part_001,1,0,0x00289E,28928,1,0x002732,large_frame_count;frames_range_out_of_decoded_stream
C:/Users/MadCat/Documents/GitHub/MechwarriorRecomp/research/extract/decoded_pck/RIFPCK_TBL.decoded.bin,pck_object_0024_part_002_choice_000,pck_object_0024,pck_object_0024_part_002,2,0,0x0028E2,46336,1,0x002732,large_frame_count;frames_range_out_of_decoded_stream
C:/Users/MadCat/Documents/GitHub/MechwarriorRecomp/research/extract/decoded_pck/RIFPCK_TBL.decoded.bin,pck_object_0025_part_000_choice_000,pck_object_0025,pck_object_0025_part_000,0,0,0x002A64,1,1536,0x002F33,
C:/Users/MadCat/Documents/GitHub/MechwarriorRecomp/research/extract/decoded_pck/RIFPCK_TBL.decoded.bin,pck_object_0025_part_001_choice_000,pck_object_0025,pck_object_0025_part_001,1,0,0x002AC6,1,1024,0x002D33,
C:/Users/MadCat/Documents/GitHub/MechwarriorRecomp/research/extract/decoded_pck/RIFPCK_TBL.decoded.bin,pck_object_0025_part_002_choice_000,pck_object_0025,pck_object_0025_part_002,2,0,0x002B0A,1,1280,0x002E33,
C:/Users/MadCat/Documents/GitHub/MechwarriorRecomp/research/extract/decoded_pck/RIFPCK_TBL.decoded.bin,pck_object_0026_part_000_choice_000,pck_object_0026,pck_object_0026_part_000,0,0,0x002C90,2049,33032,0x00AC61,large_frame_count;frames_range_out_of_decoded_stream
C:/Users/MadCat/Documents/GitHub/MechwarriorRecomp/research/extract/decoded_pck/RIFPCK_TBL.decoded.bin,pck_object_0026_part_001_choice_000,pck_object_0026,pck_object_0026_part_001,1,0,0x002CF2,5121,33045,0x00AC6E,large_frame_count;frames_range_out_of_decoded_stream
C:/Users/MadCat/Documents/GitHub/MechwarriorRecomp/research/extract/decoded_pck/RIFPCK_TBL.decoded.bin,pck_object_0026_part_002_choice_000,pck_object_0026,pck_object_0026_part_002,2,0,0x002D36,1,33024,0x00AC59,frames_range_out_of_decoded_stream
C:/Users/MadCat/Documents/GitHub/MechwarriorRecomp/research/extract/decoded_pck/RIFPCK_TBL.decoded.bin,pck_object_0027_part_000_choice_000,pck_object_0027,pck_object_0027_part_000,0,0,0x002E98,1799,21761,0x008280,large_frame_count;frames_range_out_of_decoded_stream
C:/Users/MadCat/Documents/GitHub/MechwarriorRecomp/research/extract/decoded_pck/RIFPCK_TBL.decoded.bin,pck_object_0027_part_001_choice_000,pck_object_0027,pck_object_0027_part_001,1,0,0x002EFA,2056,42770,0x00D491,large_frame_count;frames_range_out_of_decoded_stream
C:/Users/MadCat/Documents/GitHub/MechwarriorRecomp/research/extract/decoded_pck/RIFPCK_TBL.decoded.bin,pck_object_0027_part_002_choice_000,pck_object_0027,pck_object_0027_part_002,2,0,0x002F3E,0,62237,0x01209C,frames_range_out_of_decoded_stream
C:/Users/MadCat/Documents/GitHub/MechwarriorRecomp/research/extract/decoded_pck/RIFPCK_TBL.decoded.bin,pck_object_0028_part_000_choice_000,pck_object_0028,pck_object_0028_part_000,0,0,0x00308C,3840,1,0x002F82,large_frame_count;frames_range_out_of_decoded_stream
C:/Users/MadCat/Documents/GitHub/MechwarriorRecomp/research/extract/decoded_pck/RIFPCK_TBL.decoded.bin,pck_object_0028_part_001_choice_000,pck_object_0028,pck_object_0028_part_001,1,0,0x0030EE,28928,1,0x002F82,large_frame_count;frames_range_out_of_decoded_stream
C:/Users/MadCat/Documents/GitHub/MechwarriorRecomp/research/extract/decoded_pck/RIFPCK_TBL.decoded.bin,pck_object_0028_part_002_choice_000,pck_object_0028,pck_object_0028_part_002,2,0,0x003132,46336,1,0x002F82,large_frame_count;frames_range_out_of_decoded_stream
C:/Users/MadCat/Documents/GitHub/MechwarriorRecomp/research/extract/decoded_pck/RIFPCK_TBL.decoded.bin,pck_object_0029_part_000_choice_000,pck_object_0029,pck_object_0029_part_000,0,0,0x003290,1,1536,0x003783,
C:/Users/MadCat/Documents/GitHub/MechwarriorRecomp/research/extract/decoded_pck/RIFPCK_TBL.decoded.bin,pck_object_0029_part_001_choice_000,pck_object_0029,pck_object_0029_part_001,1,0,0x0032F2,1,1024,0x003583,
C:/Users/MadCat/Documents/GitHub/MechwarriorRecomp/research/extract/decoded_pck/RIFPCK_TBL.decoded.bin,pck_object_0029_part_002_choice_000,pck_object_0029,pck_object_0029_part_002,2,0,0x003336,1,1280,0x003683,
C:/Users/MadCat/Documents/GitHub/MechwarriorRecomp/research/extract/decoded_pck/RIFPCK_TBL.decoded.bin,pck_object_0030_part_000_choice_000,pck_object_0030,pck_object_0030_part_000,0,0,0x0034B8,1536,16128,0x007285,large_frame_count
C:/Users/MadCat/Documents/GitHub/MechwarriorRecomp/research/extract/decoded_pck/RIFPCK_TBL.decoded.bin,pck_object_0030_part_001_choice_000,pck_object_0030,pck_object_0030_part_001,1,0,0x00351A,1024,41216,0x00D485,large_frame_count;frames_range_out_of_decoded_stream
C:/Users/MadCat/Documents/GitHub/MechwarriorRecomp/research/extract/decoded_pck/RIFPCK_TBL.decoded.bin,pck_object_0030_part_002_choice_000,pck_object_0030,pck_object_0030_part_002,2,0,0x00355E,1280,58624,0x011885,large_frame_count;frames_range_out_of_decoded_stream
C:/Users/MadCat/Documents/GitHub/MechwarriorRecomp/research/extract/decoded_pck/RIFPCK_TBL.decoded.bin,pck_object_0031_part_000_choice_000,pck_object_0031,pck_object_0031_part_000,0,0,0x0036C0,33026,2056,0x003DB3,large_frame_count;frames_range_out_of_decoded_stream
C:/Users/MadCat/Documents/GitHub/MechwarriorRecomp/research/extract/decoded_pck/RIFPCK_TBL.decoded.bin,pck_object_0031_part_001_choice_000,pck_object_0031,pck_object_0031_part_001,1,0,0x003722,33279,0,0x0035AB,large_frame_count;frames_range_out_of_decoded_stream
C:/Users/MadCat/Documents/GitHub/MechwarriorRecomp/research/extract/decoded_pck/RIFPCK_TBL.decoded.bin,pck_object_0031_part_002_choice_000,pck_object_0031,pck_object_0031_part_002,2,0,0x003766,33025,0,0x0035AB,large_frame_count;frames_range_out_of_decoded_stream
C:/Users/MadCat/Documents/GitHub/MechwarriorRecomp/research/extract/decoded_pck/RIFPCK_TBL.decoded.bin,pck_object_0032_part_000_choice_000,pck_object_0032,pck_object_0032_part_000,0,0,0x0038DC,2056,2056,0x003FB5,large_frame_count
C:/Users/MadCat/Documents/GitHub/MechwarriorRecomp/research/extract/decoded_pck/RIFPCK_TBL.decoded.bin,pck_object_0032_part_001_choice_000,pck_object_0032,pck_object_0032_part_001,1,0,0x00393E,0,0,0x0037AD,
C:/Users/MadCat/Documents/GitHub/MechwarriorRecomp/research/extract/decoded_pck/RIFPCK_TBL.decoded.bin,pck_object_0032_part_002_choice_000,pck_object_0032,pck_object_0032_part_002,2,0,0x003982,0,0,0x0037AD,
C:/Users/MadCat/Documents/GitHub/MechwarriorRecomp/research/extract/decoded_pck/RIFPCK_TBL.decoded.bin,pck_object_0033_part_000_choice_000,pck_object_0033,pck_object_0033_part_000,0,0,0x003AFC,16640,1793,0x0040C8,large_frame_count;frames_range_out_of_decoded_stream
C:/Users/MadCat/Documents/GitHub/MechwarriorRecomp/research/extract/decoded_pck/RIFPCK_TBL.decoded.bin,pck_object_0033_part_001_choice_000,pck_object_0033,pck_object_0033_part_001,1,0,0x003B5E,41728,2049,0x0041C8,large_frame_count;frames_range_out_of_decoded_stream
C:/Users/MadCat/Documents/GitHub/MechwarriorRecomp/research/extract/decoded_pck/RIFPCK_TBL.decoded.bin,pck_object_0033_part_002_choice_000,pck_object_0033,pck_object_0033_part_002,2,0,0x003BA2,59136,1,0x0039C8,large_frame_count;frames_range_out_of_decoded_stream
C:/Users/MadCat/Documents/GitHub/MechwarriorRecomp/research/extract/decoded_pck/RIFPCK_TBL.decoded.bin,pck_object_0034_part_000_choice_000,pck_object_0034,pck_object_0034_part_000,0,0,0x003CEC,2056,2056,0x0043F5,large_frame_count
C:/Users/MadCat/Documents/GitHub/MechwarriorRecomp/research/extract/decoded_pck/RIFPCK_TBL.decoded.bin,pck_object_0034_part_001_choice_000,pck_object_0034,pck_object_0034_part_001,1,0,0x003D4E,0,0,0x003BED,
C:/Users/MadCat/Documents/GitHub/MechwarriorRecomp/research/extract/decoded_pck/RIFPCK_TBL.decoded.bin,pck_object_0034_part_002_choice_000,pck_object_0034,pck_object_0034_part_002,2,0,0x003D92,0,0,0x003BED,
C:/Users/MadCat/Documents/GitHub/MechwarriorRecomp/research/extract/decoded_pck/RIFPCK_TBL.decoded.bin,pck_object_0035_part_000_choice_000,pck_object_0035,pck_object_0035_part_000,0,0,0x003ED0,1280,37121,0x00CED8,large_frame_count;frames_range_out_of_decoded_stream
C:/Users/MadCat/Documents/GitHub/MechwarriorRecomp/research/extract/decoded_pck/RIFPCK_TBL.decoded.bin,pck_object_0035_part_001_choice_000,pck_object_0035,pck_object_0035_part_001,1,0,0x003F32,26368,2049,0x0045D8,large_frame_count;frames_range_out_of_decoded_stream
C:/Users/MadCat/Documents/GitHub/MechwarriorRecomp/research/extract/decoded_pck/RIFPCK_TBL.decoded.bin,pck_object_0035_part_002_choice_000,pck_object_0035,pck_object_0035_part_002,2,0,0x003F76,43776,49921,0x0100D8,large_frame_count;frames_range_out_of_decoded_stream
C:/Users/MadCat/Documents/GitHub/MechwarriorRecomp/research/extract/decoded_pck/RIFPCK_TBL.decoded.bin,pck_object_0036_part_000_choice_000,pck_object_0036,pck_object_0036_part_000,0,0,0x0040C0,768,1,0x003FC2,large_frame_count
C:/Users/MadCat/Documents/GitHub/MechwarriorRecomp/research/extract/decoded_pck/RIFPCK_TBL.decoded.bin,pck_object_0036_part_001_choice_000,pck_object_0036,pck_object_0036_part_001,1,0,0x004122,25856,1,0x003FC2,large_frame_count;frames_range_out_of_decoded_stream
C:/Users/MadCat/Documents/GitHub/MechwarriorRecomp/research/extract/decoded_pck/RIFPCK_TBL.decoded.bin,pck_object_0036_part_002_choice_000,pck_object_0036,pck_object_0036_part_002,2,0,0x004166,43264,1,0x003FC2,large_frame_count;frames_range_out_of_decoded_stream
C:/Users/MadCat/Documents/GitHub/MechwarriorRecomp/research/extract/decoded_pck/RIFPCK_TBL.decoded.bin,pck_object_0037_part_000_choice_000,pck_object_0037,pck_object_0037_part_000,0,0,0x0042C8,7424,1793,0x0048B8,large_frame_count;frames_range_out_of_decoded_stream
C:/Users/MadCat/Documents/GitHub/MechwarriorRecomp/research/extract/decoded_pck/RIFPCK_TBL.decoded.bin,pck_object_0037_part_001_choice_000,pck_object_0037,pck_object_0037_part_001,1,0,0x00432A,32512,2049,0x0049B8,large_frame_count;frames_range_out_of_decoded_stream
C:/Users/MadCat/Documents/GitHub/MechwarriorRecomp/research/extract/decoded_pck/RIFPCK_TBL.decoded.bin,pck_object_0037_part_002_choice_000,pck_object_0037,pck_object_0037_part_002,2,0,0x00436E,49920,1,0x0041B8,large_frame_count;frames_range_out_of_decoded_stream
C:/Users/MadCat/Documents/GitHub/MechwarriorRecomp/research/extract/decoded_pck/RIFPCK_TBL.decoded.bin,pck_object_0038_part_000_choice_000,pck_object_0038,pck_object_0038_part_000,0,0,0x0045F6,2818,33036,0x00C4C5,large_frame_count;frames_range_out_of_decoded_stream
C:/Users/MadCat/Documents/GitHub/MechwarriorRecomp/research/extract/decoded_pck/RIFPCK_TBL.decoded.bin,pck_object_0038_part_001_choice_000,pck_object_0038,pck_object_0038_part_001,1,0,0x00463A,43010,33026,0x00C4BB,large_frame_count;frames_range_out_of_decoded_stream
C:/Users/MadCat/Documents/GitHub/MechwarriorRecomp/research/extract/decoded_pck/RIFPCK_TBL.decoded.bin,pck_object_0038_part_002_choice_000,pck_object_0038,pck_object_0038_part_002,2,0,0x004662,3074,33279,0x00C5B8,large_frame_count;frames_range_out_of_decoded_stream
C:/Users/MadCat/Documents/GitHub/MechwarriorRecomp/research/extract/decoded_pck/RIFPCK_TBL.decoded.bin,pck_object_0038_part_003_choice_000,pck_object_0038,pck_object_0038_part_003,3,0,0x0046A4,65282,33058,0x00C4DB,large_frame_count;frames_range_out_of_decoded_stream
C:/Users/MadCat/Documents/GitHub/MechwarriorRecomp/research/extract/decoded_pck/RIFPCK_TBL.decoded.bin,pck_object_0038_part_004_choice_000,pck_object_0038,pck_object_0038_part_004,4,0,0x0046F7,11523,33069,0x00C4E6,large_frame_count;frames_range_out_of_decoded_stream
C:/Users/MadCat/Documents/GitHub/MechwarriorRecomp/research/extract/decoded_pck/RIFPCK_TBL.decoded.bin,pck_object_0038_part_005_choice_000,pck_object_0038,pck_object_0038_part_005,5,0,0x004749,2563,33279,0x00C5B8,large_frame_count;frames_range_out_of_decoded_stream
C:/Users/MadCat/Documents/GitHub/MechwarriorRecomp/research/extract/decoded_pck/RIFPCK_TBL.decoded.bin,pck_object_0038_part_006_choice_000,pck_object_0038,pck_object_0038_part_006,6,0,0x00478B,15363,33084,0x00C4F5,large_frame_count;frames_range_out_of_decoded_stream
C:/Users/MadCat/Documents/GitHub/MechwarriorRecomp/research/extract/decoded_pck/RIFPCK_TBL.decoded.bin,pck_object_0038_part_007_choice_000,pck_object_0038,pck_object_0038_part_007,7,0,0x0047DD,4,32810,0x00C3E3,frames_range_out_of_decoded_stream
C:/Users/MadCat/Documents/GitHub/MechwarriorRecomp/research/extract/decoded_pck/RIFPCK_TBL.decoded.bin,pck_object_0039_part_000_choice_000,pck_object_0039,pck_object_0039_part_000,0,0,0x004A5A,385,257,0x0048FD,large_frame_count
C:/Users/MadCat/Documents/GitHub/MechwarriorRecomp/research/extract/decoded_pck/RIFPCK_TBL.decoded.bin,pck_object_0039_part_001_choice_000,pck_object_0039,pck_object_0039_part_001,1,0,0x004A9E,1921,1799,0x004F03,large_frame_count
C:/Users/MadCat/Documents/GitHub/MechwarriorRecomp/research/extract/decoded_pck/RIFPCK_TBL.decoded.bin,pck_object_0039_part_002_choice_000,pck_object_0039,pck_object_0039_part_002,2,0,0x004AC6,129,0,0x0047FC,
C:/Users/MadCat/Documents/GitHub/MechwarriorRecomp/research/extract/decoded_pck/RIFPCK_TBL.decoded.bin,pck_object_0039_part_003_choice_000,pck_object_0039,pck_object_0039_part_003,3,0,0x004B08,129,0,0x0047FC,
C:/Users/MadCat/Documents/GitHub/MechwarriorRecomp/research/extract/decoded_pck/RIFPCK_TBL.decoded.bin,pck_object_0039_part_004_choice_000,pck_object_0039,pck_object_0039_part_004,4,0,0x004B5B,129,0,0x0047FC,
C:/Users/MadCat/Documents/GitHub/MechwarriorRecomp/research/extract/decoded_pck/RIFPCK_TBL.decoded.bin,pck_object_0039_part_005_choice_000,pck_object_0039,pck_object_0039_part_005,5,0,0x004BAD,129,0,0x0047FC,
C:/Users/MadCat/Documents/GitHub/MechwarriorRecomp/research/extract/decoded_pck/RIFPCK_TBL.decoded.bin,pck_object_0039_part_006_choice_000,pck_object_0039,pck_object_0039_part_006,6,0,0x004BEF,129,0,0x0047FC,
C:/Users/MadCat/Documents/GitHub/MechwarriorRecomp/research/extract/decoded_pck/RIFPCK_TBL.decoded.bin,pck_object_0039_part_007_choice_000,pck_object_0039,pck_object_0039_part_007,7,0,0x004C41,128,0,0x0047FC,
C:/Users/MadCat/Documents/GitHub/MechwarriorRecomp/research/extract/decoded_pck/RIFPCK_TBL.decoded.bin,pck_object_0040_part_000_choice_000,pck_object_0040,pck_object_0040_part_000,0,0,0x004E9E,257,257,0x004D5E,large_frame_count
C:/Users/MadCat/Documents/GitHub/MechwarriorRecomp/research/extract/decoded_pck/RIFPCK_TBL.decoded.bin,pck_object_0040_part_001_choice_000,pck_object_0040,pck_object_0040_part_001,1,0,0x004EE2,1799,1799,0x005364,large_frame_count
C:/Users/MadCat/Documents/GitHub/MechwarriorRecomp/research/extract/decoded_pck/RIFPCK_TBL.decoded.bin,pck_object_0040_part_002_choice_000,pck_object_0040,pck_object_0040_part_002,2,0,0x004F0A,0,0,0x004C5D,
C:/Users/MadCat/Documents/GitHub/MechwarriorRecomp/research/extract/decoded_pck/RIFPCK_TBL.decoded.bin,pck_object_0040_part_003_choice_000,pck_object_0040,pck_object_0040_part_003,3,0,0x004F4C,0,0,0x004C5D,
C:/Users/MadCat/Documents/GitHub/MechwarriorRecomp/research/extract/decoded_pck/RIFPCK_TBL.decoded.bin,pck_object_0040_part_004_choice_000,pck_object_0040,pck_object_0040_part_004,4,0,0x004F9F,0,0,0x004C5D,
C:/Users/MadCat/Documents/GitHub/MechwarriorRecomp/research/extract/decoded_pck/RIFPCK_TBL.decoded.bin,pck_object_0040_part_005_choice_000,pck_object_0040,pck_object_0040_part_005,5,0,0x004FF1,0,0,0x004C5D,
C:/Users/MadCat/Documents/GitHub/MechwarriorRecomp/research/extract/decoded_pck/RIFPCK_TBL.decoded.bin,pck_object_0040_part_006_choice_000,pck_object_0040,pck_object_0040_part_006,6,0,0x005033,0,0,0x004C5D,
C:/Users/MadCat/Documents/GitHub/MechwarriorRecomp/research/extract/decoded_pck/RIFPCK_TBL.decoded.bin,pck_object_0040_part_007_choice_000,pck_object_0040,pck_object_0040_part_007,7,0,0x005085,0,0,0x004C5D,
C:/Users/MadCat/Documents/GitHub/MechwarriorRecomp/research/extract/decoded_pck/RIFPCK_TBL.decoded.bin,pck_object_0041_part_000_choice_000,pck_object_0041,pck_object_0041_part_000,0,0,0x0052A4,1,520,0x0052A8,
C:/Users/MadCat/Documents/GitHub/MechwarriorRecomp/research/extract/decoded_pck/RIFPCK_TBL.decoded.bin,pck_object_0041_part_001_choice_000,pck_object_0041,pck_object_0041_part_001,1,0,0x0052E8,1,588,0x0052EC,
C:/Users/MadCat/Documents/GitHub/MechwarriorRecomp/research/extract/decoded_pck/RIFPCK_TBL.decoded.bin,pck_object_0041_part_002_choice_000,pck_object_0041,pck_object_0041_part_002,2,0,0x005310,1,628,0x005314,
C:/Users/MadCat/Documents/GitHub/MechwarriorRecomp/research/extract/decoded_pck/RIFPCK_TBL.decoded.bin,pck_object_0041_part_003_choice_000,pck_object_0041,pck_object_0041_part_003,3,0,0x005352,1,694,0x005356,
C:/Users/MadCat/Documents/GitHub/MechwarriorRecomp/research/extract/decoded_pck/RIFPCK_TBL.decoded.bin,pck_object_0041_part_004_choice_000,pck_object_0041,pck_object_0041_part_004,4,0,0x0053A5,1,777,0x0053A9,
C:/Users/MadCat/Documents/GitHub/MechwarriorRecomp/research/extract/decoded_pck/RIFPCK_TBL.decoded.bin,pck_object_0041_part_005_choice_000,pck_object_0041,pck_object_0041_part_005,5,0,0x0053F7,1,859,0x0053FB,
C:/Users/MadCat/Documents/GitHub/MechwarriorRecomp/research/extract/decoded_pck/RIFPCK_TBL.decoded.bin,pck_object_0041_part_006_choice_000,pck_object_0041,pck_object_0041_part_006,6,0,0x005439,1,925,0x00543D,
C:/Users/MadCat/Documents/GitHub/MechwarriorRecomp/research/extract/decoded_pck/RIFPCK_TBL.decoded.bin,pck_object_0041_part_007_choice_000,pck_object_0041,pck_object_0041_part_007,7,0,0x00548B,1,1007,0x00548F,
C:/Users/MadCat/Documents/GitHub/MechwarriorRecomp/research/extract/decoded_pck/RIFPCK_TBL.decoded.bin,pck_object_0042_part_000_choice_000,pck_object_0042,pck_object_0042_part_000,0,0,0x0056FC,2,1024,0x0058B3,
C:/Users/MadCat/Documents/GitHub/MechwarriorRecomp/research/extract/decoded_pck/RIFPCK_TBL.decoded.bin,pck_object_0042_part_001_choice_000,pck_object_0042,pck_object_0042_part_001,1,0,0x005740,2,512,0x0056B3,
C:/Users/MadCat/Documents/GitHub/MechwarriorRecomp/research/extract/decoded_pck/RIFPCK_TBL.decoded.bin,pck_object_0042_part_002_choice_000,pck_object_0042,pck_object_0042_part_002,2,0,0x005768,2,1024,0x0058B3,
C:/Users/MadCat/Documents/GitHub/MechwarriorRecomp/research/extract/decoded_pck/RIFPCK_TBL.decoded.bin,pck_object_0042_part_003_choice_000,pck_object_0042,pck_object_0042_part_003,3,0,0x0057AA,2,1280,0x0059B3,
C:/Users/MadCat/Documents/GitHub/MechwarriorRecomp/research/extract/decoded_pck/RIFPCK_TBL.decoded.bin,pck_object_0042_part_004_choice_000,pck_object_0042,pck_object_0042_part_004,4,0,0x0057FD,3,1280,0x0059B3,
C:/Users/MadCat/Documents/GitHub/MechwarriorRecomp/research/extract/decoded_pck/RIFPCK_TBL.decoded.bin,pck_object_0042_part_005_choice_000,pck_object_0042,pck_object_0042_part_005,5,0,0x00584F,3,1024,0x0058B3,
C:/Users/MadCat/Documents/GitHub/MechwarriorRecomp/research/extract/decoded_pck/RIFPCK_TBL.decoded.bin,pck_object_0042_part_006_choice_000,pck_object_0042,pck_object_0042_part_006,6,0,0x005891,3,1280,0x0059B3,
C:/Users/MadCat/Documents/GitHub/MechwarriorRecomp/research/extract/decoded_pck/RIFPCK_TBL.decoded.bin,pck_object_0042_part_007_choice_000,pck_object_0042,pck_object_0042_part_007,7,0,0x0058E3,4,512,0x0056B3,
C:/Users/MadCat/Documents/GitHub/MechwarriorRecomp/research/extract/decoded_pck/RIFPCK_TBL.decoded.bin,pck_object_0043_part_000_choice_000,pck_object_0043,pck_object_0043_part_000,0,0,0x005B56,602,596,0x005B5C,large_frame_count
C:/Users/MadCat/Documents/GitHub/MechwarriorRecomp/research/extract/decoded_pck/RIFPCK_TBL.decoded.bin,pck_object_0043_part_001_choice_000,pck_object_0043,pck_object_0043_part_001,1,0,0x005B9A,670,385,0x005A89,large_frame_count
C:/Users/MadCat/Documents/GitHub/MechwarriorRecomp/research/extract/decoded_pck/RIFPCK_TBL.decoded.bin,pck_object_0043_part_002_choice_000,pck_object_0043,pck_object_0043_part_002,2,0,0x005BC2,710,2177,0x006189,large_frame_count
C:/Users/MadCat/Documents/GitHub/MechwarriorRecomp/research/extract/decoded_pck/RIFPCK_TBL.decoded.bin,pck_object_0043_part_003_choice_000,pck_object_0043,pck_object_0043_part_003,3,0,0x005C04,776,9215,0x007D07,large_frame_count
C:/Users/MadCat/Documents/GitHub/MechwarriorRecomp/research/extract/decoded_pck/RIFPCK_TBL.decoded.bin,pck_object_0043_part_004_choice_000,pck_object_0043,pck_object_0043_part_004,4,0,0x005C57,859,12079,0x008837,large_frame_count
C:/Users/MadCat/Documents/GitHub/MechwarriorRecomp/research/extract/decoded_pck/RIFPCK_TBL.decoded.bin,pck_object_0043_part_005_choice_000,pck_object_0043,pck_object_0043_part_005,5,0,0x005CA9,941,2177,0x006189,large_frame_count
C:/Users/MadCat/Documents/GitHub/MechwarriorRecomp/research/extract/decoded_pck/RIFPCK_TBL.decoded.bin,pck_object_0043_part_006_choice_000,pck_object_0043,pck_object_0043_part_006,6,0,0x005CEB,1007,16191,0x009847,large_frame_count;frames_range_out_of_decoded_stream
C:/Users/MadCat/Documents/GitHub/MechwarriorRecomp/research/extract/decoded_pck/RIFPCK_TBL.decoded.bin,pck_object_0043_part_007_choice_000,pck_object_0043,pck_object_0043_part_007,7,0,0x005D3D,1089,18761,0x00A251,large_frame_count;frames_range_out_of_decoded_stream
C:/Users/MadCat/Documents/GitHub/MechwarriorRecomp/research/extract/decoded_pck/RIFPCK_TBL.decoded.bin,pck_object_0044_part_000_choice_000,pck_object_0044,pck_object_0044_part_000,0,0,0x005FB0,257,257,0x005E5E,large_frame_count
C:/Users/MadCat/Documents/GitHub/MechwarriorRecomp/research/extract/decoded_pck/RIFPCK_TBL.decoded.bin,pck_object_0044_part_001_choice_000,pck_object_0044,pck_object_0044_part_001,1,0,0x005FF4,1799,1799,0x006464,large_frame_count
C:/Users/MadCat/Documents/GitHub/MechwarriorRecomp/research/extract/decoded_pck/RIFPCK_TBL.decoded.bin,pck_object_0044_part_002_choice_000,pck_object_0044,pck_object_0044_part_002,2,0,0x00601C,0,0,0x005D5D,
C:/Users/MadCat/Documents/GitHub/MechwarriorRecomp/research/extract/decoded_pck/RIFPCK_TBL.decoded.bin,pck_object_0044_part_003_choice_000,pck_object_0044,pck_object_0044_part_003,3,0,0x00605E,0,0,0x005D5D,
C:/Users/MadCat/Documents/GitHub/MechwarriorRecomp/research/extract/decoded_pck/RIFPCK_TBL.decoded.bin,pck_object_0044_part_004_choice_000,pck_object_0044,pck_object_0044_part_004,4,0,0x0060B1,0,0,0x005D5D,
C:/Users/MadCat/Documents/GitHub/MechwarriorRecomp/research/extract/decoded_pck/RIFPCK_TBL.decoded.bin,pck_object_0044_part_005_choice_000,pck_object_0044,pck_object_0044_part_005,5,0,0x006103,0,0,0x005D5D,
C:/Users/MadCat/Documents/GitHub/MechwarriorRecomp/research/extract/decoded_pck/RIFPCK_TBL.decoded.bin,pck_object_0044_part_006_choice_000,pck_object_0044,pck_object_0044_part_006,6,0,0x006145,0,0,0x005D5D,
C:/Users/MadCat/Documents/GitHub/MechwarriorRecomp/research/extract/decoded_pck/RIFPCK_TBL.decoded.bin,pck_object_0044_part_007_choice_000,pck_object_0044,pck_object_0044_part_007,7,0,0x006197,0,0,0x005D5D,
C:/Users/MadCat/Documents/GitHub/MechwarriorRecomp/research/extract/decoded_pck/RIFPCK_TBL.decoded.bin,pck_object_0045_part_000_choice_000,pck_object_0045,pck_object_0045_part_000,0,0,0x0063B8,522,0,0x0061B2,large_frame_count
C:/Users/MadCat/Documents/GitHub/MechwarriorRecomp/research/extract/decoded_pck/RIFPCK_TBL.decoded.bin,pck_object_0045_part_001_choice_000,pck_object_0045,pck_object_0045_part_001,1,0,0x0063FC,590,0,0x0061B2,large_frame_count
C:/Users/MadCat/Documents/GitHub/MechwarriorRecomp/research/extract/decoded_pck/RIFPCK_TBL.decoded.bin,pck_object_0045_part_002_choice_000,pck_object_0045,pck_object_0045_part_002,2,0,0x006424,630,0,0x0061B2,large_frame_count
C:/Users/MadCat/Documents/GitHub/MechwarriorRecomp/research/extract/decoded_pck/RIFPCK_TBL.decoded.bin,pck_object_0045_part_003_choice_000,pck_object_0045,pck_object_0045_part_003,3,0,0x006466,696,0,0x0061B2,large_frame_count
C:/Users/MadCat/Documents/GitHub/MechwarriorRecomp/research/extract/decoded_pck/RIFPCK_TBL.decoded.bin,pck_object_0045_part_004_choice_000,pck_object_0045,pck_object_0045_part_004,4,0,0x0064B9,779,0,0x0061B2,large_frame_count
C:/Users/MadCat/Documents/GitHub/MechwarriorRecomp/research/extract/decoded_pck/RIFPCK_TBL.decoded.bin,pck_object_0045_part_005_choice_000,pck_object_0045,pck_object_0045_part_005,5,0,0x00650B,861,0,0x0061B2,large_frame_count
C:/Users/MadCat/Documents/GitHub/MechwarriorRecomp/research/extract/decoded_pck/RIFPCK_TBL.decoded.bin,pck_object_0045_part_006_choice_000,pck_object_0045,pck_object_0045_part_006,6,0,0x00654D,927,0,0x0061B2,large_frame_count
C:/Users/MadCat/Documents/GitHub/MechwarriorRecomp/research/extract/decoded_pck/RIFPCK_TBL.decoded.bin,pck_object_0045_part_007_choice_000,pck_object_0045,pck_object_0045_part_007,7,0,0x00659F,1009,0,0x0061B2,large_frame_count
C:/Users/MadCat/Documents/GitHub/MechwarriorRecomp/research/extract/decoded_pck/RIFPCK_TBL.decoded.bin,pck_object_0046_part_000_choice_000,pck_object_0046,pck_object_0046_part_000,0,0,0x006634,1280,31488,0x00E0C5,large_frame_count;frames_range_out_of_decoded_stream
C:/Users/MadCat/Documents/GitHub/MechwarriorRecomp/research/extract/decoded_pck/RIFPCK_TBL.decoded.bin,pck_object_0047_part_000_choice_000,pck_object_0047,pck_object_0047_part_000,0,0,0x0066EC,28416,0,0x006681,large_frame_count;frames_range_out_of_decoded_stream
C:/Users/MadCat/Documents/GitHub/MechwarriorRecomp/research/extract/decoded_pck/RIFPCK_TBL.decoded.bin,pck_object_0048_part_000_choice_000,pck_object_0048,pck_object_0048_part_000,0,0,0x0067B4,3855,3855,0x00764C,large_frame_count;frames_range_out_of_decoded_stream
C:/Users/MadCat/Documents/GitHub/MechwarriorRecomp/research/extract/decoded_pck/RIFPCK_TBL.decoded.bin,pck_object_0049_part_000_choice_000,pck_object_0049,pck_object_0049_part_000,0,0,0x00686C,0,33024,0x00E8F9,frames_range_out_of_decoded_stream
C:/Users/MadCat/Documents/GitHub/MechwarriorRecomp/research/extract/decoded_pck/RIFPCK_TBL.decoded.bin,pck_object_0050_part_000_choice_000,pck_object_0050,pck_object_0050_part_000,0,0,0x006924,1280,31488,0x00E3B5,large_frame_count;frames_range_out_of_decoded_stream
C:/Users/MadCat/Documents/GitHub/MechwarriorRecomp/research/extract/decoded_pck/RIFPCK_TBL.decoded.bin,pck_object_0051_part_000_choice_000,pck_object_0051,pck_object_0051_part_000,0,0,0x0069DC,28416,0,0x006971,large_frame_count;frames_range_out_of_decoded_stream
C:/Users/MadCat/Documents/GitHub/MechwarriorRecomp/research/extract/decoded_pck/RIFPCK_TBL.decoded.bin,pck_object_0052_part_000_choice_000,pck_object_0052,pck_object_0052_part_000,0,0,0x006AA4,3855,3855,0x00793C,large_frame_count;frames_range_out_of_decoded_stream
C:/Users/MadCat/Documents/GitHub/MechwarriorRecomp/research/extract/decoded_pck/RIFPCK_TBL.decoded.bin,pck_object_0053_part_000_choice_000,pck_object_0053,pck_object_0053_part_000,0,0,0x006B5C,0,33024,0x00EBE9,frames_range_out_of_decoded_stream
C:/Users/MadCat/Documents/GitHub/MechwarriorRecomp/research/extract/decoded_pck/RIFPCK_TBL.decoded.bin,pck_object_0054_part_000_choice_000,pck_object_0054,pck_object_0054_part_000,0,0,0x006C6E,3072,54528,0x0140A5,large_frame_count;frames_range_out_of_decoded_stream
C:/Users/MadCat/Documents/GitHub/MechwarriorRecomp/research/extract/decoded_pck/RIFPCK_TBL.decoded.bin,pck_object_0055_part_000_choice_000,pck_object_0055,pck_object_0055_part_000,0,0,0x006DE8,0,0,0x006D1D,
C:/Users/MadCat/Documents/GitHub/MechwarriorRecomp/research/extract/decoded_pck/RIFPCK_TBL.decoded.bin,pck_object_0056_part_000_choice_000,pck_object_0056,pck_object_0056_part_000,0,0,0x006F62,0,16129,0x00AD90,frames_range_out_of_decoded_stream
C:/Users/MadCat/Documents/GitHub/MechwarriorRecomp/research/extract/decoded_pck/RIFPCK_TBL.decoded.bin,pck_object_0057_part_000_choice_000,pck_object_0057,pck_object_0057_part_000,0,0,0x0070D2,55040,0,0x007007,large_frame_count;frames_range_out_of_decoded_stream
C:/Users/MadCat/Documents/GitHub/MechwarriorRecomp/research/extract/decoded_pck/RIFPCK_TBL.decoded.bin,pck_object_0058_part_000_choice_000,pck_object_0058,pck_object_0058_part_000,0,0,0x0071E6,0,37633,0x010480,frames_range_out_of_decoded_stream
C:/Users/MadCat/Documents/GitHub/MechwarriorRecomp/research/extract/decoded_pck/RIFPCK_TBL.decoded.bin,pck_object_0059_part_000_choice_000,pck_object_0059,pck_object_0059_part_000,0,0,0x0072E0,0,33024,0x00F319,frames_range_out_of_decoded_stream
C:/Users/MadCat/Documents/GitHub/MechwarriorRecomp/research/extract/decoded_pck/RIFPCK_TBL.decoded.bin,pck_object_0060_part_000_choice_000,pck_object_0060,pck_object_0060_part_000,0,0,0x007442,0,0,0x00737D,
C:/Users/MadCat/Documents/GitHub/MechwarriorRecomp/research/extract/decoded_pck/RIFPCK_TBL.decoded.bin,pck_object_0061_part_000_choice_000,pck_object_0061,pck_object_0061_part_000,0,0,0x0075B0,0,33025,0x00F5EA,frames_range_out_of_decoded_stream
C:/Users/MadCat/Documents/GitHub/MechwarriorRecomp/research/extract/decoded_pck/RIFPCK_TBL.decoded.bin,pck_object_0062_part_000_choice_000,pck_object_0062,pck_object_0062_part_000,0,0,0x00771E,0,0,0x00764D,
C:/Users/MadCat/Documents/GitHub/MechwarriorRecomp/research/extract/decoded_pck/RIFPCK_TBL.decoded.bin,pck_object_0063_part_000_choice_000,pck_object_0063,pck_object_0063_part_000,0,0,0x007834,1280,31488,0x00F2C5,large_frame_count;frames_range_out_of_decoded_stream
C:/Users/MadCat/Documents/GitHub/MechwarriorRecomp/research/extract/decoded_pck/RIFPCK_TBL.decoded.bin,pck_object_0064_part_000_choice_000,pck_object_0064,pck_object_0064_part_000,0,0,0x007998,6912,1,0x007882,large_frame_count;frames_range_out_of_decoded_stream
C:/Users/MadCat/Documents/GitHub/MechwarriorRecomp/research/extract/decoded_pck/RIFPCK_TBL.decoded.bin,pck_object_0064_part_001_choice_000,pck_object_0064,pck_object_0064_part_001,1,0,0x0079FA,32000,1,0x007882,large_frame_count;frames_range_out_of_decoded_stream
C:/Users/MadCat/Documents/GitHub/MechwarriorRecomp/research/extract/decoded_pck/RIFPCK_TBL.decoded.bin,pck_object_0064_part_002_choice_000,pck_object_0064,pck_object_0064_part_002,2,0,0x007A3E,49408,1,0x007882,large_frame_count;frames_range_out_of_decoded_stream
C:/Users/MadCat/Documents/GitHub/MechwarriorRecomp/research/extract/decoded_pck/RIFPCK_TBL.decoded.bin,pck_object_0065_part_000_choice_000,pck_object_0065,pck_object_0065_part_000,0,0,0x007BA8,2056,21761,0x00CF90,large_frame_count;frames_range_out_of_decoded_stream
C:/Users/MadCat/Documents/GitHub/MechwarriorRecomp/research/extract/decoded_pck/RIFPCK_TBL.decoded.bin,pck_object_0065_part_001_choice_000,pck_object_0065,pck_object_0065_part_001,1,0,0x007C0A,0,42770,0x0121A1,frames_range_out_of_decoded_stream
C:/Users/MadCat/Documents/GitHub/MechwarriorRecomp/research/extract/decoded_pck/RIFPCK_TBL.decoded.bin,pck_object_0065_part_002_choice_000,pck_object_0065,pck_object_0065_part_002,2,0,0x007C4E,0,62235,0x016DAA,frames_range_out_of_decoded_stream
C:/Users/MadCat/Documents/GitHub/MechwarriorRecomp/research/extract/decoded_pck/RIFPCK_TBL.decoded.bin,pck_object_0066_part_000_choice_000,pck_object_0066,pck_object_0066_part_000,0,0,0x007DA8,6912,1,0x007C92,large_frame_count;frames_range_out_of_decoded_stream
C:/Users/MadCat/Documents/GitHub/MechwarriorRecomp/research/extract/decoded_pck/RIFPCK_TBL.decoded.bin,pck_object_0066_part_001_choice_000,pck_object_0066,pck_object_0066_part_001,1,0,0x007E0A,32000,1,0x007C92,large_frame_count;frames_range_out_of_decoded_stream
C:/Users/MadCat/Documents/GitHub/MechwarriorRecomp/research/extract/decoded_pck/RIFPCK_TBL.decoded.bin,pck_object_0066_part_002_choice_000,pck_object_0066,pck_object_0066_part_002,2,0,0x007E4E,49408,1,0x007C92,large_frame_count;frames_range_out_of_decoded_stream
C:/Users/MadCat/Documents/GitHub/MechwarriorRecomp/research/extract/decoded_pck/RIFPCK_TBL.decoded.bin,pck_object_0067_part_000_choice_000,pck_object_0067,pck_object_0067_part_000,0,0,0x007FC4,2056,24833,0x00DFA0,large_frame_count;frames_range_out_of_decoded_stream
C:/Users/MadCat/Documents/GitHub/MechwarriorRecomp/research/extract/decoded_pck/RIFPCK_TBL.decoded.bin,pck_object_0067_part_001_choice_000,pck_object_0067,pck_object_0067_part_001,1,0,0x008026,0,45842,0x0131B1,frames_range_out_of_decoded_stream
C:/Users/MadCat/Documents/GitHub/MechwarriorRecomp/research/extract/decoded_pck/RIFPCK_TBL.decoded.bin,pck_object_0067_part_002_choice_000,pck_object_0067,pck_object_0067_part_002,2,0,0x00806A,0,65309,0x017DBC,frames_range_out_of_decoded_stream
C:/Users/MadCat/Documents/GitHub/MechwarriorRecomp/research/extract/decoded_pck/RIFPCK_TBL.decoded.bin,pck_object_0068_part_000_choice_000,pck_object_0068,pck_object_0068_part_000,0,0,0x0081BE,2056,2056,0x0088B5,large_frame_count;frames_range_out_of_decoded_stream
C:/Users/MadCat/Documents/GitHub/MechwarriorRecomp/research/extract/decoded_pck/RIFPCK_TBL.decoded.bin,pck_object_0068_part_001_choice_000,pck_object_0068,pck_object_0068_part_001,1,0,0x008220,0,0,0x0080AD,
C:/Users/MadCat/Documents/GitHub/MechwarriorRecomp/research/extract/decoded_pck/RIFPCK_TBL.decoded.bin,pck_object_0068_part_002_choice_000,pck_object_0068,pck_object_0068_part_002,2,0,0x008248,0,0,0x0080AD,
C:/Users/MadCat/Documents/GitHub/MechwarriorRecomp/research/extract/decoded_pck/RIFPCK_TBL.decoded.bin,pck_object_0069_part_000_choice_000,pck_object_0069,pck_object_0069_part_000,0,0,0x0083A4,1799,24833,0x00E380,large_frame_count;frames_range_out_of_decoded_stream
C:/Users/MadCat/Documents/GitHub/MechwarriorRecomp/research/extract/decoded_pck/RIFPCK_TBL.decoded.bin,pck_object_0069_part_001_choice_000,pck_object_0069,pck_object_0069_part_001,1,0,0x008406,2056,45842,0x013591,large_frame_count;frames_range_out_of_decoded_stream
C:/Users/MadCat/Documents/GitHub/MechwarriorRecomp/research/extract/decoded_pck/RIFPCK_TBL.decoded.bin,pck_object_0069_part_002_choice_000,pck_object_0069,pck_object_0069_part_002,2,0,0x00844A,0,65309,0x01819C,frames_range_out_of_decoded_stream
C:/Users/MadCat/Documents/GitHub/MechwarriorRecomp/research/extract/decoded_pck/RIFPCK_TBL.decoded.bin,pck_object_0070_part_000_choice_000,pck_object_0070,pck_object_0070_part_000,0,0,0x0085BC,1799,1799,0x008B94,large_frame_count;frames_range_out_of_decoded_stream
C:/Users/MadCat/Documents/GitHub/MechwarriorRecomp/research/extract/decoded_pck/RIFPCK_TBL.decoded.bin,pck_object_0070_part_001_choice_000,pck_object_0070,pck_object_0070_part_001,1,0,0x00861E,2056,2056,0x008C95,large_frame_count;frames_range_out_of_decoded_stream
C:/Users/MadCat/Documents/GitHub/MechwarriorRecomp/research/extract/decoded_pck/RIFPCK_TBL.decoded.bin,pck_object_0070_part_002_choice_000,pck_object_0070,pck_object_0070_part_002,2,0,0x008662,0,0,0x00848D,
C:/Users/MadCat/Documents/GitHub/MechwarriorRecomp/research/extract/decoded_pck/RIFPCK_TBL.decoded.bin,pck_object_0071_part_000_choice_000,pck_object_0071,pck_object_0071_part_000,0,0,0x0087D0,13568,2049,0x008EA8,large_frame_count;frames_range_out_of_decoded_stream
C:/Users/MadCat/Documents/GitHub/MechwarriorRecomp/research/extract/decoded_pck/RIFPCK_TBL.decoded.bin,pck_object_0071_part_001_choice_000,pck_object_0071,pck_object_0071_part_001,1,0,0x008832,38656,1,0x0086A8,large_frame_count;frames_range_out_of_decoded_stream
C:/Users/MadCat/Documents/GitHub/MechwarriorRecomp/research/extract/decoded_pck/RIFPCK_TBL.decoded.bin,pck_object_0071_part_002_choice_000,pck_object_0071,pck_object_0071_part_002,2,0,0x008876,56064,1,0x0086A8,large_frame_count;frames_range_out_of_decoded_stream
C:/Users/MadCat/Documents/GitHub/MechwarriorRecomp/research/extract/decoded_pck/RIFPCK_TBL.decoded.bin,pck_object_0072_part_000_choice_000,pck_object_0072,pck_object_0072_part_000,0,0,0x0089D8,6912,1,0x0088C2,large_frame_count;frames_range_out_of_decoded_stream
C:/Users/MadCat/Documents/GitHub/MechwarriorRecomp/research/extract/decoded_pck/RIFPCK_TBL.decoded.bin,pck_object_0072_part_001_choice_000,pck_object_0072,pck_object_0072_part_001,1,0,0x008A3A,32000,1,0x0088C2,large_frame_count;frames_range_out_of_decoded_stream
C:/Users/MadCat/Documents/GitHub/MechwarriorRecomp/research/extract/decoded_pck/RIFPCK_TBL.decoded.bin,pck_object_0072_part_002_choice_000,pck_object_0072,pck_object_0072_part_002,2,0,0x008A7E,49408,1,0x0088C2,large_frame_count;frames_range_out_of_decoded_stream
C:/Users/MadCat/Documents/GitHub/MechwarriorRecomp/research/extract/decoded_pck/RIFPCK_TBL.decoded.bin,pck_object_0073_part_000_choice_000,pck_object_0073,pck_object_0073_part_000,0,0,0x008C0C,3855,28929,0x00FBD0,large_frame_count;frames_range_out_of_decoded_stream
C:/Users/MadCat/Documents/GitHub/MechwarriorRecomp/research/extract/decoded_pck/RIFPCK_TBL.decoded.bin,pck_object_0073_part_001_choice_000,pck_object_0073,pck_object_0073_part_001,1,0,0x008C5E,1799,51983,0x0155DE,large_frame_count;frames_range_out_of_decoded_stream
C:/Users/MadCat/Documents/GitHub/MechwarriorRecomp/research/extract/decoded_pck/RIFPCK_TBL.decoded.bin,pck_object_0073_part_002_choice_000,pck_object_0073,pck_object_0073_part_002,2,0,0x008CC0,2056,7456,0x00A7EF,large_frame_count;frames_range_out_of_decoded_stream
C:/Users/MadCat/Documents/GitHub/MechwarriorRecomp/research/extract/decoded_pck/RIFPCK_TBL.decoded.bin,pck_object_0074_part_000_choice_000,pck_object_0074,pck_object_0074_part_000,0,0,0x008F46,1024,23808,0x00E9F5,large_frame_count;frames_range_out_of_decoded_stream
C:/Users/MadCat/Documents/GitHub/MechwarriorRecomp/research/extract/decoded_pck/RIFPCK_TBL.decoded.bin,pck_object_0074_part_001_choice_000,pck_object_0074,pck_object_0074_part_001,1,0,0x008F8A,512,41216,0x012DF5,large_frame_count;frames_range_out_of_decoded_stream
C:/Users/MadCat/Documents/GitHub/MechwarriorRecomp/research/extract/decoded_pck/RIFPCK_TBL.decoded.bin,pck_object_0074_part_002_choice_000,pck_object_0074,pck_object_0074_part_002,2,0,0x008FB2,1024,51456,0x0155F5,large_frame_count;frames_range_out_of_decoded_stream
C:/Users/MadCat/Documents/GitHub/MechwarriorRecomp/research/extract/decoded_pck/RIFPCK_TBL.decoded.bin,pck_object_0074_part_003_choice_000,pck_object_0074,pck_object_0074_part_003,3,0,0x008FF4,1280,2816,0x0097F5,large_frame_count;frames_range_out_of_decoded_stream
C:/Users/MadCat/Documents/GitHub/MechwarriorRecomp/research/extract/decoded_pck/RIFPCK_TBL.decoded.bin,pck_object_0074_part_004_choice_000,pck_object_0074,pck_object_0074_part_004,4,0,0x009047,1280,24064,0x00EAF5,large_frame_count;frames_range_out_of_decoded_stream
C:/Users/MadCat/Documents/GitHub/MechwarriorRecomp/research/extract/decoded_pck/RIFPCK_TBL.decoded.bin,pck_object_0074_part_005_choice_000,pck_object_0074,pck_object_0074_part_005,5,0,0x009099,1024,45056,0x013CF5,large_frame_count;frames_range_out_of_decoded_stream
C:/Users/MadCat/Documents/GitHub/MechwarriorRecomp/research/extract/decoded_pck/RIFPCK_TBL.decoded.bin,pck_object_0074_part_006_choice_000,pck_object_0074,pck_object_0074_part_006,6,0,0x0090DB,1280,61952,0x017EF5,large_frame_count;frames_range_out_of_decoded_stream
C:/Users/MadCat/Documents/GitHub/MechwarriorRecomp/research/extract/decoded_pck/RIFPCK_TBL.decoded.bin,pck_object_0074_part_007_choice_000,pck_object_0074,pck_object_0074_part_007,7,0,0x00912D,512,17408,0x00D0F5,large_frame_count;frames_range_out_of_decoded_stream
C:/Users/MadCat/Documents/GitHub/MechwarriorRecomp/research/extract/decoded_pck/RIFPCK_TBL.decoded.bin,pck_object_0075_part_000_choice_000,pck_object_0075,pck_object_0075_part_000,0,0,0x009396,1,586,0x00939A,
C:/Users/MadCat/Documents/GitHub/MechwarriorRecomp/research/extract/decoded_pck/RIFPCK_TBL.decoded.bin,pck_object_0075_part_001_choice_000,pck_object_0075,pck_object_0075_part_001,1,0,0x0093DA,1,654,0x0093DE,
C:/Users/MadCat/Documents/GitHub/MechwarriorRecomp/research/extract/decoded_pck/RIFPCK_TBL.decoded.bin,pck_object_0075_part_002_choice_000,pck_object_0075,pck_object_0075_part_002,2,0,0x009402,1,694,0x009406,
C:/Users/MadCat/Documents/GitHub/MechwarriorRecomp/research/extract/decoded_pck/RIFPCK_TBL.decoded.bin,pck_object_0075_part_003_choice_000,pck_object_0075,pck_object_0075_part_003,3,0,0x009444,1,760,0x009448,
C:/Users/MadCat/Documents/GitHub/MechwarriorRecomp/research/extract/decoded_pck/RIFPCK_TBL.decoded.bin,pck_object_0075_part_004_choice_000,pck_object_0075,pck_object_0075_part_004,4,0,0x009497,1,843,0x00949B,
C:/Users/MadCat/Documents/GitHub/MechwarriorRecomp/research/extract/decoded_pck/RIFPCK_TBL.decoded.bin,pck_object_0075_part_005_choice_000,pck_object_0075,pck_object_0075_part_005,5,0,0x0094E9,1,925,0x0094ED,
C:/Users/MadCat/Documents/GitHub/MechwarriorRecomp/research/extract/decoded_pck/RIFPCK_TBL.decoded.bin,pck_object_0075_part_006_choice_000,pck_object_0075,pck_object_0075_part_006,6,0,0x00952B,1,991,0x00952F,
C:/Users/MadCat/Documents/GitHub/MechwarriorRecomp/research/extract/decoded_pck/RIFPCK_TBL.decoded.bin,pck_object_0075_part_007_choice_000,pck_object_0075,pck_object_0075_part_007,7,0,0x00957D,1,1073,0x009581,
C:/Users/MadCat/Documents/GitHub/MechwarriorRecomp/research/extract/decoded_pck/RIFPCK_TBL.decoded.bin,pck_object_0076_part_000_choice_000,pck_object_0076,pck_object_0076_part_000,0,0,0x0097F0,1024,22272,0x00ECA5,large_frame_count;frames_range_out_of_decoded_stream
C:/Users/MadCat/Documents/GitHub/MechwarriorRecomp/research/extract/decoded_pck/RIFPCK_TBL.decoded.bin,pck_object_0076_part_001_choice_000,pck_object_0076,pck_object_0076_part_001,1,0,0x009834,512,39680,0x0130A5,large_frame_count;frames_range_out_of_decoded_stream
C:/Users/MadCat/Documents/GitHub/MechwarriorRecomp/research/extract/decoded_pck/RIFPCK_TBL.decoded.bin,pck_object_0076_part_002_choice_000,pck_object_0076,pck_object_0076_part_002,2,0,0x00985C,1024,49920,0x0158A5,large_frame_count;frames_range_out_of_decoded_stream
C:/Users/MadCat/Documents/GitHub/MechwarriorRecomp/research/extract/decoded_pck/RIFPCK_TBL.decoded.bin,pck_object_0076_part_003_choice_000,pck_object_0076,pck_object_0076_part_003,3,0,0x00989E,1280,1280,0x009AA5,large_frame_count;frames_range_out_of_decoded_stream
C:/Users/MadCat/Documents/GitHub/MechwarriorRecomp/research/extract/decoded_pck/RIFPCK_TBL.decoded.bin,pck_object_0076_part_004_choice_000,pck_object_0076,pck_object_0076_part_004,4,0,0x0098F1,1280,22528,0x00EDA5,large_frame_count;frames_range_out_of_decoded_stream
C:/Users/MadCat/Documents/GitHub/MechwarriorRecomp/research/extract/decoded_pck/RIFPCK_TBL.decoded.bin,pck_object_0076_part_005_choice_000,pck_object_0076,pck_object_0076_part_005,5,0,0x009943,1024,43520,0x013FA5,large_frame_count;frames_range_out_of_decoded_stream
C:/Users/MadCat/Documents/GitHub/MechwarriorRecomp/research/extract/decoded_pck/RIFPCK_TBL.decoded.bin,pck_object_0076_part_006_choice_000,pck_object_0076,pck_object_0076_part_006,6,0,0x009985,1280,60416,0x0181A5,large_frame_count;frames_range_out_of_decoded_stream
C:/Users/MadCat/Documents/GitHub/MechwarriorRecomp/research/extract/decoded_pck/RIFPCK_TBL.decoded.bin,pck_object_0076_part_007_choice_000,pck_object_0076,pck_object_0076_part_007,7,0,0x0099D7,512,15872,0x00D3A5,large_frame_count;frames_range_out_of_decoded_stream
C:/Users/MadCat/Documents/GitHub/MechwarriorRecomp/research/extract/decoded_pck/RIFPCK_TBL.decoded.bin,pck_object_0077_part_000_choice_000,pck_object_0077,pck_object_0077_part_000,0,0,0x009C44,0,385,0x009B7B,
C:/Users/MadCat/Documents/GitHub/MechwarriorRecomp/research/extract/decoded_pck/RIFPCK_TBL.decoded.bin,pck_object_0077_part_001_choice_000,pck_object_0077,pck_object_0077_part_001,1,0,0x009C88,0,1921,0x00A17B,
C:/Users/MadCat/Documents/GitHub/MechwarriorRecomp/research/extract/decoded_pck/RIFPCK_TBL.decoded.bin,pck_object_0077_part_002_choice_000,pck_object_0077,pck_object_0077_part_002,2,0,0x009CB0,0,129,0x009A7B,
C:/Users/MadCat/Documents/GitHub/MechwarriorRecomp/research/extract/decoded_pck/RIFPCK_TBL.decoded.bin,pck_object_0077_part_003_choice_000,pck_object_0077,pck_object_0077_part_003,3,0,0x009CF2,0,129,0x009A7B,
C:/Users/MadCat/Documents/GitHub/MechwarriorRecomp/research/extract/decoded_pck/RIFPCK_TBL.decoded.bin,pck_object_0077_part_004_choice_000,pck_object_0077,pck_object_0077_part_004,4,0,0x009D45,0,129,0x009A7B,
C:/Users/MadCat/Documents/GitHub/MechwarriorRecomp/research/extract/decoded_pck/RIFPCK_TBL.decoded.bin,pck_object_0077_part_005_choice_000,pck_object_0077,pck_object_0077_part_005,5,0,0x009D97,0,129,0x009A7B,
C:/Users/MadCat/Documents/GitHub/MechwarriorRecomp/research/extract/decoded_pck/RIFPCK_TBL.decoded.bin,pck_object_0077_part_006_choice_000,pck_object_0077,pck_object_0077_part_006,6,0,0x009DD9,0,129,0x009A7B,
C:/Users/MadCat/Documents/GitHub/MechwarriorRecomp/research/extract/decoded_pck/RIFPCK_TBL.decoded.bin,pck_object_0077_part_007_choice_000,pck_object_0077,pck_object_0077_part_007,7,0,0x009E2B,0,128,0x009A7A,
C:/Users/MadCat/Documents/GitHub/MechwarriorRecomp/research/extract/decoded_pck/RIFPCK_TBL.decoded.bin,pck_object_0078_part_000_choice_000,pck_object_0078,pck_object_0078_part_000,0,0,0x00A098,258,257,0x009F4A,large_frame_count;frames_range_out_of_decoded_stream
C:/Users/MadCat/Documents/GitHub/MechwarriorRecomp/research/extract/decoded_pck/RIFPCK_TBL.decoded.bin,pck_object_0078_part_001_choice_000,pck_object_0078,pck_object_0078_part_001,1,0,0x00A0A4,33026,256,0x009F49,large_frame_count;frames_range_out_of_decoded_stream
C:/Users/MadCat/Documents/GitHub/MechwarriorRecomp/research/extract/decoded_pck/RIFPCK_TBL.decoded.bin,pck_object_0078_part_002_choice_000,pck_object_0078,pck_object_0078_part_002,2,0,0x00A0B0,2,33038,0x011F57,frames_range_out_of_decoded_stream
C:/Users/MadCat/Documents/GitHub/MechwarriorRecomp/research/extract/decoded_pck/RIFPCK_TBL.decoded.bin,pck_object_0078_part_003_choice_000,pck_object_0078,pck_object_0078_part_003,3,0,0x00A0F4,258,33024,0x011F49,large_frame_count;frames_range_out_of_decoded_stream
C:/Users/MadCat/Documents/GitHub/MechwarriorRecomp/research/extract/decoded_pck/RIFPCK_TBL.decoded.bin,pck_object_0078_part_004_choice_000,pck_object_0078,pck_object_0078_part_004,4,0,0x00A11C,258,33052,0x011F65,large_frame_count;frames_range_out_of_decoded_stream
C:/Users/MadCat/Documents/GitHub/MechwarriorRecomp/research/extract/decoded_pck/RIFPCK_TBL.decoded.bin,pck_object_0078_part_005_choice_000,pck_object_0078,pck_object_0078_part_005,5,0,0x00A15E,2051,33065,0x011F72,large_frame_count;frames_range_out_of_decoded_stream
C:/Users/MadCat/Documents/GitHub/MechwarriorRecomp/research/extract/decoded_pck/RIFPCK_TBL.decoded.bin,pck_object_0078_part_006_choice_000,pck_object_0078,pck_object_0078_part_006,6,0,0x00A1B1,2051,33079,0x011F80,large_frame_count;frames_range_out_of_decoded_stream
C:/Users/MadCat/Documents/GitHub/MechwarriorRecomp/research/extract/decoded_pck/RIFPCK_TBL.decoded.bin,pck_object_0078_part_007_choice_000,pck_object_0078,pck_object_0078_part_007,7,0,0x00A203,259,33052,0x011F65,large_frame_count;frames_range_out_of_decoded_stream
C:/Users/MadCat/Documents/GitHub/MechwarriorRecomp/research/extract/decoded_pck/RIFPCK_TBL.decoded.bin,pck_object_0079_part_000_choice_000,pck_object_0079,pck_object_0079_part_000,0,0,0x00A326,3855,271,0x00A3BD,large_frame_count;frames_range_out_of_decoded_stream
C:/Users/MadCat/Documents/GitHub/MechwarriorRecomp/research/extract/decoded_pck/RIFPCK_TBL.decoded.bin,pck_object_0080_part_000_choice_000,pck_object_0080,pck_object_0080_part_000,0,0,0x00A3DE,65004,3969,0x00B2EB,large_frame_count;frames_range_out_of_decoded_stream
C:/Users/MadCat/Documents/GitHub/MechwarriorRecomp/research/extract/decoded_pck/RIFPCK_TBL.decoded.bin,pck_object_0081_part_000_choice_000,pck_object_0081,pck_object_0081_part_000,0,0,0x00A496,5,124,0x00A4A2,
C:/Users/MadCat/Documents/GitHub/MechwarriorRecomp/research/extract/decoded_pck/RIFPCK_TBL.decoded.bin,pck_object_0082_part_000_choice_000,pck_object_0082,pck_object_0082_part_000,0,0,0x00A54E,112,0,0x00A4E2,frames_range_out_of_decoded_stream
C:/Users/MadCat/Documents/GitHub/MechwarriorRecomp/research/extract/decoded_pck/RIFPCK_TBL.decoded.bin,pck_object_0083_part_000_choice_000,pck_object_0083,pck_object_0083_part_000,0,0,0x00A670,0,256,0x00A69E,
