source_file,id,object_id,part_index,part_abs_hex,transform_index,palette_or_kind,coord_table_offset,coord_abs_hex,coord_6_hex,frame_choice_count,frame_table_offset,frame_table_abs_hex,issues
C:/Users/MadCat/Documents/GitHub/MechwarriorRecomp/research/extract/decoded_pck/SHAPCK_TBL.decoded.bin,pck_object_0000_part_000,pck_object_0000,0,0x0001F2,0,22,34,0x000206,00000000F802,1,166,0x00028A,
C:/Users/MadCat/Documents/GitHub/MechwarriorRecomp/research/extract/decoded_pck/SHAPCK_TBL.decoded.bin,pck_object_0000_part_001,pck_object_0000,1,0x0001FA,14,22,34,0x00025A,38FF82001400,1,248,0x0002DC,
C:/Users/MadCat/Documents/GitHub/MechwarriorRecomp/research/extract/decoded_pck/SHAPCK_TBL.decoded.bin,pck_object_0001_part_000,pck_object_0001,0,0x000338,0,21,40,0x000352,6D0756FFE2FF,1,166,0x0003D0,
C:/Users/MadCat/Documents/GitHub/MechwarriorRecomp/research/extract/decoded_pck/SHAPCK_TBL.decoded.bin,pck_object_0001_part_001,pck_object_0001,1,0x000340,14,21,40,0x0003A6,E2FF7EFF1400,1,248,0x000422,
C:/Users/MadCat/Documents/GitHub/MechwarriorRecomp/research/extract/decoded_pck/SHAPCK_TBL.decoded.bin,pck_object_0002_part_000,pck_object_0002,0,0x000478,0,24,32,0x00048A,C20728003200,1,176,0x00051A,
C:/Users/MadCat/Documents/GitHub/MechwarriorRecomp/research/extract/decoded_pck/SHAPCK_TBL.decoded.bin,pck_object_0003_part_000,pck_object_0003,0,0x0005DE,0,24,22,0x0005E6,0CFE640018FC,1,166,0x000676,
C:/Users/MadCat/Documents/GitHub/MechwarriorRecomp/research/extract/decoded_pck/SHAPCK_TBL.decoded.bin,pck_object_0004_part_000,pck_object_0004,0,0x000744,0,68,76,0x000782,0000C00707FE,1,484,0x00091A,
C:/Users/MadCat/Documents/GitHub/MechwarriorRecomp/research/extract/decoded_pck/SHAPCK_TBL.decoded.bin,pck_object_0004_part_001,pck_object_0004,1,0x00074C,17,68,76,0x0007E8,00001AF8BDFE,1,552,0x00095E,
C:/Users/MadCat/Documents/GitHub/MechwarriorRecomp/research/extract/decoded_pck/SHAPCK_TBL.decoded.bin,pck_object_0004_part_002,pck_object_0004,2,0x000754,22,68,76,0x000806,A0FF0000FA00,1,592,0x000986,
C:/Users/MadCat/Documents/GitHub/MechwarriorRecomp/research/extract/decoded_pck/SHAPCK_TBL.decoded.bin,pck_object_0004_part_003,pck_object_0004,3,0x00075C,29,68,76,0x000830,7EFF1800C800,1,658,0x0009C8,
C:/Users/MadCat/Documents/GitHub/MechwarriorRecomp/research/extract/decoded_pck/SHAPCK_TBL.decoded.bin,pck_object_0004_part_004,pck_object_0004,4,0x000764,43,68,76,0x000884,82001800AA00,1,741,0x000A1B,
C:/Users/MadCat/Documents/GitHub/MechwarriorRecomp/research/extract/decoded_pck/SHAPCK_TBL.decoded.bin,pck_object_0004_part_005,pck_object_0004,5,0x00076C,54,68,76,0x0008C6,60000000FA00,1,823,0x000A6D,
C:/Users/MadCat/Documents/GitHub/MechwarriorRecomp/research/extract/decoded_pck/SHAPCK_TBL.decoded.bin,pck_object_0004_part_006,pck_object_0004,6,0x000774,59,68,76,0x0008E4,E0FFE0FFE2FF,1,889,0x000AAF,
C:/Users/MadCat/Documents/GitHub/MechwarriorRecomp/research/extract/decoded_pck/SHAPCK_TBL.decoded.bin,pck_object_0005_part_000,pck_object_0005,0,0x000B09,0,35,41,0x000B24,00BAFFC4FF17,1,251,0x000BF6,
C:/Users/MadCat/Documents/GitHub/MechwarriorRecomp/research/extract/decoded_pck/SHAPCK_TBL.decoded.bin,pck_object_0005_part_001,pck_object_0005,1,0x000B11,15,35,41,0x000B7E,00E2FFC4FFFA,1,347,0x000C56,
C:/Users/MadCat/Documents/GitHub/MechwarriorRecomp/research/extract/decoded_pck/SHAPCK_TBL.decoded.bin,pck_object_0006_part_000,pck_object_0006,0,0x000CCB,0,24,43,0x000CE8,FFFAFFE60059,1,187,0x000D78,
C:/Users/MadCat/Documents/GitHub/MechwarriorRecomp/research/extract/decoded_pck/SHAPCK_TBL.decoded.bin,pck_object_0006_part_001,pck_object_0006,1,0x000CD3,14,24,43,0x000D3C,FF7B000A0088,1,269,0x000DCA,
C:/Users/MadCat/Documents/GitHub/MechwarriorRecomp/research/extract/decoded_pck/SHAPCK_TBL.decoded.bin,pck_object_0007_part_000,pck_object_0007,0,0x000E1D,0,24,45,0x000E3C,00F0005FFF44,1,189,0x000ECC,
C:/Users/MadCat/Documents/GitHub/MechwarriorRecomp/research/extract/decoded_pck/SHAPCK_TBL.decoded.bin,pck_object_0007_part_001,pck_object_0007,1,0x000E25,14,24,45,0x000E90,0032009BFFB4,1,271,0x000F1E,
C:/Users/MadCat/Documents/GitHub/MechwarriorRecomp/research/extract/decoded_pck/SHAPCK_TBL.decoded.bin,pck_object_0008_part_000,pck_object_0008,0,0x000F6F,0,24,31,0x000F80,EC57000000E3,1,175,0x001010,
C:/Users/MadCat/Documents/GitHub/MechwarriorRecomp/research/extract/decoded_pck/SHAPCK_TBL.decoded.bin,pck_object_0008_part_001,pck_object_0008,1,0x000F77,14,24,31,0x000FD4,FC570038FF4A,1,257,0x001062,
C:/Users/MadCat/Documents/GitHub/MechwarriorRecomp/research/extract/decoded_pck/SHAPCK_TBL.decoded.bin,pck_object_0009_part_000,pck_object_0009,0,0x0010C1,0,23,33,0x0010D4,000000000000,1,171,0x00115E,
C:/Users/MadCat/Documents/GitHub/MechwarriorRecomp/research/extract/decoded_pck/SHAPCK_TBL.decoded.bin,pck_object_0009_part_001,pck_object_0009,1,0x0010C9,14,23,33,0x001128,0038FF0000A8,1,253,0x0011B0,
C:/Users/MadCat/Documents/GitHub/MechwarriorRecomp/research/extract/decoded_pck/SHAPCK_TBL.decoded.bin,pck_object_0010_part_000,pck_object_0010,0,0x00120D,0,24,45,0x00122C,FFF00055FFFB,1,189,0x0012BC,
C:/Users/MadCat/Documents/GitHub/MechwarriorRecomp/research/extract/decoded_pck/SHAPCK_TBL.decoded.bin,pck_object_0010_part_001,pck_object_0010,1,0x001215,14,24,45,0x001280,00000077FF44,1,271,0x00130E,
C:/Users/MadCat/Documents/GitHub/MechwarriorRecomp/research/extract/decoded_pck/SHAPCK_TBL.decoded.bin,pck_object_0011_part_000,pck_object_0011,0,0x00135F,0,23,31,0x001370,EC53FF00005D,1,169,0x0013FA,
C:/Users/MadCat/Documents/GitHub/MechwarriorRecomp/research/extract/decoded_pck/SHAPCK_TBL.decoded.bin,pck_object_0011_part_001,pck_object_0011,1,0x001367,14,23,31,0x0013C4,FC53FF38FF50,1,251,0x00144C,
C:/Users/MadCat/Documents/GitHub/MechwarriorRecomp/research/extract/decoded_pck/SHAPCK_TBL.decoded.bin,pck_object_0012_part_000,pck_object_0012,0,0x0014AB,0,24,43,0x0014C8,FFDDFFFA0055,1,187,0x001558,
C:/Users/MadCat/Documents/GitHub/MechwarriorRecomp/research/extract/decoded_pck/SHAPCK_TBL.decoded.bin,pck_object_0012_part_001,pck_object_0012,1,0x0014B3,14,24,43,0x00151C,FFDEFF0A0080,1,269,0x0015AA,
C:/Users/MadCat/Documents/GitHub/MechwarriorRecomp/research/extract/decoded_pck/SHAPCK_TBL.decoded.bin,pck_object_0013_part_000,pck_object_0013,0,0x0015FD,0,23,45,0x00161C,FFDC0056FF14,1,183,0x0016A6,
C:/Users/MadCat/Documents/GitHub/MechwarriorRecomp/research/extract/decoded_pck/SHAPCK_TBL.decoded.bin,pck_object_0013_part_001,pck_object_0013,1,0x001605,14,23,45,0x001670,00D8FF7EFF14,1,265,0x0016F8,
C:/Users/MadCat/Documents/GitHub/MechwarriorRecomp/research/extract/decoded_pck/SHAPCK_TBL.decoded.bin,pck_object_0014_part_000,pck_object_0014,0,0x001749,0,24,41,0x001764,077E00D6FFFA,1,185,0x0017F4,
C:/Users/MadCat/Documents/GitHub/MechwarriorRecomp/research/extract/decoded_pck/SHAPCK_TBL.decoded.bin,pck_object_0014_part_001,pck_object_0014,1,0x001751,14,24,41,0x0017B8,008000EAFF60,1,267,0x001846,
C:/Users/MadCat/Documents/GitHub/MechwarriorRecomp/research/extract/decoded_pck/SHAPCK_TBL.decoded.bin,pck_object_0015_part_000,pck_object_0015,0,0x00189B,0,24,43,0x0018B8,00C1FF0E0180,1,187,0x001948,
C:/Users/MadCat/Documents/GitHub/MechwarriorRecomp/research/extract/decoded_pck/SHAPCK_TBL.decoded.bin,pck_object_0015_part_001,pck_object_0015,1,0x0018A3,14,24,43,0x00190C,00CBFF7EFF98,1,269,0x00199A,
C:/Users/MadCat/Documents/GitHub/MechwarriorRecomp/research/extract/decoded_pck/SHAPCK_TBL.decoded.bin,pck_object_0016_part_000,pck_object_0016,0,0x0019ED,0,24,45,0x001A0C,FFFA00830008,1,189,0x001A9C,
C:/Users/MadCat/Documents/GitHub/MechwarriorRecomp/research/extract/decoded_pck/SHAPCK_TBL.decoded.bin,pck_object_0016_part_001,pck_object_0016,1,0x0019F5,14,24,45,0x001A60,FF6AFF9C00D4,1,271,0x001AEE,
C:/Users/MadCat/Documents/GitHub/MechwarriorRecomp/research/extract/decoded_pck/SHAPCK_TBL.decoded.bin,pck_object_0017_part_000,pck_object_0017,0,0x001B3F,0,24,31,0x001B50,130000000000,1,175,0x001BE0,
C:/Users/MadCat/Documents/GitHub/MechwarriorRecomp/research/extract/decoded_pck/SHAPCK_TBL.decoded.bin,pck_object_0017_part_001,pck_object_0017,1,0x001B47,14,24,31,0x001BA4,03000038FF00,1,257,0x001C32,
C:/Users/MadCat/Documents/GitHub/MechwarriorRecomp/research/extract/decoded_pck/SHAPCK_TBL.decoded.bin,pck_object_0018_part_000,pck_object_0018,0,0x001C91,0,24,33,0x001CA4,000000D7FF2F,1,177,0x001D34,
C:/Users/MadCat/Documents/GitHub/MechwarriorRecomp/research/extract/decoded_pck/SHAPCK_TBL.decoded.bin,pck_object_0018_part_001,pck_object_0018,1,0x001C99,14,24,33,0x001CF8,0038FF78FFFB,1,259,0x001D86,
C:/Users/MadCat/Documents/GitHub/MechwarriorRecomp/research/extract/decoded_pck/SHAPCK_TBL.decoded.bin,pck_object_0019_part_000,pck_object_0019,0,0x001DE3,0,23,35,0x001DF8,00B9FF8E01D7,1,173,0x001E82,
C:/Users/MadCat/Documents/GitHub/MechwarriorRecomp/research/extract/decoded_pck/SHAPCK_TBL.decoded.bin,pck_object_0019_part_001,pck_object_0019,1,0x001DEB,14,23,35,0x001E4C,FFBFFE8B0759,1,255,0x001ED4,
C:/Users/MadCat/Documents/GitHub/MechwarriorRecomp/research/extract/decoded_pck/SHAPCK_TBL.decoded.bin,pck_object_0020_part_000,pck_object_0020,0,0x001F2F,0,24,31,0x001F40,1355000000DC,1,175,0x001FD0,
C:/Users/MadCat/Documents/GitHub/MechwarriorRecomp/research/extract/decoded_pck/SHAPCK_TBL.decoded.bin,pck_object_0020_part_001,pck_object_0020,1,0x001F37,14,24,31,0x001F94,03550038FF47,1,257,0x002022,
C:/Users/MadCat/Documents/GitHub/MechwarriorRecomp/research/extract/decoded_pck/SHAPCK_TBL.decoded.bin,pck_object_0021_part_000,pck_object_0021,0,0x002081,0,23,33,0x002094,0000000000F0,1,171,0x00211E,
C:/Users/MadCat/Documents/GitHub/MechwarriorRecomp/research/extract/decoded_pck/SHAPCK_TBL.decoded.bin,pck_object_0021_part_001,pck_object_0021,1,0x002089,14,23,33,0x0020E8,0038FF0000E6,1,253,0x002170,
C:/Users/MadCat/Documents/GitHub/MechwarriorRecomp/research/extract/decoded_pck/SHAPCK_TBL.decoded.bin,pck_object_0022_part_000,pck_object_0022,0,0x0021CD,0,24,37,0x0021E4,000A00D8FFE2,1,181,0x002274,
C:/Users/MadCat/Documents/GitHub/MechwarriorRecomp/research/extract/decoded_pck/SHAPCK_TBL.decoded.bin,pck_object_0023_part_000,pck_object_0023,0,0x002333,0,24,27,0x002340,FC0000F001C2,1,171,0x0023D0,
C:/Users/MadCat/Documents/GitHub/MechwarriorRecomp/research/extract/decoded_pck/SHAPCK_TBL.decoded.bin,pck_object_0024_part_000,pck_object_0024,0,0x002499,0,24,33,0x0024AC,07D8FF320000,1,177,0x00253C,
C:/Users/MadCat/Documents/GitHub/MechwarriorRecomp/research/extract/decoded_pck/SHAPCK_TBL.decoded.bin,pck_object_0025_part_000,pck_object_0025,0,0x0025FF,0,24,23,0x002608,FE640018FC00,1,167,0x002698,
C:/Users/MadCat/Documents/GitHub/MechwarriorRecomp/research/extract/decoded_pck/SHAPCK_TBL.decoded.bin,pck_object_0026_part_000,pck_object_0026,0,0x002765,0,24,29,0x002774,00A805A805D8,1,173,0x002804,
C:/Users/MadCat/Documents/GitHub/MechwarriorRecomp/research/extract/decoded_pck/SHAPCK_TBL.decoded.bin,pck_object_0027_part_000,pck_object_0027,0,0x0028CB,0,24,35,0x0028E0,FF28001E00D8,1,179,0x002970,
C:/Users/MadCat/Documents/GitHub/MechwarriorRecomp/research/extract/decoded_pck/SHAPCK_TBL.decoded.bin,pck_object_0028_part_000,pck_object_0028,0,0x002A31,0,23,25,0x002A3C,0018FC00005A,1,163,0x002AC6,
C:/Users/MadCat/Documents/GitHub/MechwarriorRecomp/research/extract/decoded_pck/SHAPCK_TBL.decoded.bin,pck_object_0029_part_000,pck_object_0029,0,0x002B91,0,24,25,0x002B9C,0018FC000031,1,169,0x002C2C,
C:/Users/MadCat/Documents/GitHub/MechwarriorRecomp/research/extract/decoded_pck/SHAPCK_TBL.decoded.bin,pck_object_0030_part_000,pck_object_0030,0,0x002CF7,0,23,31,0x002D08,000008280032,1,169,0x002D92,
C:/Users/MadCat/Documents/GitHub/MechwarriorRecomp/research/extract/decoded_pck/SHAPCK_TBL.decoded.bin,pck_object_0031_part_000,pck_object_0031,0,0x002E57,0,24,31,0x002E68,FD7D07280028,1,175,0x002EF8,
C:/Users/MadCat/Documents/GitHub/MechwarriorRecomp/research/extract/decoded_pck/SHAPCK_TBL.decoded.bin,pck_object_0032_part_000,pck_object_0032,0,0x002FBD,0,23,37,0x002FD4,0028005A001E,1,175,0x00305E,
C:/Users/MadCat/Documents/GitHub/MechwarriorRecomp/research/extract/decoded_pck/SHAPCK_TBL.decoded.bin,pck_object_0033_part_000,pck_object_0033,0,0x00311D,0,24,37,0x003134,000A005A0032,1,181,0x0031C4,
C:/Users/MadCat/Documents/GitHub/MechwarriorRecomp/research/extract/decoded_pck/SHAPCK_TBL.decoded.bin,pck_object_0034_part_000,pck_object_0034,0,0x003283,0,24,27,0x003290,FC0000F001C2,1,171,0x003320,
C:/Users/MadCat/Documents/GitHub/MechwarriorRecomp/research/extract/decoded_pck/SHAPCK_TBL.decoded.bin,pck_object_0035_part_000,pck_object_0035,0,0x0033E9,0,24,33,0x0033FC,07280032000A,1,177,0x00348C,
C:/Users/MadCat/Documents/GitHub/MechwarriorRecomp/research/extract/decoded_pck/SHAPCK_TBL.decoded.bin,pck_object_0036_part_000,pck_object_0036,0,0x00354F,0,24,23,0x003558,01640018FC00,1,167,0x0035E8,
C:/Users/MadCat/Documents/GitHub/MechwarriorRecomp/research/extract/decoded_pck/SHAPCK_TBL.decoded.bin,pck_object_0037_part_000,pck_object_0037,0,0x0036B5,0,24,29,0x0036C4,00A805A80528,1,173,0x003754,
C:/Users/MadCat/Documents/GitHub/MechwarriorRecomp/research/extract/decoded_pck/SHAPCK_TBL.decoded.bin,pck_object_0038_part_000,pck_object_0038,0,0x00381B,0,79,83,0x003860,FF4400AA00A3,1,557,0x003A3A,
C:/Users/MadCat/Documents/GitHub/MechwarriorRecomp/research/extract/decoded_pck/SHAPCK_TBL.decoded.bin,pck_object_0038_part_001,pck_object_0038,1,0x003823,17,79,83,0x0038C6,00000000F854,1,625,0x003A7E,
C:/Users/MadCat/Documents/GitHub/MechwarriorRecomp/research/extract/decoded_pck/SHAPCK_TBL.decoded.bin,pck_object_0038_part_002,pck_object_0038,2,0x00382B,22,79,83,0x0038E4,FF080004019E,1,665,0x003AA6,
C:/Users/MadCat/Documents/GitHub/MechwarriorRecomp/research/extract/decoded_pck/SHAPCK_TBL.decoded.bin,pck_object_0038_part_003,pck_object_0038,3,0x003833,31,79,83,0x00391A,FF2300D2007C,1,731,0x003AE8,
C:/Users/MadCat/Documents/GitHub/MechwarriorRecomp/research/extract/decoded_pck/SHAPCK_TBL.decoded.bin,pck_object_0038_part_004,pck_object_0038,4,0x00383B,46,79,83,0x003974,000C00B4007F,1,814,0x003B3B,
C:/Users/MadCat/Documents/GitHub/MechwarriorRecomp/research/extract/decoded_pck/SHAPCK_TBL.decoded.bin,pck_object_0038_part_005,pck_object_0038,5,0x003843,58,79,83,0x0039BC,00F7FF04019F,1,896,0x003B8D,
C:/Users/MadCat/Documents/GitHub/MechwarriorRecomp/research/extract/decoded_pck/SHAPCK_TBL.decoded.bin,pck_object_0038_part_006,pck_object_0038,6,0x00384B,66,79,83,0x0039EC,00DDFFECFF22,1,962,0x003BCF,
C:/Users/MadCat/Documents/GitHub/MechwarriorRecomp/research/extract/decoded_pck/SHAPCK_TBL.decoded.bin,pck_object_0039_part_000,pck_object_0039,0,0x003C22,0,80,74,0x003C5E,64005F01A407,1,554,0x003E3E,
C:/Users/MadCat/Documents/GitHub/MechwarriorRecomp/research/extract/decoded_pck/SHAPCK_TBL.decoded.bin,pck_object_0039_part_001,pck_object_0039,1,0x003C2A,17,80,74,0x003CC4,CEFFA5FE37F8,1,622,0x003E82,
C:/Users/MadCat/Documents/GitHub/MechwarriorRecomp/research/extract/decoded_pck/SHAPCK_TBL.decoded.bin,pck_object_0039_part_002,pck_object_0039,2,0x003C32,22,80,74,0x003CE2,F4011FF86001,1,662,0x003EAA,
C:/Users/MadCat/Documents/GitHub/MechwarriorRecomp/research/extract/decoded_pck/SHAPCK_TBL.decoded.bin,pck_object_0039_part_003,pck_object_0039,3,0x003C3A,31,80,74,0x003D18,000024F87901,1,728,0x003EEC,
C:/Users/MadCat/Documents/GitHub/MechwarriorRecomp/research/extract/decoded_pck/SHAPCK_TBL.decoded.bin,pck_object_0039_part_004,pck_object_0039,4,0x003C42,46,80,74,0x003D72,0000DC0787FE,1,811,0x003F3F,
C:/Users/MadCat/Documents/GitHub/MechwarriorRecomp/research/extract/decoded_pck/SHAPCK_TBL.decoded.bin,pck_object_0039_part_005,pck_object_0039,5,0x003C4A,60,80,74,0x003DC6,F401E107A0FE,1,893,0x003F91,
C:/Users/MadCat/Documents/GitHub/MechwarriorRecomp/research/extract/decoded_pck/SHAPCK_TBL.decoded.bin,pck_object_0039_part_006,pck_object_0039,6,0x003C52,67,80,74,0x003DF0,18FCDAFFE6FF,1,959,0x003FD3,
C:/Users/MadCat/Documents/GitHub/MechwarriorRecomp/research/extract/decoded_pck/SHAPCK_TBL.decoded.bin,pck_object_0040_part_000,pck_object_0040,0,0x00402F,0,79,71,0x004068,0031006400AF,1,545,0x004242,
C:/Users/MadCat/Documents/GitHub/MechwarriorRecomp/research/extract/decoded_pck/SHAPCK_TBL.decoded.bin,pck_object_0040_part_001,pck_object_0040,1,0x004037,17,79,71,0x0040CE,FF0DFECEFF4E,1,613,0x004286,
C:/Users/MadCat/Documents/GitHub/MechwarriorRecomp/research/extract/decoded_pck/SHAPCK_TBL.decoded.bin,pck_object_0040_part_002,pck_object_0040,2,0x00403F,22,79,71,0x0040EC,FE1D02F40109,1,653,0x0042AE,
C:/Users/MadCat/Documents/GitHub/MechwarriorRecomp/research/extract/decoded_pck/SHAPCK_TBL.decoded.bin,pck_object_0040_part_003,pck_object_0040,3,0x004047,31,79,71,0x004122,FC5700000008,1,719,0x0042F0,
C:/Users/MadCat/Documents/GitHub/MechwarriorRecomp/research/extract/decoded_pck/SHAPCK_TBL.decoded.bin,pck_object_0040_part_004,pck_object_0040,4,0x00404F,46,79,71,0x00417C,03A8FF0000F8,1,802,0x004343,
C:/Users/MadCat/Documents/GitHub/MechwarriorRecomp/research/extract/decoded_pck/SHAPCK_TBL.decoded.bin,pck_object_0040_part_005,pck_object_0040,5,0x004057,58,79,71,0x0041C4,02C601F401F9,1,884,0x004395,
C:/Users/MadCat/Documents/GitHub/MechwarriorRecomp/research/extract/decoded_pck/SHAPCK_TBL.decoded.bin,pck_object_0040_part_006,pck_object_0040,6,0x00405F,66,79,71,0x0041F4,00310018FCDD,1,950,0x0043D7,
C:/Users/MadCat/Documents/GitHub/MechwarriorRecomp/research/extract/decoded_pck/SHAPCK_TBL.decoded.bin,pck_object_0041_part_000,pck_object_0041,0,0x004436,0,68,78,0x004476,C00707FEA0FF,1,486,0x00460E,
C:/Users/MadCat/Documents/GitHub/MechwarriorRecomp/research/extract/decoded_pck/SHAPCK_TBL.decoded.bin,pck_object_0041_part_001,pck_object_0041,1,0x00443E,17,68,78,0x0044DC,1AF8BDFE0000,1,554,0x004652,
C:/Users/MadCat/Documents/GitHub/MechwarriorRecomp/research/extract/decoded_pck/SHAPCK_TBL.decoded.bin,pck_object_0041_part_002,pck_object_0041,2,0x004446,22,68,78,0x0044FA,0000FA000000,1,594,0x00467A,
C:/Users/MadCat/Documents/GitHub/MechwarriorRecomp/research/extract/decoded_pck/SHAPCK_TBL.decoded.bin,pck_object_0041_part_003,pck_object_0041,3,0x00444E,29,68,78,0x004524,1800C8007EFF,1,660,0x0046BC,
C:/Users/MadCat/Documents/GitHub/MechwarriorRecomp/research/extract/decoded_pck/SHAPCK_TBL.decoded.bin,pck_object_0041_part_004,pck_object_0041,4,0x004456,43,68,78,0x004578,1800AA008200,1,743,0x00470F,
C:/Users/MadCat/Documents/GitHub/MechwarriorRecomp/research/extract/decoded_pck/SHAPCK_TBL.decoded.bin,pck_object_0041_part_005,pck_object_0041,5,0x00445E,54,68,78,0x0045BA,0000FA002000,1,825,0x004761,
C:/Users/MadCat/Documents/GitHub/MechwarriorRecomp/research/extract/decoded_pck/SHAPCK_TBL.decoded.bin,pck_object_0041_part_006,pck_object_0041,6,0x004466,59,68,78,0x0045D8,E0FFE2FF2000,1,891,0x0047A3,
C:/Users/MadCat/Documents/GitHub/MechwarriorRecomp/research/extract/decoded_pck/SHAPCK_TBL.decoded.bin,pck_object_0042_part_000,pck_object_0042,0,0x0047FB,0,79,83,0x004840,FF3300AA009D,1,557,0x004A1A,
C:/Users/MadCat/Documents/GitHub/MechwarriorRecomp/research/extract/decoded_pck/SHAPCK_TBL.decoded.bin,pck_object_0042_part_001,pck_object_0042,1,0x004803,17,79,83,0x0048A6,00000000F85A,1,625,0x004A5E,
C:/Users/MadCat/Documents/GitHub/MechwarriorRecomp/research/extract/decoded_pck/SHAPCK_TBL.decoded.bin,pck_object_0042_part_002,pck_object_0042,2,0x00480B,22,79,83,0x0048C4,FFF7FF040162,1,665,0x004A86,
C:/Users/MadCat/Documents/GitHub/MechwarriorRecomp/research/extract/decoded_pck/SHAPCK_TBL.decoded.bin,pck_object_0042_part_003,pck_object_0042,3,0x004813,31,79,83,0x0048FA,FF0C00D20080,1,731,0x004AC8,
C:/Users/MadCat/Documents/GitHub/MechwarriorRecomp/research/extract/decoded_pck/SHAPCK_TBL.decoded.bin,pck_object_0042_part_004,pck_object_0042,4,0x00481B,46,79,83,0x004954,002300B40083,1,814,0x004B1B,
C:/Users/MadCat/Documents/GitHub/MechwarriorRecomp/research/extract/decoded_pck/SHAPCK_TBL.decoded.bin,pck_object_0042_part_005,pck_object_0042,5,0x004823,58,79,83,0x00499C,000800040162,1,896,0x004B6D,
C:/Users/MadCat/Documents/GitHub/MechwarriorRecomp/research/extract/decoded_pck/SHAPCK_TBL.decoded.bin,pck_object_0042_part_006,pck_object_0042,6,0x00482B,66,79,83,0x0049CC,00E2FFECFF1D,1,962,0x004BAF,
C:/Users/MadCat/Documents/GitHub/MechwarriorRecomp/research/extract/decoded_pck/SHAPCK_TBL.decoded.bin,pck_object_0043_part_000,pck_object_0043,0,0x004C02,0,80,74,0x004C3E,6400A3FEA007,1,554,0x004E1E,
C:/Users/MadCat/Documents/GitHub/MechwarriorRecomp/research/extract/decoded_pck/SHAPCK_TBL.decoded.bin,pck_object_0043_part_001,pck_object_0043,1,0x004C0A,17,80,74,0x004CA4,CEFF5B0139F8,1,622,0x004E62,
C:/Users/MadCat/Documents/GitHub/MechwarriorRecomp/research/extract/decoded_pck/SHAPCK_TBL.decoded.bin,pck_object_0043_part_002,pck_object_0043,2,0x004C12,22,80,74,0x004CC2,F4011FF8A0FE,1,662,0x004E8A,
C:/Users/MadCat/Documents/GitHub/MechwarriorRecomp/research/extract/decoded_pck/SHAPCK_TBL.decoded.bin,pck_object_0043_part_003,pck_object_0043,3,0x004C1A,31,80,74,0x004CF8,000024F887FE,1,728,0x004ECC,
C:/Users/MadCat/Documents/GitHub/MechwarriorRecomp/research/extract/decoded_pck/SHAPCK_TBL.decoded.bin,pck_object_0043_part_004,pck_object_0043,4,0x004C22,46,80,74,0x004D52,0000DC077901,1,811,0x004F1F,
C:/Users/MadCat/Documents/GitHub/MechwarriorRecomp/research/extract/decoded_pck/SHAPCK_TBL.decoded.bin,pck_object_0043_part_005,pck_object_0043,5,0x004C2A,60,80,74,0x004DA6,F401E1076001,1,893,0x004F71,
C:/Users/MadCat/Documents/GitHub/MechwarriorRecomp/research/extract/decoded_pck/SHAPCK_TBL.decoded.bin,pck_object_0043_part_006,pck_object_0043,6,0x004C32,67,80,74,0x004DD0,18FCE5FFDAFF,1,959,0x004FB3,
C:/Users/MadCat/Documents/GitHub/MechwarriorRecomp/research/extract/decoded_pck/SHAPCK_TBL.decoded.bin,pck_object_0044_part_000,pck_object_0044,0,0x00500F,0,79,71,0x005048,FF3100640051,1,545,0x005222,
C:/Users/MadCat/Documents/GitHub/MechwarriorRecomp/research/extract/decoded_pck/SHAPCK_TBL.decoded.bin,pck_object_0044_part_001,pck_object_0044,1,0x005017,17,79,71,0x0050AE,000DFECEFFA7,1,613,0x005266,
C:/Users/MadCat/Documents/GitHub/MechwarriorRecomp/research/extract/decoded_pck/SHAPCK_TBL.decoded.bin,pck_object_0044_part_002,pck_object_0044,2,0x00501F,22,79,71,0x0050CC,FDC701F40107,1,653,0x00528E,
C:/Users/MadCat/Documents/GitHub/MechwarriorRecomp/research/extract/decoded_pck/SHAPCK_TBL.decoded.bin,pck_object_0044_part_003,pck_object_0044,3,0x005027,31,79,71,0x005102,FCAAFF000008,1,719,0x0052D0,
C:/Users/MadCat/Documents/GitHub/MechwarriorRecomp/research/extract/decoded_pck/SHAPCK_TBL.decoded.bin,pck_object_0044_part_004,pck_object_0044,4,0x00502F,46,79,71,0x00515C,0355000000F8,1,802,0x005323,
C:/Users/MadCat/Documents/GitHub/MechwarriorRecomp/research/extract/decoded_pck/SHAPCK_TBL.decoded.bin,pck_object_0044_part_005,pck_object_0044,5,0x005037,58,79,71,0x0051A4,011D02F401F7,1,884,0x005375,
C:/Users/MadCat/Documents/GitHub/MechwarriorRecomp/research/extract/decoded_pck/SHAPCK_TBL.decoded.bin,pck_object_0044_part_006,pck_object_0044,6,0x00503F,66,79,71,0x0051D4,FF310018FCE2,1,950,0x0053B7,
C:/Users/MadCat/Documents/GitHub/MechwarriorRecomp/research/extract/decoded_pck/SHAPCK_TBL.decoded.bin,pck_object_0045_part_000,pck_object_0045,0,0x005416,0,68,78,0x005456,C00707FEA0FF,1,486,0x0055EE,
C:/Users/MadCat/Documents/GitHub/MechwarriorRecomp/research/extract/decoded_pck/SHAPCK_TBL.decoded.bin,pck_object_0045_part_001,pck_object_0045,1,0x00541E,17,68,78,0x0054BC,1AF8BDFE0000,1,554,0x005632,
C:/Users/MadCat/Documents/GitHub/MechwarriorRecomp/research/extract/decoded_pck/SHAPCK_TBL.decoded.bin,pck_object_0045_part_002,pck_object_0045,2,0x005426,22,68,78,0x0054DA,0000FA000000,1,594,0x00565A,
C:/Users/MadCat/Documents/GitHub/MechwarriorRecomp/research/extract/decoded_pck/SHAPCK_TBL.decoded.bin,pck_object_0045_part_003,pck_object_0045,3,0x00542E,29,68,78,0x005504,1800C8007EFF,1,660,0x00569C,
C:/Users/MadCat/Documents/GitHub/MechwarriorRecomp/research/extract/decoded_pck/SHAPCK_TBL.decoded.bin,pck_object_0045_part_004,pck_object_0045,4,0x005436,43,68,78,0x005558,1800AA008200,1,743,0x0056EF,
C:/Users/MadCat/Documents/GitHub/MechwarriorRecomp/research/extract/decoded_pck/SHAPCK_TBL.decoded.bin,pck_object_0045_part_005,pck_object_0045,5,0x00543E,54,68,78,0x00559A,0000FA002000,1,825,0x005741,
C:/Users/MadCat/Documents/GitHub/MechwarriorRecomp/research/extract/decoded_pck/SHAPCK_TBL.decoded.bin,pck_object_0045_part_006,pck_object_0045,6,0x005446,59,68,78,0x0055B8,E0FFE2FF2000,1,891,0x005783,
C:/Users/MadCat/Documents/GitHub/MechwarriorRecomp/research/extract/decoded_pck/SHAPCK_TBL.decoded.bin,pck_object_0046_part_000,pck_object_0046,0,0x0057DB,0,35,43,0x0057F8,FFCAFF2101C2,1,253,0x0058CA,
C:/Users/MadCat/Documents/GitHub/MechwarriorRecomp/research/extract/decoded_pck/SHAPCK_TBL.decoded.bin,pck_object_0046_part_001,pck_object_0046,1,0x0057E3,15,35,43,0x005852,FFC6FF0401E2,1,349,0x00592A,
C:/Users/MadCat/Documents/GitHub/MechwarriorRecomp/research/extract/decoded_pck/SHAPCK_TBL.decoded.bin,pck_object_0047_part_000,pck_object_0047,0,0x00599D,0,35,45,0x0059BC,FF2B01BEFFCD,1,255,0x005A8E,
C:/Users/MadCat/Documents/GitHub/MechwarriorRecomp/research/extract/decoded_pck/SHAPCK_TBL.decoded.bin,pck_object_0047_part_001,pck_object_0047,1,0x0059A5,15,35,45,0x005A16,FF0E01E2FF05,1,351,0x005AEE,
C:/Users/MadCat/Documents/GitHub/MechwarriorRecomp/research/extract/decoded_pck/SHAPCK_TBL.decoded.bin,pck_object_0048_part_000,pck_object_0048,0,0x005B5F,0,35,31,0x005B70,FC4902D0071C,1,241,0x005C42,
C:/Users/MadCat/Documents/GitHub/MechwarriorRecomp/research/extract/decoded_pck/SHAPCK_TBL.decoded.bin,pck_object_0048_part_001,pck_object_0048,1,0x005B67,15,35,31,0x005BCA,008E01E80308,1,337,0x005CA2,
C:/Users/MadCat/Documents/GitHub/MechwarriorRecomp/research/extract/decoded_pck/SHAPCK_TBL.decoded.bin,pck_object_0049_part_000,pck_object_0049,0,0x005D21,0,35,33,0x005D34,01D007B5FF03,1,243,0x005E06,
C:/Users/MadCat/Documents/GitHub/MechwarriorRecomp/research/extract/decoded_pck/SHAPCK_TBL.decoded.bin,pck_object_0049_part_001,pck_object_0049,1,0x005D29,15,35,33,0x005D8E,01E80300F800,1,339,0x005E66,
C:/Users/MadCat/Documents/GitHub/MechwarriorRecomp/research/extract/decoded_pck/SHAPCK_TBL.decoded.bin,pck_object_0050_part_000,pck_object_0050,0,0x005EE3,0,35,35,0x005EF8,07460003F846,1,245,0x005FCA,
C:/Users/MadCat/Documents/GitHub/MechwarriorRecomp/research/extract/decoded_pck/SHAPCK_TBL.decoded.bin,pck_object_0050_part_001,pck_object_0050,1,0x005EEB,15,35,35,0x005F52,030AF83EFFDB,1,341,0x00602A,
C:/Users/MadCat/Documents/GitHub/MechwarriorRecomp/research/extract/decoded_pck/SHAPCK_TBL.decoded.bin,pck_object_0051_part_000,pck_object_0051,0,0x0060A5,0,35,37,0x0060BC,0121F84500C5,1,247,0x00618E,
C:/Users/MadCat/Documents/GitHub/MechwarriorRecomp/research/extract/decoded_pck/SHAPCK_TBL.decoded.bin,pck_object_0051_part_001,pck_object_0051,1,0x0060AD,15,35,37,0x006116,F8A2FEF5FFEC,1,343,0x0061EE,
C:/Users/MadCat/Documents/GitHub/MechwarriorRecomp/research/extract/decoded_pck/SHAPCK_TBL.decoded.bin,pck_object_0052_part_000,pck_object_0052,0,0x006267,0,35,39,0x006280,F84600BFFFBE,1,249,0x006352,
C:/Users/MadCat/Documents/GitHub/MechwarriorRecomp/research/extract/decoded_pck/SHAPCK_TBL.decoded.bin,pck_object_0052_part_001,pck_object_0052,1,0x00626F,15,35,39,0x0062DA,FFDBFFE7FFC1,1,345,0x0063B2,
C:/Users/MadCat/Documents/GitHub/MechwarriorRecomp/research/extract/decoded_pck/SHAPCK_TBL.decoded.bin,pck_object_0053_part_000,pck_object_0053,0,0x006429,0,35,41,0x006444,00BAFFC4FF17,1,251,0x006516,
C:/Users/MadCat/Documents/GitHub/MechwarriorRecomp/research/extract/decoded_pck/SHAPCK_TBL.decoded.bin,pck_object_0053_part_001,pck_object_0053,1,0x006431,15,35,41,0x00649E,00E2FFC4FFFA,1,347,0x006576,
C:/Users/MadCat/Documents/GitHub/MechwarriorRecomp/research/extract/decoded_pck/SHAPCK_TBL.decoded.bin,pck_object_0054_part_000,pck_object_0054,0,0x0065EB,0,23,43,0x006608,004600F00082,1,181,0x006692,
C:/Users/MadCat/Documents/GitHub/MechwarriorRecomp/research/extract/decoded_pck/SHAPCK_TBL.decoded.bin,pck_object_0054_part_001,pck_object_0054,1,0x0065F3,14,23,43,0x00665C,009CFF7EFFA0,1,263,0x0066E4,
C:/Users/MadCat/Documents/GitHub/MechwarriorRecomp/research/extract/decoded_pck/SHAPCK_TBL.decoded.bin,pck_object_0055_part_000,pck_object_0055,0,0x006737,0,23,39,0x006750,08000082006E,1,177,0x0067DA,
C:/Users/MadCat/Documents/GitHub/MechwarriorRecomp/research/extract/decoded_pck/SHAPCK_TBL.decoded.bin,pck_object_0055_part_001,pck_object_0055,1,0x00673F,14,23,39,0x0067A4,03E8F8820006,1,259,0x00682C,
C:/Users/MadCat/Documents/GitHub/MechwarriorRecomp/research/extract/decoded_pck/SHAPCK_TBL.decoded.bin,pck_object_0056_part_000,pck_object_0056,0,0x006883,0,23,35,0x006898,000000660634,1,173,0x006922,
C:/Users/MadCat/Documents/GitHub/MechwarriorRecomp/research/extract/decoded_pck/SHAPCK_TBL.decoded.bin,pck_object_0056_part_001,pck_object_0056,1,0x00688B,14,23,35,0x0068EC,FF00004B0002,1,255,0x006974,
C:/Users/MadCat/Documents/GitHub/MechwarriorRecomp/research/extract/decoded_pck/SHAPCK_TBL.decoded.bin,pck_object_0057_part_000,pck_object_0057,0,0x0069CF,0,23,31,0x0069E0,130000000000,1,169,0x006A6A,
C:/Users/MadCat/Documents/GitHub/MechwarriorRecomp/research/extract/decoded_pck/SHAPCK_TBL.decoded.bin,pck_object_0057_part_001,pck_object_0057,1,0x0069D7,14,23,31,0x006A34,030CFE38FF00,1,251,0x006ABC,
C:/Users/MadCat/Documents/GitHub/MechwarriorRecomp/research/extract/decoded_pck/SHAPCK_TBL.decoded.bin,pck_object_0058_part_000,pck_object_0058,0,0x006B1B,0,23,43,0x006B38,00DC00780082,1,181,0x006BC2,
C:/Users/MadCat/Documents/GitHub/MechwarriorRecomp/research/extract/decoded_pck/SHAPCK_TBL.decoded.bin,pck_object_0058_part_001,pck_object_0058,1,0x006B23,14,23,43,0x006B8C,00B0FF60FFA0,1,263,0x006C14,
C:/Users/MadCat/Documents/GitHub/MechwarriorRecomp/research/extract/decoded_pck/SHAPCK_TBL.decoded.bin,pck_object_0059_part_000,pck_object_0059,0,0x006C67,0,23,39,0x006C80,079303820022,1,177,0x006D0A,
C:/Users/MadCat/Documents/GitHub/MechwarriorRecomp/research/extract/decoded_pck/SHAPCK_TBL.decoded.bin,pck_object_0059_part_001,pck_object_0059,1,0x006C6F,14,23,39,0x006CD4,0627FB820046,1,259,0x006D5C,
C:/Users/MadCat/Documents/GitHub/MechwarriorRecomp/research/extract/decoded_pck/SHAPCK_TBL.decoded.bin,pck_object_0060_part_000,pck_object_0060,0,0x006DB3,0,23,35,0x006DC8,000000DC061D,1,173,0x006E52,
C:/Users/MadCat/Documents/GitHub/MechwarriorRecomp/research/extract/decoded_pck/SHAPCK_TBL.decoded.bin,pck_object_0060_part_001,pck_object_0060,1,0x006DBB,14,23,35,0x006E1C,FF000027076D,1,255,0x006EA4,
C:/Users/MadCat/Documents/GitHub/MechwarriorRecomp/research/extract/decoded_pck/SHAPCK_TBL.decoded.bin,pck_object_0061_part_000,pck_object_0061,0,0x006EFF,0,23,31,0x006F10,EC0000000000,1,169,0x006F9A,
C:/Users/MadCat/Documents/GitHub/MechwarriorRecomp/research/extract/decoded_pck/SHAPCK_TBL.decoded.bin,pck_object_0061_part_001,pck_object_0061,1,0x006F07,14,23,31,0x006F64,FC0CFE38FF00,1,251,0x006FEC,
C:/Users/MadCat/Documents/GitHub/MechwarriorRecomp/research/extract/decoded_pck/SHAPCK_TBL.decoded.bin,pck_object_0062_part_000,pck_object_0062,0,0x00704B,0,23,43,0x007068,FFC8008C0056,1,181,0x0070F2,
C:/Users/MadCat/Documents/GitHub/MechwarriorRecomp/research/extract/decoded_pck/SHAPCK_TBL.decoded.bin,pck_object_0062_part_001,pck_object_0062,1,0x007053,14,23,43,0x0070BC,FFC4FF8C007E,1,263,0x007144,
C:/Users/MadCat/Documents/GitHub/MechwarriorRecomp/research/extract/decoded_pck/SHAPCK_TBL.decoded.bin,pck_object_0063_part_000,pck_object_0063,0,0x007197,0,23,39,0x0071B0,076FFE56FFDC,1,177,0x00723A,
C:/Users/MadCat/Documents/GitHub/MechwarriorRecomp/research/extract/decoded_pck/SHAPCK_TBL.decoded.bin,pck_object_0063_part_001,pck_object_0063,1,0x00719F,14,23,39,0x007204,03D9F860FFEC,1,259,0x00728C,
C:/Users/MadCat/Documents/GitHub/MechwarriorRecomp/research/extract/decoded_pck/SHAPCK_TBL.decoded.bin,pck_object_0064_part_000,pck_object_0064,0,0x0072E3,0,23,35,0x0072F8,000000D80791,1,173,0x007382,
C:/Users/MadCat/Documents/GitHub/MechwarriorRecomp/research/extract/decoded_pck/SHAPCK_TBL.decoded.bin,pck_object_0064_part_001,pck_object_0064,1,0x0072EB,14,23,35,0x00734C,FF0000500506,1,255,0x0073D4,
C:/Users/MadCat/Documents/GitHub/MechwarriorRecomp/research/extract/decoded_pck/SHAPCK_TBL.decoded.bin,pck_object_0065_part_000,pck_object_0065,0,0x00742F,0,23,31,0x007440,EC0000000000,1,169,0x0074CA,
C:/Users/MadCat/Documents/GitHub/MechwarriorRecomp/research/extract/decoded_pck/SHAPCK_TBL.decoded.bin,pck_object_0065_part_001,pck_object_0065,1,0x007437,14,23,31,0x007494,FC0CFE38FF00,1,251,0x00751C,
C:/Users/MadCat/Documents/GitHub/MechwarriorRecomp/research/extract/decoded_pck/SHAPCK_TBL.decoded.bin,pck_object_0066_part_000,pck_object_0066,0,0x00757B,0,24,35,0x007590,00320014005A,1,179,0x007620,
C:/Users/MadCat/Documents/GitHub/MechwarriorRecomp/research/extract/decoded_pck/SHAPCK_TBL.decoded.bin,pck_object_0067_part_000,pck_object_0067,0,0x0076E1,0,24,25,0x0076EC,0018FC000002,1,169,0x00777C,
C:/Users/MadCat/Documents/GitHub/MechwarriorRecomp/research/extract/decoded_pck/SHAPCK_TBL.decoded.bin,pck_object_0068_part_000,pck_object_0068,0,0x007847,0,24,31,0x007858,FEC207280028,1,175,0x0078E8,
C:/Users/MadCat/Documents/GitHub/MechwarriorRecomp/research/extract/decoded_pck/SHAPCK_TBL.decoded.bin,pck_object_0069_part_000,pck_object_0069,0,0x0079AD,0,24,37,0x0079C4,00ECFF5A0028,1,181,0x007A54,
C:/Users/MadCat/Documents/GitHub/MechwarriorRecomp/research/extract/decoded_pck/SHAPCK_TBL.decoded.bin,pck_object_0070_part_000,pck_object_0070,0,0x007B13,0,24,27,0x007B20,FC000008FCF2,1,171,0x007BB0,
C:/Users/MadCat/Documents/GitHub/MechwarriorRecomp/research/extract/decoded_pck/SHAPCK_TBL.decoded.bin,pck_object_0071_part_000,pck_object_0071,0,0x007C79,0,24,33,0x007C8C,072800C800F6,1,177,0x007D1C,
C:/Users/MadCat/Documents/GitHub/MechwarriorRecomp/research/extract/decoded_pck/SHAPCK_TBL.decoded.bin,pck_object_0072_part_000,pck_object_0072,0,0x007DDF,0,24,23,0x007DE8,FE640018FC00,1,167,0x007E78,
C:/Users/MadCat/Documents/GitHub/MechwarriorRecomp/research/extract/decoded_pck/SHAPCK_TBL.decoded.bin,pck_object_0073_part_000,pck_object_0073,0,0x007F45,0,24,29,0x007F54,0002FFF007D8,1,173,0x007FE4,
C:/Users/MadCat/Documents/GitHub/MechwarriorRecomp/research/extract/decoded_pck/SHAPCK_TBL.decoded.bin,pck_object_0074_part_000,pck_object_0074,0,0x0080AB,0,24,35,0x0080C0,FF2800F6FFD8,1,179,0x008150,
C:/Users/MadCat/Documents/GitHub/MechwarriorRecomp/research/extract/decoded_pck/SHAPCK_TBL.decoded.bin,pck_object_0075_part_000,pck_object_0075,0,0x008211,0,24,25,0x00821C,0018FC000008,1,169,0x0082AC,
C:/Users/MadCat/Documents/GitHub/MechwarriorRecomp/research/extract/decoded_pck/SHAPCK_TBL.decoded.bin,pck_object_0076_part_000,pck_object_0076,0,0x008377,0,24,31,0x008388,FCF206D8FF46,1,175,0x008418,
C:/Users/MadCat/Documents/GitHub/MechwarriorRecomp/research/extract/decoded_pck/SHAPCK_TBL.decoded.bin,pck_object_0077_part_000,pck_object_0077,0,0x0084DD,0,24,37,0x0084F4,00F6FFD8FF78,1,181,0x008584,
C:/Users/MadCat/Documents/GitHub/MechwarriorRecomp/research/extract/decoded_pck/SHAPCK_TBL.decoded.bin,pck_object_0078_part_000,pck_object_0078,0,0x008643,0,76,67,0x008678,000000FE061E,1,523,0x008840,
C:/Users/MadCat/Documents/GitHub/MechwarriorRecomp/research/extract/decoded_pck/SHAPCK_TBL.decoded.bin,pck_object_0078_part_001,pck_object_0078,1,0x00864B,17,76,67,0x0086DE,0102F8480017,1,591,0x008884,
C:/Users/MadCat/Documents/GitHub/MechwarriorRecomp/research/extract/decoded_pck/SHAPCK_TBL.decoded.bin,pck_object_0078_part_002,pck_object_0078,2,0x008653,26,76,67,0x008714,FF01F82900F4,1,657,0x0088C6,
C:/Users/MadCat/Documents/GitHub/MechwarriorRecomp/research/extract/decoded_pck/SHAPCK_TBL.decoded.bin,pck_object_0078_part_003,pck_object_0078,3,0x00865B,41,76,67,0x00876E,00FF07D9FF0C,1,740,0x008919,
C:/Users/MadCat/Documents/GitHub/MechwarriorRecomp/research/extract/decoded_pck/SHAPCK_TBL.decoded.bin,pck_object_0078_part_004,pck_object_0078,4,0x008663,55,76,67,0x0087C2,01FE07B8FFE9,1,822,0x00896B,
C:/Users/MadCat/Documents/GitHub/MechwarriorRecomp/research/extract/decoded_pck/SHAPCK_TBL.decoded.bin,pck_object_0078_part_005,pck_object_0078,5,0x00866B,62,76,67,0x0087EC,FC2700BCFD55,1,888,0x0089AD,
C:/Users/MadCat/Documents/GitHub/MechwarriorRecomp/research/extract/decoded_pck/SHAPCK_TBL.decoded.bin,pck_object_0079_part_000,pck_object_0079,0,0x008A08,0,76,72,0x008A42,80FBA0FF8300,1,528,0x008C0A,
C:/Users/MadCat/Documents/GitHub/MechwarriorRecomp/research/extract/decoded_pck/SHAPCK_TBL.decoded.bin,pck_object_0079_part_001,pck_object_0079,1,0x008A10,17,76,72,0x008AA8,0900A0FF6900,1,596,0x008C4E,
C:/Users/MadCat/Documents/GitHub/MechwarriorRecomp/research/extract/decoded_pck/SHAPCK_TBL.decoded.bin,pck_object_0079_part_002,pck_object_0079,2,0x008A18,26,76,72,0x008ADE,F3FF7EFF6F00,1,662,0x008C90,
C:/Users/MadCat/Documents/GitHub/MechwarriorRecomp/research/extract/decoded_pck/SHAPCK_TBL.decoded.bin,pck_object_0079_part_003,pck_object_0079,3,0x008A20,41,76,72,0x008B38,0E0082006400,1,745,0x008CE3,
C:/Users/MadCat/Documents/GitHub/MechwarriorRecomp/research/extract/decoded_pck/SHAPCK_TBL.decoded.bin,pck_object_0079_part_004,pck_object_0079,4,0x008A28,55,76,72,0x008B8C,F7FF60006900,1,827,0x008D35,
C:/Users/MadCat/Documents/GitHub/MechwarriorRecomp/research/extract/decoded_pck/SHAPCK_TBL.decoded.bin,pck_object_0079_part_005,pck_object_0079,5,0x008A30,62,76,72,0x008BB6,7EF8DFFFEBFF,1,893,0x008D77,
C:/Users/MadCat/Documents/GitHub/MechwarriorRecomp/research/extract/decoded_pck/SHAPCK_TBL.decoded.bin,pck_object_0080_part_000,pck_object_0080,0,0x008DCD,0,77,77,0x008E0C,003700A0FF4A,1,539,0x008FDA,
C:/Users/MadCat/Documents/GitHub/MechwarriorRecomp/research/extract/decoded_pck/SHAPCK_TBL.decoded.bin,pck_object_0080_part_001,pck_object_0080,1,0x008DD5,17,77,77,0x008E72,00A4000000FF,1,607,0x00901E,
C:/Users/MadCat/Documents/GitHub/MechwarriorRecomp/research/extract/decoded_pck/SHAPCK_TBL.decoded.bin,pck_object_0080_part_002,pck_object_0080,2,0x008DDD,26,77,77,0x008EA8,006C007DFF72,1,673,0x009060,
C:/Users/MadCat/Documents/GitHub/MechwarriorRecomp/research/extract/decoded_pck/SHAPCK_TBL.decoded.bin,pck_object_0080_part_003,pck_object_0080,3,0x008DE5,41,77,77,0x008F02,005500810061,1,756,0x0090B3,
C:/Users/MadCat/Documents/GitHub/MechwarriorRecomp/research/extract/decoded_pck/SHAPCK_TBL.decoded.bin,pck_object_0080_part_004,pck_object_0080,4,0x008DED,55,77,77,0x008F56,00A4002000A3,1,838,0x009105,
C:/Users/MadCat/Documents/GitHub/MechwarriorRecomp/research/extract/decoded_pck/SHAPCK_TBL.decoded.bin,pck_object_0080_part_005,pck_object_0080,5,0x008DF5,63,77,77,0x008F86,FFD1FF1E00E8,1,904,0x009147,
C:/Users/MadCat/Documents/GitHub/MechwarriorRecomp/research/extract/decoded_pck/SHAPCK_TBL.decoded.bin,pck_object_0081_part_000,pck_object_0081,0,0x009198,0,73,72,0x0091D2,26F9A0FFBB00,1,510,0x009388,
C:/Users/MadCat/Documents/GitHub/MechwarriorRecomp/research/extract/decoded_pck/SHAPCK_TBL.decoded.bin,pck_object_0081_part_001,pck_object_0081,1,0x0091A0,17,73,72,0x009238,F9FFA0FFD000,1,578,0x0093CC,
C:/Users/MadCat/Documents/GitHub/MechwarriorRecomp/research/extract/decoded_pck/SHAPCK_TBL.decoded.bin,pck_object_0081_part_002,pck_object_0081,2,0x0091A8,25,73,72,0x009268,00007EFFBE00,1,644,0x00940E,
C:/Users/MadCat/Documents/GitHub/MechwarriorRecomp/research/extract/decoded_pck/SHAPCK_TBL.decoded.bin,pck_object_0081_part_003,pck_object_0081,3,0x0091B0,40,73,72,0x0092C2,2E0082008600,1,727,0x009461,
C:/Users/MadCat/Documents/GitHub/MechwarriorRecomp/research/extract/decoded_pck/SHAPCK_TBL.decoded.bin,pck_object_0081_part_004,pck_object_0081,4,0x0091B8,53,73,72,0x009310,07006000D000,1,809,0x0094B3,
C:/Users/MadCat/Documents/GitHub/MechwarriorRecomp/research/extract/decoded_pck/SHAPCK_TBL.decoded.bin,pck_object_0081_part_005,pck_object_0081,5,0x0091C0,59,73,72,0x009334,49FADDFFF3FF,1,875,0x0094F5,
C:/Users/MadCat/Documents/GitHub/MechwarriorRecomp/research/extract/decoded_pck/SHAPCK_TBL.decoded.bin,pck_object_0082_part_000,pck_object_0082,0,0x00954B,0,78,75,0x009588,FFC6000D00A0,1,543,0x00975C,
C:/Users/MadCat/Documents/GitHub/MechwarriorRecomp/research/extract/decoded_pck/SHAPCK_TBL.decoded.bin,pck_object_0082_part_001,pck_object_0082,1,0x009553,17,78,75,0x0095EE,FFD200780000,1,611,0x0097A0,
C:/Users/MadCat/Documents/GitHub/MechwarriorRecomp/research/extract/decoded_pck/SHAPCK_TBL.decoded.bin,pck_object_0082_part_002,pck_object_0082,2,0x00955B,26,78,75,0x009624,FFC40042007D,1,677,0x0097E2,
C:/Users/MadCat/Documents/GitHub/MechwarriorRecomp/research/extract/decoded_pck/SHAPCK_TBL.decoded.bin,pck_object_0082_part_003,pck_object_0082,3,0x009563,41,78,75,0x00967E,00B0002C0081,1,760,0x009835,
C:/Users/MadCat/Documents/GitHub/MechwarriorRecomp/research/extract/decoded_pck/SHAPCK_TBL.decoded.bin,pck_object_0082_part_004,pck_object_0082,4,0x00956B,55,78,75,0x0096D2,00D200790003,1,842,0x009887,
C:/Users/MadCat/Documents/GitHub/MechwarriorRecomp/research/extract/decoded_pck/SHAPCK_TBL.decoded.bin,pck_object_0082_part_005,pck_object_0082,5,0x009573,64,78,75,0x009708,FF0500B7FF1E,1,908,0x0098C9,
C:/Users/MadCat/Documents/GitHub/MechwarriorRecomp/research/extract/decoded_pck/SHAPCK_TBL.decoded.bin,pck_object_0083_part_000,pck_object_0083,0,0x00991C,0,78,76,0x00995A,30014200A0FF,1,544,0x009B2E,
C:/Users/MadCat/Documents/GitHub/MechwarriorRecomp/research/extract/decoded_pck/SHAPCK_TBL.decoded.bin,pck_object_0083_part_001,pck_object_0083,1,0x009924,17,78,76,0x0099C0,3301AD000000,1,612,0x009B72,
C:/Users/MadCat/Documents/GitHub/MechwarriorRecomp/research/extract/decoded_pck/SHAPCK_TBL.decoded.bin,pck_object_0083_part_002,pck_object_0083,2,0x00992C,26,78,76,0x0099F6,290177007DFF,1,678,0x009BB4,
C:/Users/MadCat/Documents/GitHub/MechwarriorRecomp/research/extract/decoded_pck/SHAPCK_TBL.decoded.bin,pck_object_0083_part_003,pck_object_0083,3,0x009934,41,78,76,0x009A50,170160008100,1,761,0x009C07,
C:/Users/MadCat/Documents/GitHub/MechwarriorRecomp/research/extract/decoded_pck/SHAPCK_TBL.decoded.bin,pck_object_0083_part_004,pck_object_0083,4,0x00993C,55,78,76,0x009AA4,3101AF004000,1,843,0x009C59,
C:/Users/MadCat/Documents/GitHub/MechwarriorRecomp/research/extract/decoded_pck/SHAPCK_TBL.decoded.bin,pck_object_0083_part_005,pck_object_0083,5,0x009944,64,78,76,0x009ADA,7700DBFF1D00,1,909,0x009C9B,
C:/Users/MadCat/Documents/GitHub/MechwarriorRecomp/research/extract/decoded_pck/SHAPCK_TBL.decoded.bin,pck_object_0084_part_000,pck_object_0084,0,0x009CED,0,35,45,0x009D0C,001C01C6FF09,1,255,0x009DDE,
C:/Users/MadCat/Documents/GitHub/MechwarriorRecomp/research/extract/decoded_pck/SHAPCK_TBL.decoded.bin,pck_object_0084_part_001,pck_object_0084,1,0x009CF5,15,35,45,0x009D66,000001E2FF35,1,351,0x009E3E,
C:/Users/MadCat/Documents/GitHub/MechwarriorRecomp/research/extract/decoded_pck/SHAPCK_TBL.decoded.bin,pck_object_0085_part_000,pck_object_0085,0,0x009EAF,0,35,31,0x009EC0,FC8304AA06A1,1,241,0x009F92,
C:/Users/MadCat/Documents/GitHub/MechwarriorRecomp/research/extract/decoded_pck/SHAPCK_TBL.decoded.bin,pck_object_0085_part_001,pck_object_0085,1,0x009EB7,15,35,31,0x009F1A,00CE02220301,1,337,0x009FF2,
C:/Users/MadCat/Documents/GitHub/MechwarriorRecomp/research/extract/decoded_pck/SHAPCK_TBL.decoded.bin,pck_object_0086_part_000,pck_object_0086,0,0x00A071,0,35,33,0x00A084,06430571FF7D,1,243,0x00A156,
C:/Users/MadCat/Documents/GitHub/MechwarriorRecomp/research/extract/decoded_pck/SHAPCK_TBL.decoded.bin,pck_object_0086_part_001,pck_object_0086,1,0x00A079,15,35,33,0x00A0DE,034C0201F8F2,1,339,0x00A1B6,
C:/Users/MadCat/Documents/GitHub/MechwarriorRecomp/research/extract/decoded_pck/SHAPCK_TBL.decoded.bin,pck_object_0087_part_000,pck_object_0087,0,0x00A233,0,35,35,0x00A248,0499FFA4FAEC,1,245,0x00A31A,
C:/Users/MadCat/Documents/GitHub/MechwarriorRecomp/research/extract/decoded_pck/SHAPCK_TBL.decoded.bin,pck_object_0087_part_001,pck_object_0087,1,0x00A23B,15,35,35,0x00A2A2,0101F8EDFFE0,1,341,0x00A37A,
C:/Users/MadCat/Documents/GitHub/MechwarriorRecomp/research/extract/decoded_pck/SHAPCK_TBL.decoded.bin,pck_object_0088_part_000,pck_object_0088,0,0x00A3F5,0,35,37,0x00A40C,FFF7F93605B9,1,247,0x00A4DE,
C:/Users/MadCat/Documents/GitHub/MechwarriorRecomp/research/extract/decoded_pck/SHAPCK_TBL.decoded.bin,pck_object_0088_part_001,pck_object_0088,1,0x00A3FD,15,35,37,0x00A466,F8F1FFDFFFE1,1,343,0x00A53E,
C:/Users/MadCat/Documents/GitHub/MechwarriorRecomp/research/extract/decoded_pck/SHAPCK_TBL.decoded.bin,pck_object_0089_part_000,pck_object_0089,0,0x00A5B7,0,35,39,0x00A5D0,F9C604B9FF12,1,249,0x00A6A2,
C:/Users/MadCat/Documents/GitHub/MechwarriorRecomp/research/extract/decoded_pck/SHAPCK_TBL.decoded.bin,pck_object_0089_part_001,pck_object_0089,1,0x00A5BF,15,35,39,0x00A62A,001800E1FF01,1,345,0x00A702,
C:/Users/MadCat/Documents/GitHub/MechwarriorRecomp/research/extract/decoded_pck/SHAPCK_TBL.decoded.bin,pck_object_0090_part_000,pck_object_0090,0,0x00A779,0,32,41,0x00A794,0753FFA1FFBF,1,233,0x00A854,
C:/Users/MadCat/Documents/GitHub/MechwarriorRecomp/research/extract/decoded_pck/SHAPCK_TBL.decoded.bin,pck_object_0090_part_001,pck_object_0090,1,0x00A781,14,32,41,0x00A7E8,045FFF1400C5,1,315,0x00A8A6,
C:/Users/MadCat/Documents/GitHub/MechwarriorRecomp/research/extract/decoded_pck/SHAPCK_TBL.decoded.bin,pck_object_0091_part_000,pck_object_0091,0,0x00A8FB,0,26,43,0x00A918,FF55FF8D0056,1,199,0x00A9B4,
C:/Users/MadCat/Documents/GitHub/MechwarriorRecomp/research/extract/decoded_pck/SHAPCK_TBL.decoded.bin,pck_object_0091_part_001,pck_object_0091,1,0x00A903,14,26,43,0x00A96C,FF2C00D7FF7E,1,281,0x00AA06,
C:/Users/MadCat/Documents/GitHub/MechwarriorRecomp/research/extract/decoded_pck/SHAPCK_TBL.decoded.bin,pck_object_0092_part_000,pck_object_0092,0,0x00AA59,0,28,41,0x00AA74,0755FF3FFF5A,1,209,0x00AB1C,
C:/Users/MadCat/Documents/GitHub/MechwarriorRecomp/research/extract/decoded_pck/SHAPCK_TBL.decoded.bin,pck_object_0092_part_001,pck_object_0092,1,0x00AA61,14,28,41,0x00AAC8,057EFF88FFD8,1,291,0x00AB6E,
C:/Users/MadCat/Documents/GitHub/MechwarriorRecomp/research/extract/decoded_pck/SHAPCK_TBL.decoded.bin,pck_object_0093_part_000,pck_object_0093,0,0x00ABC3,0,35,35,0x00ABD8,0780FFF9F837,1,245,0x00ACAA,
C:/Users/MadCat/Documents/GitHub/MechwarriorRecomp/research/extract/decoded_pck/SHAPCK_TBL.decoded.bin,pck_object_0093_part_001,pck_object_0093,1,0x00ABCB,15,35,35,0x00AC32,0401F81A00E5,1,341,0x00AD0A,
C:/Users/MadCat/Documents/GitHub/MechwarriorRecomp/research/extract/decoded_pck/SHAPCK_TBL.decoded.bin,pck_object_0094_part_000,pck_object_0094,0,0x00AD85,0,24,37,0x00AD9C,002BF9280455,1,181,0x00AE2C,
C:/Users/MadCat/Documents/GitHub/MechwarriorRecomp/research/extract/decoded_pck/SHAPCK_TBL.decoded.bin,pck_object_0094_part_001,pck_object_0094,1,0x00AD8D,14,24,37,0x00ADF0,005E01E10760,1,263,0x00AE7E,
C:/Users/MadCat/Documents/GitHub/MechwarriorRecomp/research/extract/decoded_pck/SHAPCK_TBL.decoded.bin,pck_object_0095_part_000,pck_object_0095,0,0x00AED7,0,26,39,0x00AEF0,0272077F00A1,1,195,0x00AF8C,
C:/Users/MadCat/Documents/GitHub/MechwarriorRecomp/research/extract/decoded_pck/SHAPCK_TBL.decoded.bin,pck_object_0095_part_001,pck_object_0095,1,0x00AEDF,14,26,39,0x00AF44,060A04810055,1,277,0x00AFDE,
C:/Users/MadCat/Documents/GitHub/MechwarriorRecomp/research/extract/decoded_pck/SHAPCK_TBL.decoded.bin,pck_object_0096_part_000,pck_object_0096,0,0x00B035,0,26,37,0x00B04C,00CFFEE90781,1,193,0x00B0E8,
C:/Users/MadCat/Documents/GitHub/MechwarriorRecomp/research/extract/decoded_pck/SHAPCK_TBL.decoded.bin,pck_object_0096_part_001,pck_object_0096,1,0x00B03D,14,26,37,0x00B0A0,001A05290682,1,275,0x00B13A,
C:/Users/MadCat/Documents/GitHub/MechwarriorRecomp/research/extract/decoded_pck/SHAPCK_TBL.decoded.bin,pck_object_0097_part_000,pck_object_0097,0,0x00B193,0,26,35,0x00B1A8,000000A001D5,1,191,0x00B244,
C:/Users/MadCat/Documents/GitHub/MechwarriorRecomp/research/extract/decoded_pck/SHAPCK_TBL.decoded.bin,pck_object_0097_part_001,pck_object_0097,1,0x00B19B,14,26,35,0x00B1FC,FF00001A062C,1,273,0x00B296,
C:/Users/MadCat/Documents/GitHub/MechwarriorRecomp/research/extract/decoded_pck/SHAPCK_TBL.decoded.bin,pck_object_0098_part_000,pck_object_0098,0,0x00B2F1,0,28,33,0x00B304,02B6FC000005,1,201,0x00B3AC,
C:/Users/MadCat/Documents/GitHub/MechwarriorRecomp/research/extract/decoded_pck/SHAPCK_TBL.decoded.bin,pck_object_0098_part_001,pck_object_0098,1,0x00B2F9,14,28,33,0x00B358,FFF5FF0000F8,1,283,0x00B3FE,
C:/Users/MadCat/Documents/GitHub/MechwarriorRecomp/research/extract/decoded_pck/SHAPCK_TBL.decoded.bin,pck_object_0099_part_000,pck_object_0099,0,0x00B45B,0,24,43,0x00B478,005AFE0AFF81,1,187,0x00B508,
C:/Users/MadCat/Documents/GitHub/MechwarriorRecomp/research/extract/decoded_pck/SHAPCK_TBL.decoded.bin,pck_object_0099_part_001,pck_object_0099,1,0x00B463,14,24,43,0x00B4CC,00F7FFF3FEA0,1,269,0x00B55A,
C:/Users/MadCat/Documents/GitHub/MechwarriorRecomp/research/extract/decoded_pck/SHAPCK_TBL.decoded.bin,pck_object_0100_part_000,pck_object_0100,0,0x00B5AD,0,24,37,0x00B5C4,00F6FFD8FFCE,1,181,0x00B654,
C:/Users/MadCat/Documents/GitHub/MechwarriorRecomp/research/extract/decoded_pck/SHAPCK_TBL.decoded.bin,pck_object_0101_part_000,pck_object_0101,0,0x00B713,0,24,27,0x00B720,FC00006DFC27,1,171,0x00B7B0,
C:/Users/MadCat/Documents/GitHub/MechwarriorRecomp/research/extract/decoded_pck/SHAPCK_TBL.decoded.bin,pck_object_0102_part_000,pck_object_0102,0,0x00B879,0,24,33,0x00B88C,00D8FF74FF92,1,177,0x00B91C,
C:/Users/MadCat/Documents/GitHub/MechwarriorRecomp/research/extract/decoded_pck/SHAPCK_TBL.decoded.bin,pck_object_0103_part_000,pck_object_0103,0,0x00B9DF,0,14,23,0x00B9E8,FC63004FFF00,1,107,0x00BA3C,
C:/Users/MadCat/Documents/GitHub/MechwarriorRecomp/research/extract/decoded_pck/SHAPCK_TBL.decoded.bin,pck_object_0104_part_000,pck_object_0104,0,0x00BA9B,0,23,35,0x00BAB0,FF2EFF1AFFD8,1,173,0x00BB3A,
C:/Users/MadCat/Documents/GitHub/MechwarriorRecomp/research/extract/decoded_pck/SHAPCK_TBL.decoded.bin,pck_object_0105_part_000,pck_object_0105,0,0x00BBFB,0,24,35,0x00BC10,001E00F6FF5A,1,179,0x00BCA0,
C:/Users/MadCat/Documents/GitHub/MechwarriorRecomp/research/extract/decoded_pck/SHAPCK_TBL.decoded.bin,pck_object_0106_part_000,pck_object_0106,0,0x00BD61,0,24,25,0x00BD6C,0018FC00006D,1,169,0x00BDFC,
C:/Users/MadCat/Documents/GitHub/MechwarriorRecomp/research/extract/decoded_pck/SHAPCK_TBL.decoded.bin,pck_object_0107_part_000,pck_object_0107,0,0x00BEC7,0,24,31,0x00BED8,F8FE00280074,1,175,0x00BF68,
C:/Users/MadCat/Documents/GitHub/MechwarriorRecomp/research/extract/decoded_pck/SHAPCK_TBL.decoded.bin,pck_object_0108_part_000,pck_object_0108,0,0x00C02D,0,24,37,0x00C044,FF56FF5A002E,1,181,0x00C0D4,
C:/Users/MadCat/Documents/GitHub/MechwarriorRecomp/research/extract/decoded_pck/SHAPCK_TBL.decoded.bin,pck_object_0109_part_000,pck_object_0109,0,0x00C193,0,23,27,0x00C1A0,FC0000D9F86D,1,165,0x00C22A,
C:/Users/MadCat/Documents/GitHub/MechwarriorRecomp/research/extract/decoded_pck/SHAPCK_TBL.decoded.bin,pck_object_0110_part_000,pck_object_0110,0,0x00C2F3,0,82,75,0x00C330,000000F607C8,1,567,0x00C51C,
C:/Users/MadCat/Documents/GitHub/MechwarriorRecomp/research/extract/decoded_pck/SHAPCK_TBL.decoded.bin,pck_object_0110_part_001,pck_object_0110,1,0x00C2FB,17,82,75,0x00C396,FF000001F920,1,635,0x00C560,
C:/Users/MadCat/Documents/GitHub/MechwarriorRecomp/research/extract/decoded_pck/SHAPCK_TBL.decoded.bin,pck_object_0110_part_002,pck_object_0110,2,0x00C303,22,82,75,0x00C3B4,0201F81E0009,1,675,0x00C588,
C:/Users/MadCat/Documents/GitHub/MechwarriorRecomp/research/extract/decoded_pck/SHAPCK_TBL.decoded.bin,pck_object_0110_part_003,pck_object_0110,3,0x00C30B,31,82,75,0x00C3EA,FF01F829000E,1,741,0x00C5CA,
C:/Users/MadCat/Documents/GitHub/MechwarriorRecomp/research/extract/decoded_pck/SHAPCK_TBL.decoded.bin,pck_object_0110_part_004,pck_object_0110,4,0x00C313,46,82,75,0x00C444,00FF07D8FFF2,1,824,0x00C61D,
C:/Users/MadCat/Documents/GitHub/MechwarriorRecomp/research/extract/decoded_pck/SHAPCK_TBL.decoded.bin,pck_object_0110_part_005,pck_object_0110,5,0x00C31B,60,82,75,0x00C498,02FF07E2FFF7,1,906,0x00C66F,
C:/Users/MadCat/Documents/GitHub/MechwarriorRecomp/research/extract/decoded_pck/SHAPCK_TBL.decoded.bin,pck_object_0110_part_006,pck_object_0110,6,0x00C323,68,82,75,0x00C4C8,FC0000CB0282,1,972,0x00C6B1,
C:/Users/MadCat/Documents/GitHub/MechwarriorRecomp/research/extract/decoded_pck/SHAPCK_TBL.decoded.bin,pck_object_0111_part_000,pck_object_0111,0,0x00C70C,0,80,84,0x00C752,D0FF6C00A0FF,1,564,0x00C932,
C:/Users/MadCat/Documents/GitHub/MechwarriorRecomp/research/extract/decoded_pck/SHAPCK_TBL.decoded.bin,pck_object_0111_part_001,pck_object_0111,1,0x00C714,17,80,84,0x00C7B8,050416F95700,1,632,0x00C976,
C:/Users/MadCat/Documents/GitHub/MechwarriorRecomp/research/extract/decoded_pck/SHAPCK_TBL.decoded.bin,pck_object_0111_part_002,pck_object_0111,2,0x00C71C,22,80,84,0x00C7D6,6FFF9C000000,1,672,0x00C99E,
C:/Users/MadCat/Documents/GitHub/MechwarriorRecomp/research/extract/decoded_pck/SHAPCK_TBL.decoded.bin,pck_object_0111_part_003,pck_object_0111,3,0x00C724,31,80,84,0x00C80C,9CFF7D007DFF,1,738,0x00C9E0,
C:/Users/MadCat/Documents/GitHub/MechwarriorRecomp/research/extract/decoded_pck/SHAPCK_TBL.decoded.bin,pck_object_0111_part_004,pck_object_0111,4,0x00C72C,46,80,84,0x00C866,ABFF63008100,1,821,0x00CA33,
C:/Users/MadCat/Documents/GitHub/MechwarriorRecomp/research/extract/decoded_pck/SHAPCK_TBL.decoded.bin,pck_object_0111_part_005,pck_object_0111,5,0x00C734,60,80,84,0x00C8BA,6FFF9C002000,1,903,0x00CA85,
C:/Users/MadCat/Documents/GitHub/MechwarriorRecomp/research/extract/decoded_pck/SHAPCK_TBL.decoded.bin,pck_object_0111_part_006,pck_object_0111,6,0x00C73C,67,80,84,0x00C8E4,DFFF9AFF2000,1,969,0x00CAC7,
C:/Users/MadCat/Documents/GitHub/MechwarriorRecomp/research/extract/decoded_pck/SHAPCK_TBL.decoded.bin,pck_object_0112_part_000,pck_object_0112,0,0x00CB19,0,80,81,0x00CB5C,FFA0FFA7FF11,1,561,0x00CD3C,
C:/Users/MadCat/Documents/GitHub/MechwarriorRecomp/research/extract/decoded_pck/SHAPCK_TBL.decoded.bin,pck_object_0112_part_001,pck_object_0112,1,0x00CB21,17,80,81,0x00CBC2,FD000060011F,1,629,0x00CD80,
C:/Users/MadCat/Documents/GitHub/MechwarriorRecomp/research/extract/decoded_pck/SHAPCK_TBL.decoded.bin,pck_object_0112_part_002,pck_object_0112,2,0x00CB29,22,80,81,0x00CBE0,00A0FF5CFF60,1,669,0x00CDA8,
C:/Users/MadCat/Documents/GitHub/MechwarriorRecomp/research/extract/decoded_pck/SHAPCK_TBL.decoded.bin,pck_object_0112_part_003,pck_object_0112,3,0x00CB31,31,80,81,0x00CC16,007EFF7DFF33,1,735,0x00CDEA,
C:/Users/MadCat/Documents/GitHub/MechwarriorRecomp/research/extract/decoded_pck/SHAPCK_TBL.decoded.bin,pck_object_0112_part_004,pck_object_0112,4,0x00CB39,46,80,81,0x00CC70,FF820082FF15,1,818,0x00CE3D,
C:/Users/MadCat/Documents/GitHub/MechwarriorRecomp/research/extract/decoded_pck/SHAPCK_TBL.decoded.bin,pck_object_0112_part_005,pck_object_0112,5,0x00CB41,60,80,81,0x00CCC4,FF60005CFF60,1,900,0x00CE8F,
C:/Users/MadCat/Documents/GitHub/MechwarriorRecomp/research/extract/decoded_pck/SHAPCK_TBL.decoded.bin,pck_object_0112_part_006,pck_object_0112,6,0x00CB49,67,80,81,0x00CCEE,FF1F006DFF46,1,966,0x00CED1,
C:/Users/MadCat/Documents/GitHub/MechwarriorRecomp/research/extract/decoded_pck/SHAPCK_TBL.decoded.bin,pck_object_0113_part_000,pck_object_0113,0,0x00CF26,0,39,78,0x00CF66,F9FF6E000000,1,312,0x00D050,
C:/Users/MadCat/Documents/GitHub/MechwarriorRecomp/research/extract/decoded_pck/SHAPCK_TBL.decoded.bin,pck_object_0113_part_001,pck_object_0113,1,0x00CF2E,0,39,78,0x00CF66,F9FF6E000000,1,324,0x00D05C,
C:/Users/MadCat/Documents/GitHub/MechwarriorRecomp/research/extract/decoded_pck/SHAPCK_TBL.decoded.bin,pck_object_0113_part_002,pck_object_0113,2,0x00CF36,0,39,78,0x00CF66,F9FF6E000000,1,336,0x00D068,
C:/Users/MadCat/Documents/GitHub/MechwarriorRecomp/research/extract/decoded_pck/SHAPCK_TBL.decoded.bin,pck_object_0113_part_003,pck_object_0113,3,0x00CF3E,1,39,78,0x00CF6C,B3072B029FFF,1,348,0x00D074,
C:/Users/MadCat/Documents/GitHub/MechwarriorRecomp/research/extract/decoded_pck/SHAPCK_TBL.decoded.bin,pck_object_0113_part_004,pck_object_0113,4,0x00CF46,18,39,78,0x00CFD2,C4F9FDFA0000,1,416,0x00D0B8,
C:/Users/MadCat/Documents/GitHub/MechwarriorRecomp/research/extract/decoded_pck/SHAPCK_TBL.decoded.bin,pck_object_0113_part_005,pck_object_0113,5,0x00CF4E,23,39,78,0x00CFF0,110022009FFF,1,456,0x00D0E0,
C:/Users/MadCat/Documents/GitHub/MechwarriorRecomp/research/extract/decoded_pck/SHAPCK_TBL.decoded.bin,pck_object_0113_part_006,pck_object_0113,6,0x00CF56,32,39,78,0x00D026,EFFFDEFF5F00,1,522,0x00D122,
C:/Users/MadCat/Documents/GitHub/MechwarriorRecomp/research/extract/decoded_pck/SHAPCK_TBL.decoded.bin,pck_object_0114_part_000,pck_object_0114,0,0x00D16A,0,75,82,0x00D1AE,9FFFC2FE52FF,1,532,0x00D370,
C:/Users/MadCat/Documents/GitHub/MechwarriorRecomp/research/extract/decoded_pck/SHAPCK_TBL.decoded.bin,pck_object_0114_part_001,pck_object_0114,1,0x00D172,17,75,82,0x00D214,0000E107A0FE,1,600,0x00D3B4,
C:/Users/MadCat/Documents/GitHub/MechwarriorRecomp/research/extract/decoded_pck/SHAPCK_TBL.decoded.bin,pck_object_0114_part_002,pck_object_0114,2,0x00D17A,22,75,82,0x00D232,0000D1FC5607,1,640,0x00D3DC,
C:/Users/MadCat/Documents/GitHub/MechwarriorRecomp/research/extract/decoded_pck/SHAPCK_TBL.decoded.bin,pck_object_0114_part_003,pck_object_0114,3,0x00D182,29,75,82,0x00D25C,7DFF8CFE07FF,1,706,0x00D41E,
C:/Users/MadCat/Documents/GitHub/MechwarriorRecomp/research/extract/decoded_pck/SHAPCK_TBL.decoded.bin,pck_object_0114_part_004,pck_object_0114,4,0x00D18A,43,75,82,0x00D2B0,8100AAFE02FF,1,789,0x00D471,
C:/Users/MadCat/Documents/GitHub/MechwarriorRecomp/research/extract/decoded_pck/SHAPCK_TBL.decoded.bin,pck_object_0114_part_005,pck_object_0114,5,0x00D192,56,75,82,0x00D2FE,1F005FFE27FF,1,871,0x00D4C3,
C:/Users/MadCat/Documents/GitHub/MechwarriorRecomp/research/extract/decoded_pck/SHAPCK_TBL.decoded.bin,pck_object_0114_part_006,pck_object_0114,6,0x00D19A,61,75,82,0x00D31C,E0FF6DFFD7FE,1,937,0x00D505,
C:/Users/MadCat/Documents/GitHub/MechwarriorRecomp/research/extract/decoded_pck/SHAPCK_TBL.decoded.bin,pck_object_0115_part_000,pck_object_0115,0,0x00D559,0,35,41,0x00D574,FDB8FF68FFC2,1,251,0x00D646,
C:/Users/MadCat/Documents/GitHub/MechwarriorRecomp/research/extract/decoded_pck/SHAPCK_TBL.decoded.bin,pck_object_0115_part_001,pck_object_0115,1,0x00D561,15,35,41,0x00D5CE,FFE0FF71FFA7,1,347,0x00D6A6,
C:/Users/MadCat/Documents/GitHub/MechwarriorRecomp/research/extract/decoded_pck/SHAPCK_TBL.decoded.bin,pck_object_0116_part_000,pck_object_0116,0,0x00D71B,0,35,43,0x00D738,FF2CFF9700C7,1,253,0x00D80A,
C:/Users/MadCat/Documents/GitHub/MechwarriorRecomp/research/extract/decoded_pck/SHAPCK_TBL.decoded.bin,pck_object_0116_part_001,pck_object_0116,1,0x00D723,15,35,43,0x00D792,FF3BFF7E00E2,1,349,0x00D86A,
C:/Users/MadCat/Documents/GitHub/MechwarriorRecomp/research/extract/decoded_pck/SHAPCK_TBL.decoded.bin,pck_object_0117_part_000,pck_object_0117,0,0x00D8DD,0,35,45,0x00D8FC,FF7200C7FF1E,1,255,0x00D9CE,
C:/Users/MadCat/Documents/GitHub/MechwarriorRecomp/research/extract/decoded_pck/SHAPCK_TBL.decoded.bin,pck_object_0117_part_001,pck_object_0117,1,0x00D8E5,15,35,45,0x00D956,FF5500E2FF63,1,351,0x00DA2E,
C:/Users/MadCat/Documents/GitHub/MechwarriorRecomp/research/extract/decoded_pck/SHAPCK_TBL.decoded.bin,pck_object_0118_part_000,pck_object_0118,0,0x00DA9F,0,29,31,0x00DAB0,FCFFFFFEFF01,1,205,0x00DB5E,
C:/Users/MadCat/Documents/GitHub/MechwarriorRecomp/research/extract/decoded_pck/SHAPCK_TBL.decoded.bin,pck_object_0118_part_001,pck_object_0118,1,0x00DAA7,15,29,31,0x00DB0A,0300000000FF,1,288,0x00DBB1,
C:/Users/MadCat/Documents/GitHub/MechwarriorRecomp/research/extract/decoded_pck/SHAPCK_TBL.decoded.bin,pck_object_0119_part_000,pck_object_0119,0,0x00DC10,0,35,32,0x00DC22,A5F8470363FF,1,242,0x00DCF4,
C:/Users/MadCat/Documents/GitHub/MechwarriorRecomp/research/extract/decoded_pck/SHAPCK_TBL.decoded.bin,pck_object_0119_part_001,pck_object_0119,1,0x00DC18,15,35,32,0x00DC7C,6CFC370200F8,1,338,0x00DD54,
