"id","relative_path","directory","filename","extension","size_bytes","mtime_utc","ctime_utc","attributes","depth","is_empty","crc32","md5","sha1","sha256","magic_hex","tail_hex","ascii_preview","detected_signature","extension_guess","content_guess","entropy","printable_ascii_ratio","string_count","min_string_len","max_string_len","possible_role","confidence","needs_followup","derived_strings_file","derived_hex_file","notes"
"1","Original/1.GAM","Original","1.GAM",".GAM","1816","2022-05-15T09:24:58Z","2026-06-24T11:54:36Z","Archive","1","no","467eeddc","f26c62128633d9ba59b54f1309a470d8","4385af0e3109ff4e14c00aa132d23724e7f56252","420b29ce8f9cf0fdabbcdaf1aaa3e7ded3106c21d91593d414a624a7f7d1aefa","0003010000011617000000000000004D00FFFFFFFFFFFFFFFFFFFFFFFF010000","00000000000076000500530091000D0016000000000001000000070000030003","...............M................","unknown binary","game/save/state candidate","opaque binary or proprietary resource candidate","1.6162","0.0264","1","9","9","save/game-state candidate","medium","yes","strings/1.GAM.strings.txt","hex_samples/1.GAM.hex.txt",""
"2","Original/286WI2.GAM","Original","286WI2.GAM",".GAM","1816","2022-05-09T20:42:02Z","2026-06-24T11:54:36Z","Archive","1","no","062e6230","ca21b8ff24b2374ae14918720bf525c8","70111b7673fc1761925101cea9f93e5bdee46092","a414edda0a184a8245ec0c91709330264585e42e18a711acfaf296be29dd6877","000300000001071E000000000002003A00FFFFFFFFFFFFFFFFFFFFFFFF010000","00000000000076000500530091000D0016000000000001000000040000030003","...............:................","unknown binary","game/save/state candidate","opaque binary or proprietary resource candidate","1.5373","0.0242","1","9","9","save/game-state candidate","medium","yes","strings/286WI2.GAM.strings.txt","hex_samples/286WI2.GAM.hex.txt",""
"3","Original/286WIN.GAM","Original","286WIN.GAM",".GAM","1816","2022-05-15T21:40:10Z","2026-06-24T11:54:36Z","Archive","1","no","363b143a","ed51de18393c0e80c7f5b5144d43de06","a9efe247a2a2115557e791e70de9c42c27651f88","23ccb11a3ade21bc860710ef7832168e5a8b2c85993d0d089df5facc2667f8a9","0003000002004F0B010000000004005F0004006100FFFFFFFFFFFFFFFF020000","00000000000076000500530091000D0016000002000102000000090000030003","......O........_...a............","unknown binary","game/save/state candidate","opaque binary or proprietary resource candidate","1.7454","0.0297","1","9","9","save/game-state candidate","medium","yes","strings/286WIN.GAM.strings.txt","hex_samples/286WIN.GAM.hex.txt",""
"4","Original/286WIN1.GAM","Original","286WIN1.GAM",".GAM","1816","2022-05-14T20:56:42Z","2026-06-24T11:54:36Z","Archive","1","no","611f266e","a8dc8ca92ff9f1845e457d5bfffbae38","e258cb7b0af1b1f80cabc5dc7c4fd0395fe742d3","4f26b002eb16d4c0ec97a5c1dce0f921c266bae974eb9635202dc6c12b353818","0003010000011617000000000000004D00FFFFFFFFFFFFFFFFFFFFFFFF010000","00000000000076000500530091000D0016000000000001000000070000030003","...............M................","unknown binary","game/save/state candidate","opaque binary or proprietary resource candidate","1.6041","0.0264","1","9","9","save/game-state candidate","medium","yes","strings/286WIN1.GAM.strings.txt","hex_samples/286WIN1.GAM.hex.txt",""
"5","Original/6X6.FNT","Original","6X6.FNT",".FNT","580","1989-07-31T11:55:00Z","2026-06-24T11:48:41Z","Archive","1","no","8a5e94d2","e992c1d1f46cc508ba8d3ce79f735a41","c991fc74db8a693a9d4f3ca54a31da40dd5dea87","c0df8daeec521175190e72eb1c868fcb9d2deee3359b480311b83dee3f5115cc","0606206000000000000020202000200050500000000050F850F8500010383018","7800201020201020202020202000102010102010000064980000ECA8ACA8EC00",".. `......   . .PP....P.P.P..80.","unknown binary","font candidate","opaque binary or proprietary resource candidate","3.9004","0.3655","18","4","14","graphics/font/palette resource","medium","no","strings/6X6.FNT.strings.txt","hex_samples/6X6.FNT.hex.txt",""
"6","Original/6X6B.FNT","Original","6X6B.FNT",".FNT","588","1989-08-24T18:36:12Z","2026-06-24T11:48:41Z","Archive","1","no","22e636f9","8851fd2a7ab4f8bef4222937ab78f5b5","8634f0fd9d72c923a35fe05644a05c315054ad53","f8e794e6c0484dd8d6c26563a753eb3931fe4cb04ba07f4e6f119c7ef632f2f3","464E543A440200000606206000000000000020202000200050500000000050F8","7800102010201000001824180000006090600000002850000000007878787800","FNT:D..... `......   . .PP....P.","mixed text/binary","font candidate","opaque binary or proprietary resource candidate","3.7293","0.6003","49","4","7","graphics/font/palette resource","medium","no","strings/6X6B.FNT.strings.txt","hex_samples/6X6B.FNT.hex.txt",""
"7","Original/8X8B.FNT","Original","8X8B.FNT",".FNT","780","1989-08-14T15:12:54Z","2026-06-24T11:48:41Z","Archive","1","no","38029206","7d3b814eea2b84e99c44e2ea6ea0acdd","ca744221621bf9917bec7d4839fcea7b85a0d356","ee5e03776c73a5747f6e7d84789e6ef77df52a05e248fe504631c778adcf9003","464E543A04030000080820600000000000000000103838101000100028282800","1010100010101000601010081010600028500000000000000010284444447C00","FNT:...... `.........88.....(((.","unknown binary","font candidate","opaque binary or proprietary resource candidate","3.6383","0.5295","51","4","9","graphics/font/palette resource","medium","no","strings/8X8B.FNT.strings.txt","hex_samples/8X8B.FNT.hex.txt",""
"8","Original/ARCTIC.PAL","Original","ARCTIC.PAL",".PAL","314","1989-09-07T23:52:26Z","2026-06-24T11:48:41Z","Archive","1","no","99b561e7","43cb831a5d5c8a7faa75abbc7c66bc1e","c34a320251d82529a418834a3580f8b9438113a2","739c04752a8d84ec3a9dfc60cd1323c97791bdd823bf2a068f1817bc39724f55","50414C3A320100804547413A8000000000001111222200004444333366667777","00005555AAAA0000AAAA5555AAAAFFFF00005555AAAA5555AAAA5555FFFFFFFF","PAL:2...EGA:........""""..DD33ffww","unknown binary","palette candidate","opaque binary or proprietary resource candidate","4.4527","0.3217","11","4","8","graphics/font/palette resource","medium","no","strings/ARCTIC.PAL.strings.txt","hex_samples/ARCTIC.PAL.hex.txt",""
"9","Original/BAT.BMP","Original","BAT.BMP",".BMP","4152","1989-08-03T14:58:02Z","2026-06-24T11:48:41Z","Archive","1","no","195ddc98","642cea547c6d10869ded6332337fb24e","7261a29959f715371b640d0b6b66ecca5dd86cc0","8d74f68b08d336bdc61bae80fedcc3a76601394ee16cfaef9e1b4595e9449bf8","424D503A30100080494E463A0600000001009800C10042494E3A1A100000024C","04FC11E5851E390165FFC9BE079A3D4F019B6D36A756EC2004C2C7BDE1C92E01","BMP:0...INF:..........BIN:.....L","Windows BMP signature","bitmap/graphics candidate by extension","opaque binary or proprietary resource candidate","7.9352","0.3926","69","4","8","graphics/font/palette resource","medium","no","strings/BAT.BMP.strings.txt","hex_samples/BAT.BMP.hex.txt",""
"10","Original/BMAPCK.TBL","Original","BMAPCK.TBL",".TBL","34973","1989-09-29T20:48:02Z","2026-06-24T11:48:41Z","Archive","1","no","550300c1","cbe95a0efcf3af061b841b5aec5adb23","42eaaa67130f6246e98f1220da3d4fbd6d12567e","2b576e9a668301b7e790df7e6d8979463c72863283231158cd4338a9b522dd29","028AAF0000040054001000C00A000E000001A000001700050004023000002E00","589975889978B8997BD89912F0997F189A82489AA67988AAD975B0DA75B21A9B",".......T....\n..............0....","unknown binary","table/index/resource candidate","structured or opaque binary data candidate","7.554","0.3353","256","4","9","table/map/resource data","medium","yes","strings/BMAPCK.TBL.strings.txt","hex_samples/BMAPCK.TBL.hex.txt",""
"11","Original/BOUNTY.GAM","Original","BOUNTY.GAM",".GAM","1816","2020-04-30T22:26:22Z","2026-06-24T11:54:36Z","Archive","1","no","f004e732","3c198dec51c77d3c52a07c2597cbc273","cd96d13d6a13bd41182bee2f46d190231f743208","c38eaccc6f0a45ec516ee2333dad62019c0ddfeddf5cb2bae54c1f236c1d6cda","0003000000016C0B020000000000005400FFFFFFFFFFFFFFFFFFFFFFFF010000","00000000000076000500530091000D0016000003000202000000010000030003","......l........T................","unknown binary","game/save/state candidate","opaque binary or proprietary resource candidate","1.4415","0.0187","1","9","9","save/game-state candidate","medium","yes","strings/BOUNTY.GAM.strings.txt","hex_samples/BOUNTY.GAM.hex.txt",""
"12","Original/BTECH.EXE","Original","BTECH.EXE",".EXE","174267","1989-11-03T00:44:04Z","2026-06-24T11:48:41Z","Archive","1","no","36a13e1a","1d33f6ac4d4396248e45ca04e58292df","1fbc005031221e463b70baf11fbb0810fd111b86","1705b607e798ddfce93da73f999fa98e770e0359c739ec939d1cb7cefc5d3a4c","4D5ABB00550100002000EC0BFFFFC02D800000001200D8291E00000001000000","5960D0CE64CF0000000000000000000000000000000000000000000000000000","MZ..U... ......-.......)........","MZ executable","DOS executable candidate","binary executable candidate","7.0492","0.303","774","4","56","code","high","yes","strings/BTECH.EXE.strings.txt","hex_samples/BTECH.EXE.hex.txt",""
"13","Original/BTECHSND.SND","Original","BTECHSND.SND",".SND","795","1989-09-14T08:38:48Z","2026-06-24T11:48:41Z","Archive","1","no","dbcc2ce3","88cb238bacab85b75170e0c2652752c8","35295ae137c0402c3c4311aa5ee59b34f15671da","ae8fca499741a6c7b9d05f5c90da1fd921681afe35533c3f4d98b3d78e95d5c9","534E443A13030080494E463A06000000D9590F00000049424D3AFD02000000F8","0000380000000000844C04AE00009C10009E00108A03009ED017867800821400","SND:....INF:.....Y....IBM:......","unknown binary","sound candidate","opaque binary or proprietary resource candidate","4.1099","0.1082","3","4","4","audio/music resource","medium","no","strings/BTECHSND.SND.strings.txt","hex_samples/BTECHSND.SND.hex.txt",""
"14","Original/COCKPIT.BMP","Original","COCKPIT.BMP",".BMP","767","1989-10-12T11:20:04Z","2026-06-24T11:48:41Z","Archive","1","no","236fd58a","174799d05a7be5cc18ea60823ec2d4a9","7890761f008ac348c9c2d91d7fd88b01357371d5","7077105462f3fc8c89245f5261699a82bccc794a1b5b79b3c3227711d2198405","424D503AF7020080494E463A320000000C000800080008000800100010003000","9ABCDB42DCDF860FBB7BA597AE05D9A984ABF10857B712FA474E8E03A6E61F11","BMP:....INF:2.................0.","Windows BMP signature","bitmap/graphics candidate by extension","opaque binary or proprietary resource candidate","7.5149","0.3468","13","4","8","graphics/font/palette resource","medium","no","strings/COCKPIT.BMP.strings.txt","hex_samples/COCKPIT.BMP.hex.txt",""
"15","Original/DEATH.MUS","Original","DEATH.MUS",".MUS","1916","1989-09-05T05:03:16Z","2026-06-24T11:48:41Z","Archive","1","no","26825020","5ac7c08a91bd935b0df6e7016d1ad01e","ec136945a868acbf80a19c6c100b1aca344917be","db9b1bf377ef7f8623485660107baea338b626fe45f5fbf1bb0a2a3f35761459","4D546864000000060000000100604D54726B0000076600FF58040402180800FF","240082578124000018005D843C0014823000013700013300003C008327FF2F00","MThd.........`MTrk...f..X.......","unknown binary","music candidate","opaque binary or proprietary resource candidate","5.2843","0.3351","2","4","5","audio/music resource","medium","no","strings/DEATH.MUS.strings.txt","hex_samples/DEATH.MUS.hex.txt",""
"16","Original/DESERT.PAL","Original","DESERT.PAL",".PAL","314","1989-09-07T23:52:44Z","2026-06-24T11:48:41Z","Archive","1","no","9e45e1d9","6322dd31c6fb204f192746dffbda13ad","8b8bd817e3678ee8c96adb0a179ac1510eae4127","ea8416b5f36a374827f565b0ad1a651cb436c8349910d00a3eccb838ec2de3ea","50414C3A320100804547413A8000000000001111222200004444333366667777","00005555AAAA0000AAAA5555AAAAFFFF00005555AAAA5555AAAA5555FFFFFFFF","PAL:2...EGA:........""""..DD33ffww","unknown binary","palette candidate","opaque binary or proprietary resource candidate","4.739","0.3599","11","4","16","graphics/font/palette resource","medium","no","strings/DESERT.PAL.strings.txt","hex_samples/DESERT.PAL.hex.txt",""
"17","Original/DIGITS.BMP","Original","DIGITS.BMP",".BMP","456","1989-05-04T14:16:24Z","2026-06-24T11:48:41Z","Archive","1","no","8f1f2ed6","14d2e2dcb7f0d5f73ba9edaac5d64215","e10c4ec0bd54dd224f7cf24902dbea61f9de6b11","2f7eea69f2a5767a36e717e8ebf1790fe646c794be6baf7f07fc4dcc51e8fa8a","424D503AC0010080494E463AB20000002C000800080008000800080008000800","778B762DFB746E96B4870BAF4D5CF4E7DE58275A9CD8763AE2C48A812B8CEA11","BMP:....INF:....,...............","Windows BMP signature","bitmap/graphics candidate by extension","opaque binary or proprietary resource candidate","5.8443","0.2478","7","4","6","graphics/font/palette resource","medium","no","strings/DIGITS.BMP.strings.txt","hex_samples/DIGITS.BMP.hex.txt",""
"18","Original/DMGPAL.PAL","Original","DMGPAL.PAL",".PAL","314","1989-09-08T20:57:18Z","2026-06-24T11:48:41Z","Archive","1","no","8f7affd0","3d30e3ffb98375045180618d8c249703","81a15e183354ab340004da0462569693d0dd9997","ffb525e5876c8415b3ed0ef2461bf6d9ce210e697bf7ded6760134d4d7861dbd","50414C3A320100804547413A8000000000001111222200004444333366667777","0000000055550000AAAA00000000FFFF0000000055550000AAAA0000FFFFFFFF","PAL:2...EGA:........""""..DD33ffww","unknown binary","palette candidate","opaque binary or proprietary resource candidate","4.0777","0.2898","9","4","8","graphics/font/palette resource","medium","no","strings/DMGPAL.PAL.strings.txt","hex_samples/DMGPAL.PAL.hex.txt",""
"19","Original/DOTS.BMP","Original","DOTS.BMP",".BMP","127","1989-05-04T14:10:32Z","2026-06-24T11:48:41Z","Archive","1","no","43cc9941","d17c6e657b236b393056507fb779a589","986cfbae98bc085f41898c2dd1686349b0ad836d","ae8b401a7cca4ad68b70e5d149ed981b507ed739bb1de5dd4610d15d4b62091d","424D503A77000080494E463A4A00000012000800080008000800080008000800","0000000248000000F000080C3850200082070D225CA8B061C187092132946810","BMP:w...INF:J...................","Windows BMP signature","bitmap/graphics candidate by extension","opaque binary or proprietary resource candidate","3.4397","0.2047","3","4","5","graphics/font/palette resource","medium","no","strings/DOTS.BMP.strings.txt","hex_samples/DOTS.BMP.hex.txt",""
"20","Original/FOX88.FNT","Original","FOX88.FNT",".FNT","772","1989-09-15T10:23:46Z","2026-06-24T11:48:41Z","Archive","1","no","9f8cbf56","9ebd4021429286e8f9646b926e878dbd","a4d04a6969dad48c88065e9cbb6003b2f81042e9","0a1d188c6f4eba381aa098a3474a888164392d9492ece3cba06cd05159a505e9","080820600000000000000000002020200020000000282850000000000028FE28","00202020202020000010201010201000000064980000000000CCA8ACA8CC0000",".. `.........   . ...((P.....(.(","unknown binary","font candidate","opaque binary or proprietary resource candidate","3.4058","0.1813","3","5","6","graphics/font/palette resource","medium","no","strings/FOX88.FNT.strings.txt","hex_samples/FOX88.FNT.hex.txt",""
"21","Original/HAMPCK.TBL","Original","HAMPCK.TBL",".TBL","29960","1989-11-02T23:04:16Z","2026-06-24T11:48:41Z","Archive","1","no","2f0586b1","7e69138611af9f748d4c270ba0614fcc","741079d923471df393e183dcf63fcba0dbf912bf","1812f1d922bd82141fc4c9a5380e5c3a51528a72c4c805e9dcce4b8be0bcee60","026A9A000004005400E0004008000800B800300000138200D200680000168080","FCA012F1AAA954A5D44C1A00F71AAAFA7BC4FCFBBFFE5B45013BE1B4ACBBE303",".j.....T...@......0.......h.....","unknown binary","table/index/resource candidate","structured or opaque binary data candidate","7.5676","0.3398","234","4","10","table/map/resource data","medium","yes","strings/HAMPCK.TBL.strings.txt","hex_samples/HAMPCK.TBL.hex.txt",""
"22","Original/HEAVY.SCR","Original","HEAVY.SCR",".SCR","3475","1980-01-04T12:04:12Z","2026-06-24T11:48:41Z","Archive","1","no","6b9c8ffe","48595bd2f7cb10368b4a63a96f6b5f5e","2606144ee2ca15313b6f9c2a169d7eae3baea618","63e1d01f54befd1b455ab82d44d7b54041b92b8778aa38797f90c8e33e398985","5343523A8B0D008042494E3A830D000002007D000000020A1C48B0A0C1830813","C01AAC1BF2A94D63ADF761ACB31A2CE87145112729A08A28D35AA873BA488700","SCR:.\r..BIN:.\r....}....\n.H......","unknown binary","screen/script/resource candidate","structured or opaque binary data candidate","7.911","0.3755","39","4","10","screen/script/resource candidate","low","yes","strings/HEAVY.SCR.strings.txt","hex_samples/HEAVY.SCR.hex.txt",""
"23","Original/HUD_CYAN.BMP","Original","HUD_CYAN.BMP",".BMP","252","1989-09-26T22:52:22Z","2026-06-24T11:48:41Z","Archive","1","no","a89f85eb","8640f13714af77635e37c88acbd2aaf3","69ba732384fb129cb4aa8e4ab702b1af9557d315","602d6781a3998023084e488a7edeaffb3bd933858876bada35d5d23fbe630d5d","424D503AF4000080494E463A320000000C001000100010001000100010001000","2CDAA27785E6FD9A362ED0961C1DE674BB14ECC0B5673B9ABD98982F46A56B01","BMP:....INF:2...................","Windows BMP signature","bitmap/graphics candidate by extension","opaque binary or proprietary resource candidate","6.2305","0.3492","3","4","5","graphics/font/palette resource","medium","no","strings/HUD_CYAN.BMP.strings.txt","hex_samples/HUD_CYAN.BMP.hex.txt",""
"24","Original/HUD_NUMS.BMP","Original","HUD_NUMS.BMP",".BMP","252","1989-05-04T14:10:32Z","2026-06-24T11:48:41Z","Archive","1","no","8bb03110","dd55d39dfc7f74d35322715c4da82f45","9ae7b1466b1b8306b913e66dd0aaaf11e726647b","682acf4122c233c531d4000195155c0573b18132d3aefc2d86a652fa272c93cb","424D503AF4000080494E463A320000000C001000100010001000100010001000","2CDAA27785E6FD9A362ED0961C1DE674BB14ECC0B5673B9ABD98982F46A56B01","BMP:....INF:2...................","Windows BMP signature","bitmap/graphics candidate by extension","opaque binary or proprietary resource candidate","6.2337","0.3373","3","4","5","graphics/font/palette resource","medium","no","strings/HUD_NUMS.BMP.strings.txt","hex_samples/HUD_NUMS.BMP.hex.txt",""
"25","Original/INSTALL.BAT","Original","INSTALL.BAT",".BAT","4224","1980-01-03T07:54:54Z","2026-06-24T11:48:41Z","Archive","1","no","6f850338","248c42267d01570ce1eed1cdd8b20818","a0b611920522b410dbe0f7b3134dcd9fb0930a23","33e96f47490e4019bcd21e72b4998009a63cf955f5cd60f50be061afb185dc2a","6563686F206F66660D0A6966202E2532203D3D202E7E20676F746F2054727565","7420696E7374616C6C656420636F72726563746C792E0D0A3A646F6E650D0A1A","echo off\r\nif .%2 == .~ goto True","mostly printable ASCII","DOS batch/script candidate","text-like content","5.092","0.9616","126","5","77","script/configuration","high","no","strings/INSTALL.BAT.strings.txt","hex_samples/INSTALL.BAT.hex.txt",""
"26","Original/JEN.BMP","Original","JEN.BMP",".BMP","2787","1989-08-03T14:53:18Z","2026-06-24T11:48:41Z","Archive","1","no","6c1354c0","299906e589d4dbd8f59427bccf0f8f36","3f4296453e93631a95b1c2baad61f415728545a7","723a86ef231350a0939aa204507636e38b8ad83fe669b0764d05df1827b2b136","424D503ADB0A0080494E463A0600000001009800C10042494E3AC50A0000024C","FF189064B88F04D986F85890A67890FE888BF5D8907EA690105981082990C002","BMP:.\n..INF:..........BIN:.\n...L","Windows BMP signature","bitmap/graphics candidate by extension","opaque binary or proprietary resource candidate","7.9097","0.3807","32","4","7","graphics/font/palette resource","medium","no","strings/JEN.BMP.strings.txt","hex_samples/JEN.BMP.hex.txt",""
"27","Original/JENPCK.TBL","Original","JENPCK.TBL",".TBL","22866","1989-09-13T18:59:02Z","2026-06-24T11:48:41Z","Archive","1","no","079af303","8a5474c245534dea49586baa8531302c","d42ecf9ce6c913eb8c5d9bf92c892fe3248bb6d0","82fc7d5482b3410a2ba95c7d7f42982c29cc1a9c0dc22b942bb371b68be19bca","02E695000004007800F000C009000A00C400C01009000300BC00100020110006","8DE1C6BEE17CBE151E0EC1213EE2F36FE2287EF62C4EED8CDEF62A6FE32C4FE9",".......x....\t.\n.....\t....... ...","unknown binary","table/index/resource candidate","structured or opaque binary data candidate","7.7749","0.3724","281","4","13","table/map/resource data","medium","yes","strings/JENPCK.TBL.strings.txt","hex_samples/JENPCK.TBL.hex.txt",""
"28","Original/JUN3.GAM","Original","JUN3.GAM",".GAM","1816","2020-06-03T21:19:30Z","2026-06-24T11:54:36Z","Archive","1","no","e8927335","57e761477df89c9899764c21f637869d","415acb1d2c59db4c3c0bf18e0a03411d32215ac5","0fe6bcc7ff0ecab32be0333754ef3839957c8a74be04e9acef5433ecde51da7e","000302000100090D020000000004006200FFFFFFFFFFFFFFFFFFFFFFFF010000","00000000000076000500530091000D0016000000000203000000080000030003","......\t\r.......b................","unknown binary","game/save/state candidate","opaque binary or proprietary resource candidate","1.683","0.0314","1","9","9","save/game-state candidate","medium","yes","strings/JUN3.GAM.strings.txt","hex_samples/JUN3.GAM.hex.txt",""
"29","Original/LAUNCH.MUS","Original","LAUNCH.MUS",".MUS","1538","1989-10-04T14:50:20Z","2026-06-24T11:48:41Z","Archive","1","no","698ee5ee","5ada728923cf385d48ced65fcb3dd4e5","72bc1021048ecf4a42716588c8cda26140a8e055","71ad889323a9a25882e537f60756130ba93532b0acbf3aef0fc132999a9e5f78","4D546864000000060000000100604D54726B000005EC00FF58040402180800FF","038134001A9128491581280030845800004C00825C854C000658008342FF2F00","MThd.........`MTrk......X.......","unknown binary","music candidate","opaque binary or proprietary resource candidate","5.3195","0.3524","2","4","5","audio/music resource","medium","no","strings/LAUNCH.MUS.strings.txt","hex_samples/LAUNCH.MUS.hex.txt",""
"30","Original/LIGHT.SCR","Original","LIGHT.SCR",".SCR","4703","1989-09-07T21:02:32Z","2026-06-24T11:48:41Z","Archive","1","no","fcce7ae7","8444a4dedb1785e8f8fd477ec151c4a2","9218ae3279f96c3336a580177300459db2b2f450","8fb0dc101b92672967294e43cfca3a4016348a06a03bb57247cf881bbcc24d15","5343523A5712008042494E3A4F12000002007D000088020A1C48B0A0C1830813","7EE008AE42641D017BCDD7C786D64E1CE130F1D414EE11ECDD138150E11A8E11","SCR:W...BIN:O.....}....\n.H......","unknown binary","screen/script/resource candidate","structured or opaque binary data candidate","7.9186","0.3453","36","4","10","screen/script/resource candidate","low","yes","strings/LIGHT.SCR.strings.txt","hex_samples/LIGHT.SCR.hex.txt",""
"31","Original/LOC.BMP","Original","LOC.BMP",".BMP","3033","1989-08-03T14:52:38Z","2026-06-24T11:48:41Z","Archive","1","no","a716fd0c","834047c90a4fefef53e0f0b292e74c7d","358889c7ef3fca99f2da86113a8542997c5a89c9","5cd240f5748222cdf016ded95761dc8454fad8502d651dcf2adf73ca31c17007","424D503AD10B0080494E463A0600000001009800C10042494E3ABB0B0000024C","A4599A10276461C58BA87977A949551DD79AAF5997AB199BB4E971AC799B2407","BMP:....INF:..........BIN:.....L","Windows BMP signature","bitmap/graphics candidate by extension","opaque binary or proprietary resource candidate","7.9072","0.3699","35","4","7","graphics/font/palette resource","medium","no","strings/LOC.BMP.strings.txt","hex_samples/LOC.BMP.hex.txt",""
"32","Original/LOCPCK.TBL","Original","LOCPCK.TBL",".TBL","26627","1989-10-02T08:06:52Z","2026-06-24T11:48:41Z","Archive","1","no","aef81bed","a29270408b961677387c61435a026b30","c9a82ed90994b31e77004151d1cedc869f9df034","39d83df552edd9c87a9c7d17fb852034de449a86d1060f5a38a7f4a4ca8b0589","023297000004005400E0004008000800B800B00040128200C84004056000805C","83815EFEB98B000A5F02CAA71A50A08677A08997A07D1982C9189883D98C8B0A",".2.....T...@........@....@..`..\","unknown binary","table/index/resource candidate","structured or opaque binary data candidate","7.6515","0.3557","247","4","16","table/map/resource data","medium","yes","strings/LOCPCK.TBL.strings.txt","hex_samples/LOCPCK.TBL.hex.txt",""
"33","Original/MAP.SCR","Original","MAP.SCR",".SCR","3443","1980-01-04T11:38:30Z","2026-06-24T11:48:41Z","Archive","1","no","2ff965e4","dcc4a4f61111f8a0226e37350d5e80c6","02fba6d40d3b5bd322f3c4500fa84d5d6a696666","dee945718c3d03f666c93421640253372ae406eb7e500c595ebc68d2111f7874","5343523A6B0D008042494E3A630D000002007D000088020A1C48B0A0C1830813","117EBE1AAC3310368D47ABC67AAC8457ACC8BAACCC9A11660783D01AADD24A10","SCR:k\r..BIN:c\r....}....\n.H......","unknown binary","screen/script/resource candidate","structured or opaque binary data candidate","7.8856","0.3523","34","4","8","screen/script/resource candidate","low","yes","strings/MAP.SCR.strings.txt","hex_samples/MAP.SCR.hex.txt",""
"34","Original/MAR.BMP","Original","MAR.BMP",".BMP","3324","1989-08-03T14:57:32Z","2026-06-24T11:48:41Z","Archive","1","no","eae7219d","db082bd08b2ecd0daa898df4e37ffcd1","728903cc7c61527e388303d1c127c91ecc1ec0e1","0408df3c15c27faa79741fb9f07fffcae4e591842a402045815ac12c6634b12c","424D503AF40C0080494E463A0600000001009800C10042494E3ADE0C0000024C","5E5AA67479A6648A9D6ADAA6238AA66EDA575C3AA7B0B3A671CAA6629AA73F01","BMP:....INF:..........BIN:.....L","Windows BMP signature","bitmap/graphics candidate by extension","opaque binary or proprietary resource candidate","7.9234","0.392","51","4","7","graphics/font/palette resource","medium","no","strings/MAR.BMP.strings.txt","hex_samples/MAR.BMP.hex.txt",""
"35","Original/MARPCK.TBL","Original","MARPCK.TBL",".TBL","39022","1989-09-15T20:29:14Z","2026-06-24T11:48:41Z","Archive","1","no","5735b307","73c44101fabf80f9870591e4fb1beee8","a77792f6c635fc16ca38e782b358aca1bc7859c3","559e679236cf6e914e0d603437b48f0d7a6bc4b5bbf13348c41997fbe500ab6f","0250C500000400540010900580020086006800E00D8001003A01080040DC4100","45D9ECAFA20028D2EC32B100316DBA87A64AB5942C08109B7CEE4BB4024AC302",".P.....T.........h..\r...:...@.A.","unknown binary","table/index/resource candidate","structured or opaque binary data candidate","7.5905","0.3345","271","4","9","table/map/resource data","medium","yes","strings/MARPCK.TBL.strings.txt","hex_samples/MARPCK.TBL.hex.txt",""
"36","Original/MAY17.GAM","Original","MAY17.GAM",".GAM","1816","2020-05-17T18:46:14Z","2026-06-24T11:54:36Z","Archive","1","no","9c5ad0dd","6ea8cd16001a76f813fcb472b276ebcd","6238393aa4a51957c093a0e40489682594e93476","817b2684c86a2cc3a542c88399ab7e51841396724e3e7647ba9c3b03d2fea587","000301000001270E020000000002005E00FFFFFFFFFFFFFFFFFFFFFFFF010000","00000000000076000500530091000D0016000001000202000000030000030003","......'........^................","unknown binary","game/save/state candidate","opaque binary or proprietary resource candidate","1.6256","0.0259","1","9","9","save/game-state candidate","medium","yes","strings/MAY17.GAM.strings.txt","hex_samples/MAY17.GAM.hex.txt",""
"37","Original/MAY172.GAM","Original","MAY172.GAM",".GAM","1816","2020-05-17T18:34:12Z","2026-06-24T11:54:36Z","Archive","1","no","3fd78b0b","102bcc03dd27ed8ed37c0bffa7c52310","f91fa8b72563b7bdceae7a42bc535fcb3089283d","551bdd294932fd7a4d267f8ad9302a5b2e74a26879dd66e914982dbafedb9dc1","000302000001900D020000000000002A00FFFFFFFFFFFFFFFFFFFFFFFF010000","00000000000076000500530091000D0016000004000202000000010000030003",".......\r.......*................","unknown binary","game/save/state candidate","opaque binary or proprietary resource candidate","1.5315","0.0182","1","9","9","save/game-state candidate","medium","yes","strings/MAY172.GAM.strings.txt","hex_samples/MAY172.GAM.hex.txt",""
"38","Original/MAY25.GAM","Original","MAY25.GAM",".GAM","1816","2020-05-25T20:52:08Z","2026-06-24T11:54:36Z","Archive","1","no","8a42c685","41b6fe70efa9cdc1060210437a22542d","74a673331e26458fad48198406d73579e3fbfbd3","e12c851c8db3d525f9d5a26766ef059c0bddea1a49e30491cd480b6d17d0e9ea","0003000000017202020000000000005D00FFFFFFFFFFFFFFFFFFFFFFFF010000","00000000000076000500530091000D0016000004000202000000040000030003","......r........]................","unknown binary","game/save/state candidate","opaque binary or proprietary resource candidate","1.6424","0.0275","1","9","9","save/game-state candidate","medium","yes","strings/MAY25.GAM.strings.txt","hex_samples/MAY25.GAM.hex.txt",""
"39","Original/MECH.MUS","Original","MECH.MUS",".MUS","12114","1989-09-05T05:04:36Z","2026-06-24T11:48:41Z","Archive","1","no","44494cfe","76490d2baac43af68d3730b4e20e99bc","7d3f71bb9459669a345a89868edd0fdfe288e105","d9ecb66edad3f50fc15b57e7b2f994f63434a265235dbc5729102e4862e9da06","4D546864000000060000000100604D54726B00002F3C00FF58040402180800FF","00098926001691326B00266B029926731081320000260004892600820DFF2F00","MThd.........`MTrk../<..X.......","unknown binary","music candidate","opaque binary or proprietary resource candidate","5.2637","0.4224","4","4","5","audio/music resource","medium","no","strings/MECH.MUS.strings.txt","hex_samples/MECH.MUS.hex.txt",""
"40","Original/MECHBAR.MUS","Original","MECHBAR.MUS",".MUS","8977","1989-09-05T05:07:46Z","2026-06-24T11:48:41Z","Archive","1","no","010a2b52","f1ef98c7033a2242dec7e8a1c52cbe8f","154aee9b403733afe85ef5e9a9353b58d9a242b6","ce494c435df9a837216b3f245c3105eb8acfc432446ce3febcb1ec0aeb3913b6","4D546864000000060000000100604D54726B000022FB00FF58040402180800FF","2B000A834300004600014A000289240018844300004F00228949008531FF2F00","MThd.........`MTrk..""...X.......","unknown binary","music candidate","opaque binary or proprietary resource candidate","5.2328","0.3872","2","4","5","audio/music resource","medium","no","strings/MECHBAR.MUS.strings.txt","hex_samples/MECHBAR.MUS.hex.txt",""
"41","Original/MEDIUM.SCR","Original","MEDIUM.SCR",".SCR","4159","1989-08-31T03:25:08Z","2026-06-24T11:48:41Z","Archive","1","no","0b0631a9","5d34201e2785b23cc42a2452d16f1e8a","40d5dd7d5b6d666c054ace36d1ee97b02a6a4a62","c697f934facd5fe99b216c186950ea86eed46e4f146f2e225a54f3cff3a761e1","5343523A3710008042494E3A2F10000002007D00008802E2084810D123400012","3C53409CFCC9A0CCBF2534CAA45CCAA67CCAA71CCA293341A8DCCAAEFCCA1404","SCR:7...BIN:/.....}......H..#@..","unknown binary","screen/script/resource candidate","structured or opaque binary data candidate","7.9299","0.3741","48","4","6","screen/script/resource candidate","low","yes","strings/MEDIUM.SCR.strings.txt","hex_samples/MEDIUM.SCR.hex.txt",""
"42","Original/MW.EXE","Original","MW.EXE",".EXE","4096","1989-10-31T10:44:10Z","2026-06-24T11:48:41Z","Archive","1","no","deb99e8b","ab60dec591f095b3f02059c4b67d5188","2048f03284ca9e29369ad6e82fc27536cfb5a194","c9ea35f8247c46890279edfd99e7d08c1d2bcd84f855453259c78b5428c97089","4D5A43010800040020000000FFFF0000640061E7EE0906001E0000000100FD07","1A1A1A1A1A1A1A1A1A1A1A1A1A1A1A1A1A1A1A1A1A1A1A1A1A1A1A1A1A1A1A1A","MZC..... .......d.a..\t..........","MZ executable","DOS executable candidate","binary executable candidate","3.1075","0.1929","32","4","100","code","high","yes","strings/MW.EXE.strings.txt","hex_samples/MW.EXE.hex.txt",""
"43","Original/MW_1PICS.BIN","Original","MW_1PICS.BIN",".BIN","26662","1989-09-21T04:23:18Z","2026-06-24T11:48:41Z","Archive","1","no","e668bb99","dac473003ea9cdff56638c38e1f26bae","391773d97db0ecc1d77c7d5f1545ac54bd5bcc82","803b4bdedbf48f5168393075f3e64821020dd51f1814070cc640e30869893a03","3F200CF103C5103F6075FE0FFFF00FFFF00FFFF00FFFF00FFFF00FFFF00FFFF0","9F14114434F3433F13F14811FFF44F9F14FFF44F8FF413FFF44CCA504AE13806","? .....?`u......................","unknown binary","binary data/resource candidate","structured or opaque binary data candidate","5.3785","0.4161","693","4","33","binary resource/container candidate","medium","yes","strings/MW_1PICS.BIN.strings.txt","hex_samples/MW_1PICS.BIN.hex.txt",""
"44","Original/MW_2PICS.BIN","Original","MW_2PICS.BIN",".BIN","21348","1989-09-19T18:08:32Z","2026-06-24T11:48:41Z","Archive","1","no","535d2d0b","f9fc360ae22cd11c94d908ed2edf813f","97d18bdbe912cf010975bca01a5827c42878a4bc","55ca122298548b28d73804c3510f9e95cf188f4abd93eb7b6bb3d083850057ea","3F70F8058A6F70813F60260FFF035C643F2054FE033857FFF00FFFF00FFFF00F","8589CF2DFFDDDDF2DFEF8DF8D34F98899991FFF118F41D44BF71C5EB1B871B9F","?p...op.?`&...\d? T..8W.........","unknown binary","binary data/resource candidate","structured or opaque binary data candidate","5.0344","0.472","781","4","20","binary resource/container candidate","medium","yes","strings/MW_2PICS.BIN.strings.txt","hex_samples/MW_2PICS.BIN.hex.txt",""
"45","Original/MW_APICS.BIN","Original","MW_APICS.BIN",".BIN","5013","1989-09-20T11:04:20Z","2026-06-24T11:48:41Z","Archive","1","no","55f11030","204140c8c9d1c997984d8e0f61ba9621","98963cd1466420a9e38164275fac9e1c9e95bb10","de30de978c3caa0185ee3c27c278babe069b329718ede911e216ba5d95901aa2","3F200CF103C510FFF00FFFF00FFFF00FFFF00FFFF00FFFF00FFFF00FFFF00FFF","3F41F326433F313F3214344F32143143F32543FFF11FFFF11FEF012022FC040E","? ..............................","unknown binary","binary data/resource candidate","structured or opaque binary data candidate","5.2166","0.3651","106","4","15","binary resource/container candidate","medium","yes","strings/MW_APICS.BIN.strings.txt","hex_samples/MW_APICS.BIN.hex.txt",""
"46","Original/MW_CPICS.BIN","Original","MW_CPICS.BIN",".BIN","30097","1989-10-24T16:30:44Z","2026-06-24T11:48:41Z","Archive","1","no","024e6519","5f5601cb21262fe9d25d0a40021aa037","8b1ac26846b87a163a46f4a5d9e913201e7ac532","bd8b1421760d410f3104ae8de7febf6f0616f1fe56028f1057d0da9c9f9d5800","3F200CF103C5103F600DFA03E7313F800F1FFC030A523FB021FE032C733FD043","FFF44F5F342322FFF44F6F3423F24FFFF44733F24FFFF448FFF33FCF238F19E0","? .....?`\r...1?.....\nR?.!..,s?.C","unknown binary","binary data/resource candidate","structured or opaque binary data candidate","6.4182","0.3128","521","4","15","binary resource/container candidate","medium","yes","strings/MW_CPICS.BIN.strings.txt","hex_samples/MW_CPICS.BIN.hex.txt",""
"47","Original/MW_CPICS.EXE","Original","MW_CPICS.EXE",".EXE","3566","1989-08-14T17:21:02Z","2026-06-24T11:48:41Z","Archive","1","no","fdb86c65","0c1345a5d25403048f6cd8b373b5b7e9","c5b43db2f95001be5b30e756433d3f6ffe924c82","c0a999d7f647031ac1ff36276d64c5e6409b05c2163d42a18a81c7cd8f34735d","4D5AEE010700000020000000FFFF00000000EC7BC60200001E00000001000000","5C425F544543485C4152545C2E4C424D00454E44204F46204D575F4350494353","MZ...... ..........{............","MZ executable","DOS executable candidate","binary executable candidate","5.4148","0.4624","53","4","49","code","high","yes","strings/MW_CPICS.EXE.strings.txt","hex_samples/MW_CPICS.EXE.hex.txt",""
"48","Original/MW_EGA.EXE","Original","MW_EGA.EXE",".EXE","5599","1989-09-19T18:07:12Z","2026-06-24T11:48:41Z","Archive","1","no","493bff8c","db3d1f8f689da71524e4636930070374","2ceb0b92192bb76bc8f8b23c3df5c5bdd2dd56d0","fbbeef961ab0308127c390a3e2b345e1d82b6fcebe5c487c5f949532d0abba16","4D5ADF010B00000020000000FFFF000000001CC4000000001E00000001000000","170315050713070713170707070700BAAC13B410B0020E07CD10C3BABD13EBF2","MZ...... .......................","MZ executable","DOS executable candidate","binary executable candidate","4.2457","0.1138","10","4","10","code","high","yes","strings/MW_EGA.EXE.strings.txt","hex_samples/MW_EGA.EXE.hex.txt",""
"49","Original/MW_FPICS.BIN","Original","MW_FPICS.BIN",".BIN","13644","1989-09-19T18:08:52Z","2026-06-24T11:48:41Z","Archive","1","no","a7d5e8bf","e1a98e3a9fb638159229a61ef6ca1f0d","4f647d68198da86c6eb31760ce3b5a369bc32afc","25f711906b33e00eb1051b7b57ce432160607f527f4df1417a46410eec37028b","3F200CF103C5103F5001F603AEF0F03F30214F500F3FF70347E53F800F7FFB03","7167413F411181881991818819198898111481991988B1BB81183FF9353F42F1","? .....?P......?0!OP.?..G.?.....","unknown binary","binary data/resource candidate","structured or opaque binary data candidate","5.6867","0.2258","78","4","50","binary resource/container candidate","medium","yes","strings/MW_FPICS.BIN.strings.txt","hex_samples/MW_FPICS.BIN.hex.txt",""
"50","Original/MW_GPICS.BIN","Original","MW_GPICS.BIN",".BIN","18846","1989-10-04T05:10:30Z","2026-06-24T11:48:41Z","Archive","1","no","8ff2ce65","a24b664ad90618a85975d66de4bc402f","9cae5d7b7fd5cb6ac8758f4f98bc60b7623d8eed","db31ff5880315b78bdeaaa6f2af69195856c79873a23b96bd69566b13749cd6a","3F200CF103C5103F1009F2036D203F8009F303D8D03FD01A4F2017F403CE613F","5F0412F2382152F135F14420218F132252F1354F0112F239212215F138F0490E","? .....?.\t..m ?.\t....?..O ....a?","unknown binary","binary data/resource candidate","structured or opaque binary data candidate","5.788","0.4969","574","4","96","binary resource/container candidate","medium","yes","strings/MW_GPICS.BIN.strings.txt","hex_samples/MW_GPICS.BIN.hex.txt",""
"51","Original/MW_MAIN.EXE","Original","MW_MAIN.EXE",".EXE","137871","1989-11-02T18:15:40Z","2026-06-24T11:48:41Z","Archive","1","no","348a9bfb","7415a4741529b177569754c113960198","a5243fa2860a2e7a8ce6e9c5d0eedb6757c7d029","21a69aa79a9404711a8c1396178e6c275bb662cb015c150142d7f82be9f00aa7","4D5A8F000E017D0040003F003F006921E8039451BC0F41071E0000000100AE01","0A2D206E756C6C20706F696E7465722061737369676E6D656E740D0A00FFFFFF","MZ....}.@.?.?.i!...Q..A.........","MZ executable","DOS executable candidate","binary executable candidate","6.0178","0.6831","3033","4","250","code","high","yes","strings/MW_MAIN.EXE.strings.txt","hex_samples/MW_MAIN.EXE.hex.txt",""
"52","Original/MW_PICS.BIN","Original","MW_PICS.BIN",".BIN","328171","1989-10-03T19:24:30Z","2026-06-24T11:48:41Z","Archive","1","no","2ff6a683","d686608b8e8f6339327b9523a44982f6","2a7b8b1b5fab927cf49b242d66733cdadd89093d","d11684f462a0af5f89a3c5f018c43f4e21b623ce012a74c9934571f093eccbce","000000000000000000000000000058020000414A0000589500005ED901008D1B","E14E4E143FC43FC4441413F23FFFF33FFFF33FFFF33FFFF33F33214414443141","..............X...AJ..X...^.....","unknown binary","binary data/resource candidate","structured or opaque binary data candidate","6.2767","0.3302","6341","4","79","binary resource/container candidate","medium","yes","strings/MW_PICS.BIN.strings.txt","hex_samples/MW_PICS.BIN.hex.txt",""
"53","Original/MW_TANDY.EXE","Original","MW_TANDY.EXE",".EXE","5009","1989-11-01T16:22:06Z","2026-06-24T11:48:41Z","Archive","1","no","b27dec91","48f77e2264870022eb964258d57f4f53","1f3f0771d7d1c2b4144a6bac3bd53ea8e7f4e447","2f8e1c74cf99fedc41f4bd322e510c7563d01a674ddced0601eeb2772efe4618","4D5A91010A00000020000000FFFF000000009337000000001E00000001000000","EBE7C305000F07080B09010C040A03020E060D00B410B002BA74110E07CD10C3","MZ..\n... ..........7............","MZ executable","DOS executable candidate","binary executable candidate","3.8456","0.0954","9","5","10","code","high","yes","strings/MW_TANDY.EXE.strings.txt","hex_samples/MW_TANDY.EXE.hex.txt",""
"54","Original/MW_TPICS.BIN","Original","MW_TPICS.BIN",".BIN","32593","1989-09-19T18:09:26Z","2026-06-24T11:48:41Z","Archive","1","no","a3f8e375","33da344b05b60248b6571b3e0c4859bb","ac1f38b163a39f30465118dd5c8e6ac292cdbd76","33f8ea2e502b740a19d8471c47781b2985508654f138ba346f4a9d97d8ef7c99","3F200CF103C5103F6075FE0FFFF00FFFF00FFFF00FFFF00FFFF00FFFF00FFFF0","B5B1B1F1B8B1B1B15F416FF14FF4151411BF14FFF448FF11118811F1349F2400","? .....?`u......................","unknown binary","binary data/resource candidate","structured or opaque binary data candidate","5.9485","0.367","671","4","32","binary resource/container candidate","medium","yes","strings/MW_TPICS.BIN.strings.txt","hex_samples/MW_TPICS.BIN.hex.txt",""
"55","Original/OTHPCK.TBL","Original","OTHPCK.TBL",".TBL","2182","1989-10-05T16:01:14Z","2026-06-24T11:48:41Z","Archive","1","no","9dad6898","5dd8716cb276660eb5161de746e5bd13","723c2baf3df1ca274bbe40adcd9fcf08e11803d8","1450ece44914d1383294df6ae7d396230bdc92464701794d59532cd2db8a95e3","021F0D000000001800100000040005004401300000158400B4003800000C8004","B0B75DE9A9A5A04B8A3435A2A79DED49C7BA667923804B16844451472AE0AD0E","..\r.............D.0.......8.....","unknown binary","table/index/resource candidate","structured or opaque binary data candidate","7.5092","0.3625","17","4","6","table/map/resource data","medium","yes","strings/OTHPCK.TBL.strings.txt","hex_samples/OTHPCK.TBL.hex.txt",""
"56","Original/PHAPCK.TBL","Original","PHAPCK.TBL",".TBL","24673","1989-09-21T14:15:38Z","2026-06-24T11:48:41Z","Archive","1","no","eb164584","f88102dab7023b7e31f71c0bf7ee8bff","577be3332ea981e350e94a6572d6abff7e5320e9","49d3051dfb09e3a643ad5cf4204cd26189070b591d0ea3a2b5fa1738e5a1272d","02C09E000004007800A000400C0006001401F0008016000800C0011010124400","180260C7864B85F8A155A288685529252AC7628A002CC04A8BD3C168DD8C7501",".......x...@..................D.","unknown binary","table/index/resource candidate","structured or opaque binary data candidate","7.7282","0.357","257","4","12","table/map/resource data","medium","yes","strings/PHAPCK.TBL.strings.txt","hex_samples/PHAPCK.TBL.hex.txt",""
"57","Original/PHO.BMP","Original","PHO.BMP",".BMP","3577","1989-08-03T14:54:08Z","2026-06-24T11:48:41Z","Archive","1","no","dcb56c3b","7437ba8595069953e401bb0d5a2affc3","e97f0fb7d0d27e6ccae29a3cb7e4e4a15861dafd","01a776d96443b78737ac4ce233161912567b19d0e6804c1afdfa3e8ea23f107c","424D503AF10D0080494E463A0600000001009800C10042494E3ADB0D0000024C","DAB0C9DA9329F1599E371314DBAC3124A81ABBB106F8261EDB262B29266D6211","BMP:.\r..INF:..........BIN:.\r...L","Windows BMP signature","bitmap/graphics candidate by extension","opaque binary or proprietary resource candidate","7.9164","0.3939","54","4","8","graphics/font/palette resource","medium","no","strings/PHO.BMP.strings.txt","hex_samples/PHO.BMP.hex.txt",""
"58","Original/POINT.BMP","Original","POINT.BMP",".BMP","278","1989-05-04T14:10:34Z","2026-06-24T11:48:41Z","Archive","1","no","f84f196b","49e46134c8051490c3f163eda95c3300","8b558e47e2382348165aa430031d62855b8aad60","43e9683506afa04294ef72e464a074284c514a8cb24d9a0276b5eda756413ee1","424D503A0E010080494E463A0E00000003001000180010000A0010000D004249","8C0007F4F4F000F4F4F08C0001F087000140870001F087000140870001F08400","BMP:....INF:............\n...\r.BI","Windows BMP signature","bitmap/graphics candidate by extension","opaque binary or proprietary resource candidate","4.1973","0.1835","3","4","4","graphics/font/palette resource","medium","no","strings/POINT.BMP.strings.txt","hex_samples/POINT.BMP.hex.txt",""
"59","Original/PROMPT.BMP","Original","PROMPT.BMP",".BMP","294","1989-10-15T09:23:22Z","2026-06-24T11:48:41Z","Archive","1","no","b5a7feca","e8e2b5bad8de99d28cc705a9dd465c9d","53ff2ba58801602579288baeb13005907fe949ae","7c6805f817119d9e376693f6113224bba749a073883ca10f6c16b42db4943308","424D503A1E010080494E463A06000000010070001B0042494E3A0801000002E8","1E4DBAF4764B8D1C7FDB7CE935E3CBE8B96DA2642A91A04187E0C33384287125","BMP:....INF:......p...BIN:......","Windows BMP signature","bitmap/graphics candidate by extension","opaque binary or proprietary resource candidate","7.1601","0.2993","3","4","4","graphics/font/palette resource","medium","no","strings/PROMPT.BMP.strings.txt","hex_samples/PROMPT.BMP.hex.txt",""
"60","Original/RIF.BMP","Original","RIF.BMP",".BMP","4293","1989-08-03T14:55:26Z","2026-06-24T11:48:41Z","Archive","1","no","34858e61","8836a5352fcdf48aaef13a94a7f4f7f4","0e92e7d93cc50f16cfa895a61afe7e7cace26bf9","feed4012ecfea7b765e0bf81961a6e40d273c6d5b5e21360f94fbecd3ae5e4c1","424D503ABD100080494E463A0600000001009800C10042494E3AA7100000024C","13D2BA9921130731ADF5F1B6F45CCFF6BC95E391CF0642CD29A2CFB2F1CF0000","BMP:....INF:..........BIN:.....L","Windows BMP signature","bitmap/graphics candidate by extension","opaque binary or proprietary resource candidate","7.9285","0.3823","68","4","8","graphics/font/palette resource","medium","no","strings/RIF.BMP.strings.txt","hex_samples/RIF.BMP.hex.txt",""
"61","Original/RIFPCK.TBL","Original","RIFPCK.TBL",".TBL","32775","1989-09-13T18:59:36Z","2026-06-24T11:48:41Z","Archive","1","no","7ce9d02f","85c4e4529473b8717c61f42c5c5df1b0","038b770f4aaa95846619b0d29998771877f5fba4","622866d77ba6f8b55a5b6916c95222298baa6e74dc2b6699bd10c2b85dab8473","0216A7000004005400E000800A00080000012000C017000C00F401F000802F00","40E02E6F81C0035282010C14658D1FC140065E92910C1CA0290420000230D011",".......T....\n..... .........../.","unknown binary","table/index/resource candidate","structured or opaque binary data candidate","7.5473","0.331","222","4","9","table/map/resource data","medium","yes","strings/RIFPCK.TBL.strings.txt","hex_samples/RIFPCK.TBL.hex.txt",""
"62","Original/SAVE1.GAM","Original","SAVE1.GAM",".GAM","1816","2020-04-30T22:23:54Z","2026-06-24T11:54:36Z","Archive","1","no","45b11a19","4b281f3e5ce921124afde22534f4b749","ebdcb7676078424cba88904972f60260b067bd94","5ae494fb2d17e6c1222a7d04afba6ef3d74569c912410ab6a67d785cc81c3b2b","0003000000016C0B020000000000005400FFFFFFFFFFFFFFFFFFFFFFFF010000","00000000000076000500530091000D0016000003000205000000010000030003","......l........T................","unknown binary","game/save/state candidate","opaque binary or proprietary resource candidate","1.4514","0.0198","1","9","9","save/game-state candidate","medium","yes","strings/SAVE1.GAM.strings.txt","hex_samples/SAVE1.GAM.hex.txt",""
"63","Original/SAVE2.GAM","Original","SAVE2.GAM",".GAM","1816","2020-04-28T17:04:34Z","2026-06-24T11:54:36Z","Archive","1","no","ceadad5d","608073865d27f76ab9bbc68563e1116b","cb5d782f3ae9ec6de3983d53816899a36fe9830c","ffcbaa5151309604c2e7178bdf3b3d10ac25bcb2b8b4720ce43780366ca2976e","0003000000016C0B020000000002001E00FFFFFFFFFFFFFFFFFFFFFFFF010000","00000000000076000500530091000D0016000003000204000000010000030003","......l.........................","unknown binary","game/save/state candidate","opaque binary or proprietary resource candidate","1.7218","0.0303","1","9","9","save/game-state candidate","medium","yes","strings/SAVE2.GAM.strings.txt","hex_samples/SAVE2.GAM.hex.txt",""
"64","Original/SAVE3.GAM","Original","SAVE3.GAM",".GAM","1816","2020-04-28T17:10:44Z","2026-06-24T11:54:36Z","Archive","1","no","aa264c4b","9320172062878d299f9057c36bc8e1d2","64119955b0d07e695b676aa325f36d7007acfd53","7004ebd91d6aca73c354f80a8b1246d19c9934adbdb877ab8b9a2a5da4a31581","0003000000018501020000000000002E00FFFFFFFFFFFFFFFFFFFFFFFF010000","00000000000076000500530091000D0016000002000202000000000000030003","................................","unknown binary","game/save/state candidate","opaque binary or proprietary resource candidate","1.6871","0.0259","1","9","9","save/game-state candidate","medium","yes","strings/SAVE3.GAM.strings.txt","hex_samples/SAVE3.GAM.hex.txt",""
"65","Original/SAVE4.GAM","Original","SAVE4.GAM",".GAM","1816","2020-04-28T17:15:34Z","2026-06-24T11:54:36Z","Archive","1","no","571c61a8","7dae6d6d83c01a23aeada5d21bee9529","6e1467b1df673fc61fb13e54b45eb93c8e4928ad","9fd761c4603618f5bed58bf3351a7c100ab5c46b5184d09d4ab8fc118b47a7fc","000300000001441F0200000000FFFFFFFFFFFFFFFFFFFFFFFFFFFFFFFF000000","00000000000076000500530091000D0016000002000201000000010000030003","......D.........................","unknown binary","game/save/state candidate","opaque binary or proprietary resource candidate","1.658","0.0325","1","9","9","save/game-state candidate","medium","yes","strings/SAVE4.GAM.strings.txt","hex_samples/SAVE4.GAM.hex.txt",""
"66","Original/SHA.BMP","Original","SHA.BMP",".BMP","3864","1989-08-03T14:54:42Z","2026-06-24T11:48:41Z","Archive","1","no","d68aff4c","35a5c0deeaba4e8dae62fa326558745f","93fd48ccaffa1a170908176b7edf35696a0b1cc2","4e31d965ab1f4e957272befe0b6edb62fb1ff96361be22080c531ecf119f6757","424D503A100F0080494E463A0600000001009800C10042494E3AFA0E0000024C","CCFB2FCA7BBACFFB553AF5BC931BA4E699BDDA2B14DA19262FB9B8DE1BBEA80A","BMP:....INF:..........BIN:.....L","Windows BMP signature","bitmap/graphics candidate by extension","opaque binary or proprietary resource candidate","7.9205","0.398","48","4","8","graphics/font/palette resource","medium","no","strings/SHA.BMP.strings.txt","hex_samples/SHA.BMP.hex.txt",""
"67","Original/SHAPCK.TBL","Original","SHAPCK.TBL",".TBL","40544","1989-09-15T20:30:10Z","2026-06-24T11:48:41Z","Archive","1","no","cc1fe141","e554b57daaaa771ea88a59d6e8e098af","ff931bd2368f807ecc0993f9b2da6b09013a0bc0","63abc05e37d544c0c9c74593a0e1cb33ee0c5cba7267c86bd8206f5b8818e7f9","02C4DD000004007800A000800C82008C0058D80580010073002C00F00A400300","335350C70A9C250BBF830BA1E50B81E675A7556862B75A896676AFD5686AF70F",".......x.........X.....s.,..\n@..","unknown binary","table/index/resource candidate","structured or opaque binary data candidate","7.6528","0.3486","349","4","16","table/map/resource data","medium","yes","strings/SHAPCK.TBL.strings.txt","hex_samples/SHAPCK.TBL.hex.txt",""
"68","Original/SM_MECHS.BMP","Original","SM_MECHS.BMP",".BMP","3072","1989-10-05T16:07:20Z","2026-06-24T11:48:41Z","Archive","1","no","6d35130e","f2cd61db772c82ab2f5f4b189a01a97c","14c6854f096a320fcbcdfdc46aca8de5638b577f","688bf3a104e9df42d1a90f27daa822bf225342007ab42b74cf9047628c71f522","424D503AF80B0080494E463A2600000009003800380038003800380038003800","2999FE889640A9263EF59A32248BA8488A31658AB4097EA3789BB25986B7E919","BMP:....INF:&...\t.8.8.8.8.8.8.8.","Windows BMP signature","bitmap/graphics candidate by extension","opaque binary or proprietary resource candidate","7.8878","0.404","46","4","7","graphics/font/palette resource","medium","no","strings/SM_MECHS.BMP.strings.txt","hex_samples/SM_MECHS.BMP.hex.txt",""
"69","Original/SNARIO.DAT","Original","SNARIO.DAT",".DAT","3648","1989-11-01T22:49:08Z","2026-06-24T11:48:41Z","Archive","1","no","d6a08d9e","327fb3cb3975eb625ee78dc140142a11","bb726f92c22d594a38fb8a8db29540bbd134bd3a","ab17c786bd6531a6da5e363c2531946fd59a29821ddccbf9858dae6fab9641c8","0004080C01030103000002000003040800050A0D020200010001030302010804","009C000000C2FFFF008E000000C2FFFF0076000000D2FFFF0084000000C6FFFF","..................\n\r............","unknown binary","generic data candidate","structured or opaque binary data candidate","3.8537","0.0992","0","0","0","table/map/resource data","medium","yes","strings/SNARIO.DAT.strings.txt","hex_samples/SNARIO.DAT.hex.txt",""
"70","Original/STATUS.SCR","Original","STATUS.SCR",".SCR","1593","1989-09-13T15:37:20Z","2026-06-24T11:48:41Z","Archive","1","no","54d8999c","76f9cb6830989c3106d7dbef7ad84724","a39a47412453a23bcc347eac741b7aabb5dfa0e8","32041ea193465e452733b62a558cf7e12f6eeb2f6836fb01cd7a89082097d6f9","5343523A3106008042494E3A2906000002007D000077020A1C48B0A0C1830813","DEFA966F78FBAD70874B37DE12F7B8C86D0B6D97CBDCE63AF7B9D08DAE745F0A","SCR:1...BIN:).....}..w.\n.H......","unknown binary","screen/script/resource candidate","structured or opaque binary data candidate","7.8197","0.3635","19","4","5","screen/script/resource candidate","low","yes","strings/STATUS.SCR.strings.txt","hex_samples/STATUS.SCR.hex.txt",""
"71","Original/STRUTS.BMP","Original","STRUTS.BMP",".BMP","1135","1989-09-07T21:20:06Z","2026-06-24T11:48:41Z","Archive","1","no","6642715e","89dbc6f0e9aea507b441a6098c6e9c24","5a84ddc510b53c97369d07da86ffec379cefd3e7","a2b9d2cd714d8d9573fae54703a13cdf32c77c3c7bb5115c0ae987bba98fd9db","424D503A67040080494E463A320000000C001800180028002800500010001000","51EC88484CA2129778C49B1CA256508CA214A728ABEA59EC0F54CCA216A3C83A","BMP:g...INF:2.........(.(.P.....","Windows BMP signature","bitmap/graphics candidate by extension","opaque binary or proprietary resource candidate","7.6966","0.3806","14","4","6","graphics/font/palette resource","medium","no","strings/STRUTS.BMP.strings.txt","hex_samples/STRUTS.BMP.hex.txt",""
"72","Original/TERPCK.GI","Original","TERPCK.GI",".GI","15036","1989-09-23T19:03:26Z","2026-06-24T11:48:41Z","Archive","1","no","e436e07b","b5dcf6a9048b0220d76b0ac4cd48cdac","f028adc9b75920189bf9e3c4b939908757a579c0","02cd058e8b93c42517450b53751230e9f48e43b0f9cc024a28f894aaced8998d","02404B00000C001C00E000000A000800A400200000120001CD003000A010808B","F1E0F90B430CBB140062900085800FB9900FAC700F593000FBBFEE65100F9E0F",".@K.........\n..... .......0.....","unknown binary","unknown data candidate","opaque binary or proprietary resource candidate","7.5009","0.3196","90","4","9","unknown","low","yes","strings/TERPCK.GI.strings.txt","hex_samples/TERPCK.GI.hex.txt",""
"73","Original/TERPCK.TBL","Original","TERPCK.TBL",".TBL","8293","1989-09-23T19:03:20Z","2026-06-24T11:48:41Z","Archive","1","no","c9a5cc0f","92fef19d410342a8a50749de8c951c09","47f9634f5271e17b67e8e27d1da66753046f4af5","6b7a399e0711b9944069e0206c1bcf4bc33097809b34518a1cd886087e4c0414","02062C00000C001C00500080060002007C00E000400C0006000C018000801500","634760EB29901900F45AB6D323D920932F12B0B6501B9D6EBB322DF332311331","..,......P......|...@...........","unknown binary","table/index/resource candidate","structured or opaque binary data candidate","7.5849","0.3444","74","4","10","table/map/resource data","medium","yes","strings/TERPCK.TBL.strings.txt","hex_samples/TERPCK.TBL.hex.txt",""
"74","Original/TEST.GAM","Original","TEST.GAM",".GAM","1816","2026-06-24T10:54:48Z","2026-06-24T11:54:36Z","Archive","1","no","f37af12f","4fb42ad0d6b0340fd28ff4d07dc4ee7b","b10bf83300b068a83a588e89b91c9a5e8f077f65","e9ff3d514e2ab286c33b65c453ca2acbf936885a8285bc3cf1d262fad87c6e74","0003010000013A1F020000000002002F00FFFFFFFFFFFFFFFFFFFFFFFF010000","0000000000000A00040049007C001D0016000001000203000000010000030003","......:......../................","unknown binary","game/save/state candidate","opaque binary or proprietary resource candidate","1.3776","0.0193","1","9","9","save/game-state candidate","medium","yes","strings/TEST.GAM.strings.txt","hex_samples/TEST.GAM.hex.txt",""
"75","Original/TILE0.GRD","Original","TILE0.GRD",".GRD","4089","1989-09-23T12:05:22Z","2026-06-24T11:48:41Z","Archive","1","no","0d3ef394","2041e7d3da16cce84c95ed677622b536","39da535882bab0f1cb74f95c6ef69943956914e3","37e7f89b50901ec608a96a61740f153ed9258653a35c25ab60a47006db8a89ed","0000000000000000000000000000000000000000000000000000000000000000","0000000000000000000000000000000000000000000000000000000000000000","................................","unknown binary","grid/tile data candidate","structured or opaque binary data candidate","1.039","0.0594","32","4","10","table/map/resource data","medium","yes","strings/TILE0.GRD.strings.txt","hex_samples/TILE0.GRD.hex.txt",""
"76","Original/TILE0.WLD","Original","TILE0.WLD",".WLD","42","1989-09-18T15:05:42Z","2026-06-24T11:48:41Z","Archive","1","no","e5b208d7","740020cef795920dfcc50c5c83e15a6f","0fc1bdd88da8932d485ccd7c8a0a119501d86837","17e027fb67112053a11fd2cd531be77aa72d710c2097eb42808cc7f5fcabf2e9","1A009BDCFFFF844A00000000000012003381FFFFAA330000000000001500BBB0","0000000012003381FFFFAA330000000000001500BBB0FFFFDC1F000000000000",".......J........3....3..........","unknown binary","world/map metadata candidate","structured or opaque binary data candidate","2.7316","0.0714","0","0","0","table/map/resource data","medium","yes","strings/TILE0.WLD.strings.txt","hex_samples/TILE0.WLD.hex.txt",""
"77","Original/TILE0B.GRD","Original","TILE0B.GRD",".GRD","4089","1989-09-23T19:12:02Z","2026-06-24T11:48:41Z","Archive","1","no","31749f99","52f53d1319d021be15d197a9381df24a","2796de2c61091d3f3728baaff11ac5e2326970f9","480385a6935f0dc180ea1e008f463516dc75bf1a957dbe2e5df4bc520eaaff90","0000000000000000000000000000000000000000000000000000000000000000","0000000000000000000000000000000000000000000000000000000000000000","................................","unknown binary","grid/tile data candidate","structured or opaque binary data candidate","0.5917","0.0318","17","4","9","table/map/resource data","medium","yes","strings/TILE0B.GRD.strings.txt","hex_samples/TILE0B.GRD.hex.txt",""
"78","Original/TILE0B.WLD","Original","TILE0B.WLD",".WLD","14","1989-09-23T12:36:00Z","2026-06-24T11:48:41Z","Archive","1","no","0171fc84","5c83285198fa261d70d8a1e2e9ed58ad","2fb3db0d51bd2ef93a5474095fa53594cb60f875","100edd9726815137e97fe4bc0ad9fd4cd5ba8b51c6393773994bad3c46eb58ed","1500BBB0FFFFDC1F000000000000","1500BBB0FFFFDC1F000000000000","..............","unknown binary","world/map metadata candidate","structured or opaque binary data candidate","2.2608","0","0","0","0","table/map/resource data","medium","yes","strings/TILE0B.WLD.strings.txt","hex_samples/TILE0B.WLD.hex.txt",""
"79","Original/TILE1.GRD","Original","TILE1.GRD",".GRD","4089","1989-09-18T18:55:18Z","2026-06-24T11:48:41Z","Archive","1","no","90262f5f","2d1741c10898dd8e481e1a4d8be6460e","d4ed25e47f4aae10b67bf562c08ef36c27856e91","03386b1bc6c994b3c2359bc6e871b06f3ee150b33dd4d4c3922b8ec2e8d30fcd","0000000000000000000000000000000000000000000000000000000000000000","0000000000000000000000000000000000000000000000000000000000000000","................................","unknown binary","grid/tile data candidate","structured or opaque binary data candidate","0.8295","0.045","21","4","11","table/map/resource data","medium","yes","strings/TILE1.GRD.strings.txt","hex_samples/TILE1.GRD.hex.txt",""
"80","Original/TILE1.WLD","Original","TILE1.WLD",".WLD","56","1989-09-18T15:05:42Z","2026-06-24T11:48:41Z","Archive","1","no","0dad67d6","49f6066ea3efea75ea3d0578cef8730c","24e583cc0960e1f460863f30d1758919dec943f1","5ba1c1e0730e911febef372217bbed130d4466266006fa8c6424938be90855d1","1A00EBE3FFFFC4190000000000001B00EFA3FFFFD01C0000000000000A0027CC","000000000A0027CCFFFF543E0000000000001400B77BFFFF3C38000000000000","............................\n.'.","unknown binary","world/map metadata candidate","structured or opaque binary data candidate","2.9751","0.125","0","0","0","table/map/resource data","medium","yes","strings/TILE1.WLD.strings.txt","hex_samples/TILE1.WLD.hex.txt",""
"81","Original/TILE10.GRD","Original","TILE10.GRD",".GRD","4089","1989-09-18T18:56:10Z","2026-06-24T11:48:41Z","Archive","1","no","7b18b307","cc484a9176f4c6f8b68413aa9e001a44","a776f8693a456a82dc2bca3ba62b2d7f62bb8c4d","03e9809dfe6f9a73e94b9629677fbdbad22b99ad267c7220301e50ed44ae05c5","0000000000000000000000000000000000000000000000000000000000000000","0000000000000000000000000000000000000000000000000000000000000000","................................","unknown binary","grid/tile data candidate","structured or opaque binary data candidate","0.6065","0.0298","20","4","6","table/map/resource data","medium","yes","strings/TILE10.GRD.strings.txt","hex_samples/TILE10.GRD.hex.txt",""
"82","Original/TILE10.WLD","Original","TILE10.WLD",".WLD","56","1989-09-18T15:05:46Z","2026-06-24T11:48:41Z","Archive","1","no","9c30f608","b3f641e52af7d5802bdc6053b6ace8af","5ae075fc2c1baccd47fdc2d37b0b1c5bacd1759c","d209fc4879e613ed89b54be3b3d0c217c8514b4e733b519fe2bc589358de9cf4","1D005355FFFF8AEAFFFF000000001A0017E2FFFF8EAAFFFF000000000B007FC8","000000000B007FC8FFFF06C9FFFF000000000200B77BFFFFFAC5FFFF00000000","..SU............................","unknown binary","world/map metadata candidate","structured or opaque binary data candidate","3.121","0.0536","0","0","0","table/map/resource data","medium","yes","strings/TILE10.WLD.strings.txt","hex_samples/TILE10.WLD.hex.txt",""
"83","Original/TILE10B.GRD","Original","TILE10B.GRD",".GRD","4089","1989-09-23T19:12:40Z","2026-06-24T11:48:41Z","Archive","1","no","9af61c56","e4b46985eb2376563bee5106ed1efad2","7cbfe050a0b899173a2507ed66a3b0dda2fa0db9","a410c8f3d2c0cf1098774d557b27528689302ebef9f9806bd0964fdb00e86f39","0000000000000000000000000000000000000000000000000000000000000000","0000000000000000000000000000000000000000000000000000000000000000","................................","unknown binary","grid/tile data candidate","structured or opaque binary data candidate","0.3736","0.0176","12","4","6","table/map/resource data","medium","yes","strings/TILE10B.GRD.strings.txt","hex_samples/TILE10B.GRD.hex.txt",""
"84","Original/TILE10B.WLD","Original","TILE10B.WLD",".WLD","28","1989-09-23T12:42:40Z","2026-06-24T11:48:41Z","Archive","1","no","21012c1c","a8bf6f83845dbd984ea22d40b6ed0668","523c1c455f8ad3fa5cebb79b973a815cb151bb03","b3ecfdec0118c7eb93b6eaef5cb0115cf36fbc27f7373d3755264e28e326d108","1A0017E2FFFF8EAAFFFF000000000B007FC8FFFF06C9FFFF00000000","1A0017E2FFFF8EAAFFFF000000000B007FC8FFFF06C9FFFF00000000","............................","unknown binary","world/map metadata candidate","structured or opaque binary data candidate","2.7638","0","0","0","0","table/map/resource data","medium","yes","strings/TILE10B.WLD.strings.txt","hex_samples/TILE10B.WLD.hex.txt",""
"85","Original/TILE11.GRD","Original","TILE11.GRD",".GRD","4089","1989-09-18T18:56:18Z","2026-06-24T11:48:41Z","Archive","1","no","d67d7f17","2baf80fa55d1afb722d059f061eb71fd","c41b3f3c4cf54531e3a98221549b22b337bf2f24","6c6aa1e7e8972caa828ae63b73a5a91c8d4f9e7cb167e5e489ef32f047a709c8","0000000000000000000000000000000000000000000000000000000000000000","0000000000000000000000000000000000000000000000000000000000000000","................................","unknown binary","grid/tile data candidate","structured or opaque binary data candidate","0","0","0","0","0","table/map/resource data","medium","yes","strings/TILE11.GRD.strings.txt","hex_samples/TILE11.GRD.hex.txt",""
"86","Original/TILE11.WLD","Original","TILE11.WLD",".WLD","70","1989-09-18T15:05:46Z","2026-06-24T11:48:41Z","Archive","1","no","38e304c2","1d27a835f7088eeb9df1f283f9ecb155","d6a414e7b29eda23d67bfa56d3554d9936bc9a19","2684093c40c15ea1b9301612477b9c5c852fcb66a13ea61200b9fe0801dd362a","1C005F7FFFFF50BBFFFF000000001A00D74FFFFFF0A2FFFF000000001A00B3BB","000000001D0053CAFFFF42D8FFFF000000001B00578AFFFF10ECFFFF00000000",".._...P..........O..............","unknown binary","world/map metadata candidate","structured or opaque binary data candidate","3.1502","0.0857","0","0","0","table/map/resource data","medium","yes","strings/TILE11.WLD.strings.txt","hex_samples/TILE11.WLD.hex.txt",""
"87","Original/TILE11B.GRD","Original","TILE11B.GRD",".GRD","4089","1989-09-23T19:12:44Z","2026-06-24T11:48:41Z","Archive","1","no","d67d7f17","2baf80fa55d1afb722d059f061eb71fd","c41b3f3c4cf54531e3a98221549b22b337bf2f24","6c6aa1e7e8972caa828ae63b73a5a91c8d4f9e7cb167e5e489ef32f047a709c8","0000000000000000000000000000000000000000000000000000000000000000","0000000000000000000000000000000000000000000000000000000000000000","................................","unknown binary","grid/tile data candidate","structured or opaque binary data candidate","0","0","0","0","0","table/map/resource data","medium","yes","strings/TILE11B.GRD.strings.txt","hex_samples/TILE11B.GRD.hex.txt",""
"88","Original/TILE11B.WLD","Original","TILE11B.WLD",".WLD","42","1989-09-23T12:43:06Z","2026-06-24T11:48:41Z","Archive","1","no","ccb765f6","eed44935926716a8e7a972b8ff89320f","21b3b216c5570e81e987057d0c3ee38757f86c4a","e5707675b7a60fcde79474bce9af12aa331249ce85b27e0542fa3691955b2975","1C005F7FFFFF50BBFFFF000000001A00B3BBFFFFB2B3FFFF000000001B00578A","000000001A00B3BBFFFFB2B3FFFF000000001B00578AFFFF10ECFFFF00000000",".._...P.......................W.","unknown binary","world/map metadata candidate","structured or opaque binary data candidate","2.8775","0.0714","0","0","0","table/map/resource data","medium","yes","strings/TILE11B.WLD.strings.txt","hex_samples/TILE11B.WLD.hex.txt",""
"89","Original/TILE12.GRD","Original","TILE12.GRD",".GRD","4089","1989-09-18T18:56:22Z","2026-06-24T11:48:41Z","Archive","1","no","e91374d9","ff371070b0bece437613ed611a570f71","a4ec693ad1865dc90f7e51680d2fcb72e15b4ba3","6ec7e52d34bd79bc4ef07f17c538258c1fb703cca0ba38f6603233e6b72aa761","0000000000000000000000000000000000000000000000000000000000000000","0000000000000000000000000000000000000000000000000000000000000000","................................","unknown binary","grid/tile data candidate","structured or opaque binary data candidate","1.333","0.0658","30","4","25","table/map/resource data","medium","yes","strings/TILE12.GRD.strings.txt","hex_samples/TILE12.GRD.hex.txt",""
"90","Original/TILE12.WLD","Original","TILE12.WLD",".WLD","42","1989-09-18T15:05:46Z","2026-06-24T11:48:41Z","Archive","1","no","c908946b","d426ed97cbe17ba986cbf58a9e663d9c","39bd6ee28c1edf50fce317119137580c0dde28fb","ac732d95f813aa373fbaa7ce994b16184f83f7fb1e9c4620b01a32f6e2a0c2e4","050046800000BBC9FFFF000000000B007827000066E2FFFF000000001A008C21","000000000B007827000066E2FFFF000000001A008C2100005AB4FFFF00000000","..F.............x'..f..........!","unknown binary","world/map metadata candidate","structured or opaque binary data candidate","2.8269","0.1429","0","0","0","table/map/resource data","medium","yes","strings/TILE12.WLD.strings.txt","hex_samples/TILE12.WLD.hex.txt",""
"91","Original/TILE12B.GRD","Original","TILE12B.GRD",".GRD","4089","1989-09-23T19:12:48Z","2026-06-24T11:48:41Z","Archive","1","no","6de32951","c72741750e1fe2747a2e715fc0903a74","dadc47bc32211cf7f2364c30367f454bc0393a21","9d10725d03dc94cd0cea6a88fd6b003a536139b7115ce9dd950e47abeee5a2fe","0000000000000000000000000000000000000000000000000000000000000000","0000000000000000000000000000000000000000000000000000000000000000","................................","unknown binary","grid/tile data candidate","structured or opaque binary data candidate","1.0184","0.0492","19","4","25","table/map/resource data","medium","yes","strings/TILE12B.GRD.strings.txt","hex_samples/TILE12B.GRD.hex.txt",""
"92","Original/TILE12B.WLD","Original","TILE12B.WLD",".WLD","28","1989-09-23T12:43:40Z","2026-06-24T11:48:41Z","Archive","1","no","923245f7","0e57552c98efcef82b0c9a2b9536e496","5043ba5644901013de5656fc71ba3ed7767c3b17","1aabda3ddd16d97900192c9e2650666f935b7fc98d24b2949db9028c6b480621","050046800000BBC9FFFF000000001A008C2100005AB4FFFF00000000","050046800000BBC9FFFF000000001A008C2100005AB4FFFF00000000","..F..............!..Z.......","unknown binary","world/map metadata candidate","structured or opaque binary data candidate","2.618","0.1071","0","0","0","table/map/resource data","medium","yes","strings/TILE12B.WLD.strings.txt","hex_samples/TILE12B.WLD.hex.txt",""
"93","Original/TILE13.GRD","Original","TILE13.GRD",".GRD","4089","1989-09-18T18:56:30Z","2026-06-24T11:48:41Z","Archive","1","no","68a611d3","f66e9b1362ff0af8564ec6e971c1e75b","ed052646ed564615e474018b8c0fc646e6d4387f","e8d00596f67953e892391bd57fd6a4a3b9b2059f57775141c99d5a511dc0bc94","0000000000000000000000000000000000000000000000000000000000000000","2115090000000000000000000000000000000000000000000000000000000000","................................","unknown binary","grid/tile data candidate","structured or opaque binary data candidate","0.5123","0.0289","20","4","7","table/map/resource data","medium","yes","strings/TILE13.GRD.strings.txt","hex_samples/TILE13.GRD.hex.txt",""
"94","Original/TILE13.WLD","Original","TILE13.WLD",".WLD","70","1989-09-18T15:05:46Z","2026-06-24T11:48:41Z","Archive","1","no","99c93575","93a1186eddae4a713b006fd45eefd3d4","59879ae726b261f6cb5cd3e7b0f7270b26295069","bb692644908a80d0610dc4d2b5707d8694107b7c6be1fb31fa12b57461474cec","1A00523F000096EDFFFF000000001D0062290000E2BFFFFF000000001A00D279","000000000A00AAB0000004E9FFFF0000000017009A510000FCA5FFFF00000000","..R?............b).............y","unknown binary","world/map metadata candidate","structured or opaque binary data candidate","3.0615","0.1","0","0","0","table/map/resource data","medium","yes","strings/TILE13.WLD.strings.txt","hex_samples/TILE13.WLD.hex.txt",""
"95","Original/TILE13B.GRD","Original","TILE13B.GRD",".GRD","4089","1989-09-23T19:12:54Z","2026-06-24T11:48:41Z","Archive","1","no","d67d7f17","2baf80fa55d1afb722d059f061eb71fd","c41b3f3c4cf54531e3a98221549b22b337bf2f24","6c6aa1e7e8972caa828ae63b73a5a91c8d4f9e7cb167e5e489ef32f047a709c8","0000000000000000000000000000000000000000000000000000000000000000","0000000000000000000000000000000000000000000000000000000000000000","................................","unknown binary","grid/tile data candidate","structured or opaque binary data candidate","0","0","0","0","0","table/map/resource data","medium","yes","strings/TILE13B.GRD.strings.txt","hex_samples/TILE13B.GRD.hex.txt",""
"96","Original/TILE13B.WLD","Original","TILE13B.WLD",".WLD","42","1989-09-23T12:45:08Z","2026-06-24T11:48:41Z","Archive","1","no","2d44ad40","825190424d04592ef61d2ef00d32886d","78782abf53a1a7e1ee5fe9f48f72d2966f1f4aa1","13c20ef2942712746d35ea06b15d8b1fb3b261b0207171d5748ebb5c984aa0f5","1A00523F000096EDFFFF000000001D0062290000E2BFFFFF000000001A00D279","000000001D0062290000E2BFFFFF000000001A00D279000098CDFFFF00000000","..R?............b).............y","unknown binary","world/map metadata candidate","structured or opaque binary data candidate","2.7793","0.119","0","0","0","table/map/resource data","medium","yes","strings/TILE13B.WLD.strings.txt","hex_samples/TILE13B.WLD.hex.txt",""
"97","Original/TILE14.GRD","Original","TILE14.GRD",".GRD","4089","1989-09-18T18:56:38Z","2026-06-24T11:48:41Z","Archive","1","no","8f8dd8c8","c987b68309c07c48822375984c23598c","f1d03cdccb1f06422621dfce9daeb85f3bb9766a","c5697fc67adba4b7a84aaa37ef8ff99bed6c18d2d9e971124e5ec834b53897af","0000000000000000000000000000000000000000000000000000000000000000","0000000000000000000000000000000000000000000000000000000000000000","................................","unknown binary","grid/tile data candidate","structured or opaque binary data candidate","1.8099","0.1047","43","4","15","table/map/resource data","medium","yes","strings/TILE14.GRD.strings.txt","hex_samples/TILE14.GRD.hex.txt",""
"98","Original/TILE14.WLD","Original","TILE14.WLD",".WLD","42","1989-09-18T15:05:46Z","2026-06-24T11:48:41Z","Archive","1","no","64d0693e","facf337a802bf0dc23b9fa72877acf79","e7233d22db9c94b42da4d3f5e013731b4c743ddf","cbbd3c108e23cace09c3d4048272f0b86b9e9955a0dbd5b34ec7ed22e306284c","07009A510000D4DCFFFF000000000200961C0000E2BFFFFF0000000006003E95","000000000200961C0000E2BFFFFF0000000006003E95000006C9FFFF00000000","...Q..........................>.","unknown binary","world/map metadata candidate","structured or opaque binary data candidate","2.7793","0.0476","0","0","0","table/map/resource data","medium","yes","strings/TILE14.WLD.strings.txt","hex_samples/TILE14.WLD.hex.txt",""
"99","Original/TILE14B.GRD","Original","TILE14B.GRD",".GRD","4089","1989-09-23T19:13:00Z","2026-06-24T11:48:42Z","Archive","1","no","23f1cf4f","81a111e4e0479200d909f105d5e692ec","cb95c375a3c44db1045a16a6ac9f1cbb508f4d4a","1c24382ef765da65875593057613a03e1ed5a564e4291679eed761e7fe46e06d","0000000000000000000000000000000000000000000000000000000000000000","0000000000000000000000000000000000000000000000000000000000000000","................................","unknown binary","grid/tile data candidate","structured or opaque binary data candidate","0.8229","0.0433","23","4","9","table/map/resource data","medium","yes","strings/TILE14B.GRD.strings.txt","hex_samples/TILE14B.GRD.hex.txt",""
"100","Original/TILE14B.WLD","Original","TILE14B.WLD",".WLD","28","1989-09-23T12:45:28Z","2026-06-24T11:48:42Z","Archive","1","no","36906960","84a112b7240b2acbde30b4f7a4c6832c","4b3c59992430501ac10958b2ddc9e510d3595837","d5d7f87476cc93d3126e260d4fa9b16c14364f37fc66aa8f885e0ec766f67409","07009A510000D4DCFFFF000000000200961C0000E2BFFFFF00000000","07009A510000D4DCFFFF000000000200961C0000E2BFFFFF00000000","...Q........................","unknown binary","world/map metadata candidate","structured or opaque binary data candidate","2.618","0.0357","0","0","0","table/map/resource data","medium","yes","strings/TILE14B.WLD.strings.txt","hex_samples/TILE14B.WLD.hex.txt",""
"101","Original/TILE15.GRD","Original","TILE15.GRD",".GRD","4089","1989-09-18T18:56:46Z","2026-06-24T11:48:42Z","Archive","1","no","d51f69c8","b029fb0ffaca1eee18da73bdcc8ca9ef","ac74979b363a4a3b1fe08102a22ac92dadbcfae6","585ab440a19cd508e8183c41704c905582b0646f881adaa6dedae84c0bea0444","0000000000000000000000000000000000000000000000000000000000000000","0000000000000000000000000000000000000000000000000000000000000000","................................","unknown binary","grid/tile data candidate","structured or opaque binary data candidate","1.5795","0.0976","29","5","22","table/map/resource data","medium","yes","strings/TILE15.GRD.strings.txt","hex_samples/TILE15.GRD.hex.txt",""
"102","Original/TILE15.WLD","Original","TILE15.WLD",".WLD","42","1989-09-18T15:05:48Z","2026-06-24T11:48:42Z","Archive","1","no","eb78fba2","27968bb315a99494573616434f2469d0","1b7d9a0e5803853f1f9a25420f32e378e547e0d3","61a76d551ef10cf4fa6e17658f51e625aa5380779b9a9cc51fbe215faca94552","0D008E9C000082A7FFFF000000001D009E86000072E4FFFF0000000009001657","000000001D009E86000072E4FFFF00000000090016570000B0D3FFFF00000000","\r...................r.......\t..W","unknown binary","world/map metadata candidate","structured or opaque binary data candidate","2.8269","0.0952","0","0","0","table/map/resource data","medium","yes","strings/TILE15.WLD.strings.txt","hex_samples/TILE15.WLD.hex.txt",""
"103","Original/TILE15B.GRD","Original","TILE15B.GRD",".GRD","4089","1989-09-23T19:13:04Z","2026-06-24T11:48:42Z","Archive","1","no","d51f69c8","b029fb0ffaca1eee18da73bdcc8ca9ef","ac74979b363a4a3b1fe08102a22ac92dadbcfae6","585ab440a19cd508e8183c41704c905582b0646f881adaa6dedae84c0bea0444","0000000000000000000000000000000000000000000000000000000000000000","0000000000000000000000000000000000000000000000000000000000000000","................................","unknown binary","grid/tile data candidate","structured or opaque binary data candidate","1.5795","0.0976","29","5","22","table/map/resource data","medium","yes","strings/TILE15B.GRD.strings.txt","hex_samples/TILE15B.GRD.hex.txt",""
"104","Original/TILE15B.WLD","Original","TILE15B.WLD",".WLD","14","1989-09-23T12:46:06Z","2026-06-24T11:48:42Z","Archive","1","no","af30a503","9bf1cf685356516538fe03b893311b06","b62b2874c1db9a7d377a1f3a6db51d0f102dd6db","74926113db5ab55f015a597eb59b83f339650f45943b9324c1f896023c6221f0","090016570000B0D3FFFF00000000","090016570000B0D3FFFF00000000","\t..W..........","unknown binary","world/map metadata candidate","structured or opaque binary data candidate","2.2608","0.1429","0","0","0","table/map/resource data","medium","yes","strings/TILE15B.WLD.strings.txt","hex_samples/TILE15B.WLD.hex.txt",""
"105","Original/TILE1B.GRD","Original","TILE1B.GRD",".GRD","4089","1989-09-23T19:12:08Z","2026-06-24T11:48:41Z","Archive","1","no","90262f5f","2d1741c10898dd8e481e1a4d8be6460e","d4ed25e47f4aae10b67bf562c08ef36c27856e91","03386b1bc6c994b3c2359bc6e871b06f3ee150b33dd4d4c3922b8ec2e8d30fcd","0000000000000000000000000000000000000000000000000000000000000000","0000000000000000000000000000000000000000000000000000000000000000","................................","unknown binary","grid/tile data candidate","structured or opaque binary data candidate","0.8295","0.045","21","4","11","table/map/resource data","medium","yes","strings/TILE1B.GRD.strings.txt","hex_samples/TILE1B.GRD.hex.txt",""
"106","Original/TILE1B.WLD","Original","TILE1B.WLD",".WLD","28","1989-09-23T12:36:40Z","2026-06-24T11:48:41Z","Archive","1","no","19614306","db1c3c4b5f3a64242a8a8e6bfeba9551","4a559b81c5a810fe36304816653155ffb9822473","fe49ee571c9f01ceba0de0c525a6c451a8562863dd7ff8eb7b14d8901e806e08","0A0027CCFFFF543E0000000000001400B77BFFFF3C38000000000000","0A0027CCFFFF543E0000000000001400B77BFFFF3C38000000000000","\n.'...T>.........{..<8......","unknown binary","world/map metadata candidate","structured or opaque binary data candidate","2.618","0.25","0","0","0","table/map/resource data","medium","yes","strings/TILE1B.WLD.strings.txt","hex_samples/TILE1B.WLD.hex.txt",""
"107","Original/TILE2.GRD","Original","TILE2.GRD",".GRD","4089","1989-09-18T18:55:24Z","2026-06-24T11:48:41Z","Archive","1","no","2ef41449","3b72c60e7a38941490b3740fdd7da650","0b7c181e1e6d1580a6fe6a9d5a5ee935048a74ba","f74da6cfd9d062ed1ad785647858febfc83f9f98fa9bcca928b7c4c162a13ec9","0000000000000000000000000000000000000000000000000000000000000000","0000000000000000000000000000000000000000000000000000000000000000","................................","unknown binary","grid/tile data candidate","structured or opaque binary data candidate","0.5899","0.0306","16","4","9","table/map/resource data","medium","yes","strings/TILE2.GRD.strings.txt","hex_samples/TILE2.GRD.hex.txt",""
"108","Original/TILE2.WLD","Original","TILE2.WLD",".WLD","42","1989-09-18T15:05:44Z","2026-06-24T11:48:41Z","Archive","1","no","0a3a02ff","b96d3fd79d98c14ec581554f39eab606","3f9b4b4b849b5ec6486a374b918f78cb27ab227d","56f19eba274a2a74486da671fdb5a46ec04e5774c2239bdbb7437a135c4c4a98","1A0027CCFFFF5E610000000000001D00BBB0FFFFFE4800000000000007005F7F","000000001D00BBB0FFFFFE4800000000000007005F7FFFFF561E000000000000","..'...^a.............H........_.","unknown binary","world/map metadata candidate","structured or opaque binary data candidate","2.8269","0.1429","0","0","0","table/map/resource data","medium","yes","strings/TILE2.WLD.strings.txt","hex_samples/TILE2.WLD.hex.txt",""
"109","Original/TILE2B.GRD","Original","TILE2B.GRD",".GRD","4089","1989-09-23T19:12:12Z","2026-06-24T11:48:41Z","Archive","1","no","2ef41449","3b72c60e7a38941490b3740fdd7da650","0b7c181e1e6d1580a6fe6a9d5a5ee935048a74ba","f74da6cfd9d062ed1ad785647858febfc83f9f98fa9bcca928b7c4c162a13ec9","0000000000000000000000000000000000000000000000000000000000000000","0000000000000000000000000000000000000000000000000000000000000000","................................","unknown binary","grid/tile data candidate","structured or opaque binary data candidate","0.5899","0.0306","16","4","9","table/map/resource data","medium","yes","strings/TILE2B.GRD.strings.txt","hex_samples/TILE2B.GRD.hex.txt",""
"110","Original/TILE2B.WLD","Original","TILE2B.WLD",".WLD","14","1989-09-23T12:37:10Z","2026-06-24T11:48:41Z","Archive","1","no","9be376c2","6b9da19b7352aa3c21f0cb9f37a143f4","11476646086c6e322509b3ee744fed6cf2d20c2e","74e01b2cfd1c07809a1086b3e9fe49dee1bda451502e07e02c0eca0bee1fa2ab","07005F7FFFFF561E000000000000","07005F7FFFFF561E000000000000",".._...V.......","unknown binary","world/map metadata candidate","structured or opaque binary data candidate","2.2608","0.1429","0","0","0","table/map/resource data","medium","yes","strings/TILE2B.WLD.strings.txt","hex_samples/TILE2B.WLD.hex.txt",""
"111","Original/TILE3.GRD","Original","TILE3.GRD",".GRD","4089","1989-09-18T18:55:30Z","2026-06-24T11:48:41Z","Archive","1","no","83494db5","e8ec9f6a5b0c325e43b76380905564e1","5e86d873409e1c08ce60d7713c592a65974b6ab6","0ba0132acf086b97082a0a53e22a6074fea75345e4d883a8b24f297e39da266e","0000000000000000000000000000000000000000000000000000000000000000","0000000000000000000000000000000000000000000000000000000000000000","................................","unknown binary","grid/tile data candidate","structured or opaque binary data candidate","1.0544","0.0555","34","4","8","table/map/resource data","medium","yes","strings/TILE3.GRD.strings.txt","hex_samples/TILE3.GRD.hex.txt",""
"112","Original/TILE3.WLD","Original","TILE3.WLD",".WLD","42","1989-09-18T15:05:44Z","2026-06-24T11:48:41Z","Archive","1","no","60ba2fa9","fb0ad9252cb93a5c4edc29ee5e70bf06","e4f875ac8ab6098acf58f5aac23dd49dc336d4a5","c9fdfe25fd77f647a5eb92e00a39099153c73c5b409811b8594c24a4ac6814d5","1700FBCDFFFFDA3F00000000000003009BDCFFFF561E0000000000000400B77B","0000000003009BDCFFFF561E0000000000000400B77BFFFF7A27000000000000",".......?............V..........{","unknown binary","world/map metadata candidate","structured or opaque binary data candidate","2.8269","0.119","0","0","0","table/map/resource data","medium","yes","strings/TILE3.WLD.strings.txt","hex_samples/TILE3.WLD.hex.txt",""
"113","Original/TILE3B.GRD","Original","TILE3B.GRD",".GRD","4089","1989-09-23T19:12:16Z","2026-06-24T11:48:41Z","Archive","1","no","03bd15b0","bd6e10a7a4849ad4c11fabb870cd750f","93277d2846b2fa390032311a841ffcee7b916320","1865a679087690a1cf3de06e50c642a333b27b73ebe2a8636ef445dcb49abf14","0000000000000000000000000000000000000000000000000000000000000000","0000000000000000000000000000000000000000000000000000000000000000","................................","unknown binary","grid/tile data candidate","structured or opaque binary data candidate","0.6007","0.0308","20","4","8","table/map/resource data","medium","yes","strings/TILE3B.GRD.strings.txt","hex_samples/TILE3B.GRD.hex.txt",""
"114","Original/TILE3B.WLD","Original","TILE3B.WLD",".WLD","14","1989-09-23T12:37:48Z","2026-06-24T11:48:41Z","Archive","1","no","ec18a036","766ffdd26e87543c11b817743462341c","a6b4b3e749560a05c2c886c1a9675a8c27a453ee","50982cdf9dae4252d52adba52a5bef22f91031d5880ab6fd77e1fcae2153c239","1700FBCDFFFFDA3F000000000000","1700FBCDFFFFDA3F000000000000",".......?......","unknown binary","world/map metadata candidate","structured or opaque binary data candidate","2.2608","0.0714","0","0","0","table/map/resource data","medium","yes","strings/TILE3B.WLD.strings.txt","hex_samples/TILE3B.WLD.hex.txt",""
"115","Original/TILE4.GRD","Original","TILE4.GRD",".GRD","4089","1989-09-18T18:55:38Z","2026-06-24T11:48:41Z","Archive","1","no","ceebbc7e","c965534938843dc1c07b536f7102e172","eea8171515504a38f709e8bccea9584c33052b24","ff623d8c30cc77bc09db154b0af184a1e5c5f3ada0a2c548b9c57376cc61f5a5","0000000000000000000000000000000000000000000000000000000000000000","0000000000000000000000000000000000000000000000000000000000000000","................................","unknown binary","grid/tile data candidate","structured or opaque binary data candidate","0.5921","0.0281","15","4","9","table/map/resource data","medium","yes","strings/TILE4.GRD.strings.txt","hex_samples/TILE4.GRD.hex.txt",""
"116","Original/TILE4.WLD","Original","TILE4.WLD",".WLD","56","1989-09-18T15:05:44Z","2026-06-24T11:48:41Z","Archive","1","no","6d431067","aa6987d5d5e90da4f7e91ee06d027eb5","17ded9e01b47974a299d9d1d5528c08213600e29","c3617f64307346c38d51cf986bce90874999c36d270027ec8d11c50c92b25ef4","1C00B6650000AC130000000000001A00629E00003C380000000000000800D639","000000000800D639000000290000000000000200B23000005E61000000000000","...e............b...<8.........9","unknown binary","world/map metadata candidate","structured or opaque binary data candidate","2.3654","0.1607","0","0","0","table/map/resource data","medium","yes","strings/TILE4.WLD.strings.txt","hex_samples/TILE4.WLD.hex.txt",""
"117","Original/TILE4B.GRD","Original","TILE4B.GRD",".GRD","4089","1989-09-23T19:12:20Z","2026-06-24T11:48:41Z","Archive","1","no","eaa2c29f","43c0a0228626034c08b4d7e3cafba5bd","b8fb13ceecd0aad92bc1110abd6e934a7586dcfd","645ec69ddd6b1d9b075a97c1bbd20be36c5a9b2370c0e7f6b5f9055b9c743c25","0000000000000000000000000000000000000000000000000000000000000000","0000000000000000000000000000000000000000000000000000000000000000","................................","unknown binary","grid/tile data candidate","structured or opaque binary data candidate","0.527","0.0259","15","4","9","table/map/resource data","medium","yes","strings/TILE4B.GRD.strings.txt","hex_samples/TILE4B.GRD.hex.txt",""
"118","Original/TILE4B.WLD","Original","TILE4B.WLD",".WLD","14","1989-09-23T12:38:10Z","2026-06-24T11:48:41Z","Archive","1","no","5861fe2b","4ef8a5a9dfc8bf801fd00f766f8c679a","08f10e40000b6eeb714864c8e74f2b416022ab25","708f1de9c277e4d7e9bc74fb8f14c568274f4ebb72fe7ecfbf6f95a0517048d2","0800D63900000029000000000000","0800D63900000029000000000000","...9...)......","unknown binary","world/map metadata candidate","structured or opaque binary data candidate","1.4345","0.1429","0","0","0","table/map/resource data","medium","yes","strings/TILE4B.WLD.strings.txt","hex_samples/TILE4B.WLD.hex.txt",""
"119","Original/TILE5.GRD","Original","TILE5.GRD",".GRD","4089","1989-09-18T18:55:42Z","2026-06-24T11:48:41Z","Archive","1","no","73d2f7c0","a647985ddd5f68b4c72893ae7ccf00b6","592b08d13873e050628bb62ab34a76b51dcbbdbe","451f92effd235c23636027c64dc6f7856ffae6ed9bca055aa880a1d3f9a0fced","0000000000000000000000000000000000000000000000000000000000000000","0000000000000000000000000000000000000000000000000000000000000000","................................","unknown binary","grid/tile data candidate","structured or opaque binary data candidate","0.5291","0.0252","15","4","8","table/map/resource data","medium","yes","strings/TILE5.GRD.strings.txt","hex_samples/TILE5.GRD.hex.txt",""
"120","Original/TILE5.WLD","Original","TILE5.WLD",".WLD","42","1989-09-18T15:05:44Z","2026-06-24T11:48:41Z","Archive","1","no","42571b83","7a0722769beaeb7c16cef148610049fb","440efeedec66caef0121147e2637745ca62f3bbc","389117dbfb03b0381c275add9912bbd14eb5a0d90c421fdd0170b22f1cd49076","1A00F24D0000B63600000000000002004A4A0000B81600000000000003007A7D","0000000002004A4A0000B81600000000000003007A7D0000E642000000000000","...M...6........JJ............z}","unknown binary","world/map metadata candidate","structured or opaque binary data candidate","2.288","0.1667","0","0","0","table/map/resource data","medium","yes","strings/TILE5.WLD.strings.txt","hex_samples/TILE5.WLD.hex.txt",""
"121","Original/TILE5B.GRD","Original","TILE5B.GRD",".GRD","4089","1989-09-23T19:12:22Z","2026-06-24T11:48:41Z","Archive","1","no","ff5f462f","848807bba3a8b33599aac1fb7620d68e","0deb54d3594d582dac6b4896c7f72582090b7f5e","624380b496938ec4ddb21a79c64289d3b5832369ee3df0f5d528f09a165011cf","0000000000000000000000000000000000000000000000000000000000000000","0000000000000000000000000000000000000000000000000000000000000000","................................","unknown binary","grid/tile data candidate","structured or opaque binary data candidate","0.2535","0.0142","8","4","7","table/map/resource data","medium","yes","strings/TILE5B.GRD.strings.txt","hex_samples/TILE5B.GRD.hex.txt",""
"122","Original/TILE5B.WLD","Original","TILE5B.WLD",".WLD","14","1989-09-23T12:39:04Z","2026-06-24T11:48:41Z","Archive","1","no","df7bc776","3f4ec2dee910c7e03420c943d9cd14e3","7d32a843c273eab77a00fbbf6928af11709822e7","5900c0d32f7ceeeb936409b245eb78d01831ab0f12888e0889962c310aaf160f","02004A4A0000B816000000000000","02004A4A0000B816000000000000","..JJ..........","unknown binary","world/map metadata candidate","structured or opaque binary data candidate","1.6267","0.1429","0","0","0","table/map/resource data","medium","yes","strings/TILE5B.WLD.strings.txt","hex_samples/TILE5B.WLD.hex.txt",""
"123","Original/TILE6.GRD","Original","TILE6.GRD",".GRD","4089","1989-09-18T18:55:48Z","2026-06-24T11:48:41Z","Archive","1","no","c0304f24","6398c1abf0284b01b20f7f8387fb2a25","a6db506c7dcaf158d23a943f03041eff430cabea","620158be90b798674a2b66501c896e281c31a115cadb3f77261e4c4e8af7f91e","0000000000000000000000000000000000000000000000000000000000000000","0000000000000000000000000000000000000000000000000000000000000000","................................","unknown binary","grid/tile data candidate","structured or opaque binary data candidate","1.001","0.0499","15","5","25","table/map/resource data","medium","yes","strings/TILE6.GRD.strings.txt","hex_samples/TILE6.GRD.hex.txt",""
"124","Original/TILE6.WLD","Original","TILE6.WLD",".WLD","56","1989-09-18T15:05:44Z","2026-06-24T11:48:41Z","Archive","1","no","23c8cf9c","7f89fbb6447cd30c197845ce4c393103","0b00d3b11a011f2ffc4858ed8294d1773399ad78","b638dd2e93e6e4ff79f2977d2d7f506f47adf01c0ca01c7fb2b2dd7ac22b6373","160056740000182F0000000000001A0086320000904D0000000000001A00AA3B","000000001A00AA3B0000561E00000000000003003E200000182F000000000000","..Vt.../.........2...M.........;","unknown binary","world/map metadata candidate","structured or opaque binary data candidate","2.341","0.1786","0","0","0","table/map/resource data","medium","yes","strings/TILE6.WLD.strings.txt","hex_samples/TILE6.WLD.hex.txt",""
"125","Original/TILE6B.GRD","Original","TILE6B.GRD",".GRD","4089","1989-09-23T19:12:26Z","2026-06-24T11:48:41Z","Archive","1","no","b749a980","ded64f4d0e9f2ead0ef4a77b96b02043","9233675d428222ff491323edf2e6fef896ee0982","75a5e3ac665987121c8cf9e1d3b1760a92851b4497850da7d8b26f836de13ea3","0000000000000000000000000000000000000000000000000000000000000000","0000000000000000000000000000000000000000000000000000000000000000","................................","unknown binary","grid/tile data candidate","structured or opaque binary data candidate","0.772","0.0384","9","7","25","table/map/resource data","medium","yes","strings/TILE6B.GRD.strings.txt","hex_samples/TILE6B.GRD.hex.txt",""
"126","Original/TILE6B.WLD","Original","TILE6B.WLD",".WLD","14","1989-09-23T12:40:44Z","2026-06-24T11:48:41Z","Archive","1","no","44ddb36b","570ac8333f28743e8247607d1790a125","a3c23ca2bbf03461cbf9c3febb1d8281d143c674","28a26a34bdf0ca9b2421ab397864c0c97fdeaff07a274f8e014b1306c5032670","160056740000182F000000000000","160056740000182F000000000000","..Vt.../......","unknown binary","world/map metadata candidate","structured or opaque binary data candidate","1.7695","0.2143","0","0","0","table/map/resource data","medium","yes","strings/TILE6B.WLD.strings.txt","hex_samples/TILE6B.WLD.hex.txt",""
"127","Original/TILE7.GRD","Original","TILE7.GRD",".GRD","4089","1989-09-18T18:55:54Z","2026-06-24T11:48:41Z","Archive","1","no","d7365541","4bf7dc2584972b100a907ec4be064cba","0e5594f951b6f1c79393ac094385588a5feaba56","7fac3f460f57b0570598a32d1637488654ac2561850a08eb724a7a9f2d9e09cc","0000000000000000000000000000000000000000000000000000000000000000","0000000000000000000000000000000000000000000000000000000000000000","................................","unknown binary","grid/tile data candidate","structured or opaque binary data candidate","1.0974","0.058","21","4","27","table/map/resource data","medium","yes","strings/TILE7.GRD.strings.txt","hex_samples/TILE7.GRD.hex.txt",""
"128","Original/TILE7.WLD","Original","TILE7.WLD",".WLD","56","1989-09-18T15:05:44Z","2026-06-24T11:48:41Z","Archive","1","no","eb7cda89","0e4a3a432e1078d012ec5181a5a34199","49de7b919c5c7062b12599568bb3483d5f88e136","d29d85448a5bae860bb09edb0cb2d8fdcd128b388ddde03c05f9e4e2b87bdb61","03002EAB0000D85F0000000000001B004E7F0000561E0000000000000400AE70","000000000400AE700000B6360000000000001600362B0000182F000000000000","......._........N...V..........p","unknown binary","world/map metadata candidate","structured or opaque binary data candidate","2.4481","0.1607","0","0","0","table/map/resource data","medium","yes","strings/TILE7.WLD.strings.txt","hex_samples/TILE7.WLD.hex.txt",""
"129","Original/TILE7B.GRD","Original","TILE7B.GRD",".GRD","4089","1989-09-23T19:12:30Z","2026-06-24T11:48:41Z","Archive","1","no","6f07cf7e","8d78f77c697fde8871551eed092d829f","603d6353128c144c598af2bad04d66bf54c91c1a","372ebe554dd019898f23aa07707610442991aa08774365a252f662c88dcd14ad","0000000000000000000000000000000000000000000000000000000000000000","0000000000000000000000000000000000000000000000000000000000000000","................................","unknown binary","grid/tile data candidate","structured or opaque binary data candidate","0.9982","0.0528","17","4","27","table/map/resource data","medium","yes","strings/TILE7B.GRD.strings.txt","hex_samples/TILE7B.GRD.hex.txt",""
"130","Original/TILE7B.WLD","Original","TILE7B.WLD",".WLD","28","1989-09-23T12:41:08Z","2026-06-24T11:48:41Z","Archive","1","no","02438714","f9ad5fe01ced1b8c653af9d1566874f2","25741c5ccae74ea65951b07278f09411df41533a","a40f380aa2ff19fdb0f9f443b2834cc33cb2d3eadc3a29af41ae554a9c4ee96d","0400AE700000B6360000000000001600362B0000182F000000000000","0400AE700000B6360000000000001600362B0000182F000000000000","...p...6........6+.../......","unknown binary","world/map metadata candidate","structured or opaque binary data candidate","2.0553","0.1786","0","0","0","table/map/resource data","medium","yes","strings/TILE7B.WLD.strings.txt","hex_samples/TILE7B.WLD.hex.txt",""
"131","Original/TILE8.GRD","Original","TILE8.GRD",".GRD","4089","1989-09-18T18:56:00Z","2026-06-24T11:48:41Z","Archive","1","no","59d64735","5dec01891e781d096c8787bcd1f8f6bd","bd1e2ec0f056c8e6876814b71a7c2dc8ea86ab8d","2869bc06bfb4f78a46d00fe15e60fea074cf432532ef11e0f1a3928a85c03281","0000000000000000000000000000000000000000000000000000000000000000","0000000000000000000000000000000000000000000000000000000000000000","................................","unknown binary","grid/tile data candidate","structured or opaque binary data candidate","0.556","0.0232","13","4","9","table/map/resource data","medium","yes","strings/TILE8.GRD.strings.txt","hex_samples/TILE8.GRD.hex.txt",""
"132","Original/TILE8.WLD","Original","TILE8.WLD",".WLD","56","1989-09-18T15:05:44Z","2026-06-24T11:48:41Z","Archive","1","no","0be8d244","f0ae63e50a54cc2eec77b084f679a1d1","31f3f18d495d09adbd8d3478592c8cde9206b3e2","1d0a1af9a015a8bd712fde3fc314d5fea996d79f2d697769629ff0e411da6d1b","1A0077D3FFFF68C1FFFF000000001A006F69FFFF7EE7FFFF0000000003007B93","0000000003007B93FFFF74C4FFFF00000000030087BDFFFFF8E5FFFF00000000","..w...h.........oi..~.........{.","unknown binary","world/map metadata candidate","structured or opaque binary data candidate","3.0495","0.125","0","0","0","table/map/resource data","medium","yes","strings/TILE8.WLD.strings.txt","hex_samples/TILE8.WLD.hex.txt",""
"133","Original/TILE8B.GRD","Original","TILE8B.GRD",".GRD","4089","1989-09-23T19:12:32Z","2026-06-24T11:48:41Z","Archive","1","no","a93656e5","2cfef4bf6c087d80fd70f6750a1aa9ce","3f5cde089a3eafa0b1317fd2f240c96ca8463cac","784f161072cdedec84b301c5973b0f4958d9e3fb20a5b8942b88819d513f8e1f","0000000000000000000000000000000000000000000000000000000000000000","0000000000000000000000000000000000000000000000000000000000000000","................................","unknown binary","grid/tile data candidate","structured or opaque binary data candidate","0.2958","0.0115","7","4","8","table/map/resource data","medium","yes","strings/TILE8B.GRD.strings.txt","hex_samples/TILE8B.GRD.hex.txt",""
"134","Original/TILE8B.WLD","Original","TILE8B.WLD",".WLD","28","1989-09-23T12:41:36Z","2026-06-24T11:48:41Z","Archive","1","no","c513cdc8","ccb099482389c908d12babec07ed3734","99bfbf4c334eb8235386cd6f43d9d1bb99497c47","cb4dadce7de81a66748335fa2691f57a447cd75bb250685d15430e7ce40e4f7f","1A006F69FFFF7EE7FFFF00000000030087BDFFFFF8E5FFFF00000000","1A006F69FFFF7EE7FFFF00000000030087BDFFFFF8E5FFFF00000000","..oi..~.....................","unknown binary","world/map metadata candidate","structured or opaque binary data candidate","2.7638","0.1071","0","0","0","table/map/resource data","medium","yes","strings/TILE8B.WLD.strings.txt","hex_samples/TILE8B.WLD.hex.txt",""
"135","Original/TILE9.GRD","Original","TILE9.GRD",".GRD","4089","1989-09-18T18:56:06Z","2026-06-24T11:48:41Z","Archive","1","no","082649b1","c6c0dd5727c714c58aac56bdb443ba20","2759e2ca790984afe53c24c19cf60a023eb105aa","29d0843749a72625fc4edb0ac8594e5aab7dab25ae79fbf864d4225a7a6cec8e","0000000000000000000000000000000000000000000000000000000000000000","0000000000000000000000000000000000000000000000000000000000000000","................................","unknown binary","grid/tile data candidate","structured or opaque binary data candidate","0.6122","0.0284","17","4","11","table/map/resource data","medium","yes","strings/TILE9.GRD.strings.txt","hex_samples/TILE9.GRD.hex.txt",""
"136","Original/TILE9.WLD","Original","TILE9.WLD",".WLD","56","1989-09-18T15:05:46Z","2026-06-24T11:48:41Z","Archive","1","no","33dfd3a7","5d18f374cbd604a64c8d1a44ca548586","4725ae55d381e944946f2f12664962887b87b0e0","4ca3557ab7665ccaf5104391835fce7d5cebc5bf567e74f8181c2ac82237be18","1D009BDCFFFF20AFFFFF000000001C00DB84FFFF08A9FFFF000000000B00578A","000000000B00578AFFFF36D5FFFF000000000A009BDCFFFFE0DFFFFF00000000","...... .......................W.","unknown binary","world/map metadata candidate","structured or opaque binary data candidate","3.0495","0.0714","0","0","0","table/map/resource data","medium","yes","strings/TILE9.WLD.strings.txt","hex_samples/TILE9.WLD.hex.txt",""
"137","Original/TILE9B.GRD","Original","TILE9B.GRD",".GRD","4089","1989-09-23T19:12:36Z","2026-06-24T11:48:41Z","Archive","1","no","8cef79ae","d4c0a7a972536718f0b8363651a4b35a","b75b97c6e70ac1c102e5de90783a10f28acd5ea8","8bcaaa4f8e625b474cb6e2a2ab926975e532f3ec45e091fd9a72820220304666","0000000000000000000000000000000000000000000000000000000000000000","0000000000000000000000000000000000000000000000000000000000000000","................................","unknown binary","grid/tile data candidate","structured or opaque binary data candidate","0.3786","0.0166","12","4","7","table/map/resource data","medium","yes","strings/TILE9B.GRD.strings.txt","hex_samples/TILE9B.GRD.hex.txt",""
"138","Original/TILE9B.WLD","Original","TILE9B.WLD",".WLD","28","1989-09-23T12:41:58Z","2026-06-24T11:48:41Z","Archive","1","no","5e6fbed4","1477fcb428c2a49da69362359826003a","ac96052acea5515c9f2facdba77026970c5254ad","c7442afb19a43e47b3823b0bdbad14888e3dbfc54d3260bd719079449f4c4cac","1C00DB84FFFF08A9FFFF000000000B00578AFFFF36D5FFFF00000000","1C00DB84FFFF08A9FFFF000000000B00578AFFFF36D5FFFF00000000","................W...6.......","unknown binary","world/map metadata candidate","structured or opaque binary data candidate","2.7638","0.0714","0","0","0","table/map/resource data","medium","yes","strings/TILE9B.WLD.strings.txt","hex_samples/TILE9B.WLD.hex.txt",""
"139","Original/TROPIC.PAL","Original","TROPIC.PAL",".PAL","314","1989-09-07T23:53:10Z","2026-06-24T11:48:42Z","Archive","1","no","bbfda02f","4beb7c74bafbfff5ac9669fb2886435b","8a1a5ffbbcd7aff609864fdabe3bdb353b20db0e","4a8733ba0138b570e9c2067521219fa842858d848c65ad8948efea5732d97c7e","50414C3A320100804547413A8000000000001111222200004444333366667777","00005555AAAAFFFFAAAA5555AAAAFFFF00005555AAAA5555AAAA5555FFFFFFFF","PAL:2...EGA:........""""..DD33ffww","unknown binary","palette candidate","opaque binary or proprietary resource candidate","4.756","0.3981","13","4","12","graphics/font/palette resource","medium","no","strings/TROPIC.PAL.strings.txt","hex_samples/TROPIC.PAL.hex.txt",""
"140","Original/VICTORY.MUS","Original","VICTORY.MUS",".MUS","13076","1989-10-03T17:45:56Z","2026-06-24T11:48:42Z","Archive","1","no","8bd92acb","75057a67b6bd9fe56ff2a2546651d222","ebe3ded8444dc00438a3290c8e29d242da7adde9","c8812fc9f7492f5bcf9a00d9cb7eaf11ed5bfd48e25b1918b5f623888ee17502","4D546864000000060000000100604D54726B000032FE00FF58040402180800FF","00326B06992657078126000032000B89260012824800004400003F0000FF2F00","MThd.........`MTrk..2...X.......","unknown binary","music candidate","opaque binary or proprietary resource candidate","5.2369","0.4004","5","4","5","audio/music resource","medium","no","strings/VICTORY.MUS.strings.txt","hex_samples/VICTORY.MUS.hex.txt",""
"141","Original/WAR.BMP","Original","WAR.BMP",".BMP","3684","1989-08-03T14:56:46Z","2026-06-24T11:48:42Z","Archive","1","no","5263de8f","86e316a81fcf3942287796524077ec86","376df3cefbeb2cf87c6ce3a9276e97e0c5348556","4a125cdc9fdd89258d8400ab9fbaf686c5f76ab747f5b5bc1a7ca906fbc0b9be","424D503A5C0E0080494E463A0600000001009800C10042494E3A460E0000024C","1D36B508D1520DBBB4E0797E5E4B14496814AA38A4F651B6909190CE01211601","BMP:\...INF:..........BIN:F....L","Windows BMP signature","bitmap/graphics candidate by extension","opaque binary or proprietary resource candidate","7.9189","0.3939","54","4","7","graphics/font/palette resource","medium","no","strings/WAR.BMP.strings.txt","hex_samples/WAR.BMP.hex.txt",""
